 -0.663346052     -0.639562786    
   1.04405785       1.27705193    
  0.763997734       1.18724394    
  0.141753867     -0.543583155    
  -1.87044704      -2.31079483    
  0.739199638     -0.871229231    
   3.61228958E-02   1.96862411    
  -1.06822085     -0.890840352    
 -0.248146221      0.103855141    
 -0.275173843     -0.418688834    
  0.439336240      0.815429628    
 -0.843023360      -1.06031060    
 -0.549273431     -0.278990686    
  0.129798695      -1.70596564    
  0.544161975     -0.806207299    
 -0.461581498      0.501338661    
  0.507210851      0.358786553    
  -1.09279776     -0.838304579    
  -1.13414848      0.230583057    
  0.309161603      -1.19964504    
  -2.05219507       9.71004218E-02
  0.708774924       1.75120771    
   6.11313805E-02  0.446490467    
  -1.01554692     -0.583389163    
 -0.227506131      -1.15422487    
   1.52989268     -0.273248941    
  -1.79454219     -0.274264932    
  -1.22546196       1.06875658    
  -1.38698936      -1.06912303    
 -0.755674779      0.848088086    
  0.396427482      0.521453559    
   2.69201249E-02  -1.39468443    
  0.581000149      -2.24721694    
  0.108232841     -0.652062476    
  -9.61341262E-02 -0.517118871    
  -1.82634199      0.556736171    
  0.452503085     -0.855653226    
   1.78998458      -1.22328174    
  0.448755205     -0.630823493    
  0.301591843      -1.58442795    
 -0.890682518     -0.630525053    
  0.772181690       1.77276289    
 -0.390571713       1.34131634    
 -0.117052779       1.02992773    
 -0.368857175     -0.123792097    
  0.625413299     -0.665763319    
 -0.784536242       1.78304601    
  -2.34483647      0.196988180    
  -1.71492565       1.16228533    
 -0.181774452      0.251537353    
  0.195697278     -0.622147560    
  -1.89702284     -0.743216097    
  0.910913348      0.273819476    
  0.878084004      -1.98966408    
  0.893689811     -0.172333866    
  0.504220188      0.911049664    
 -0.756338239      -1.39631653    
  -1.96544182      -1.18264174    
   1.83263040      0.994182289    
  -1.20222449     -0.585814178    
  -1.45125353       7.96921775E-02
 -0.612893224      -1.15451086    
 -0.882772505     -0.511433125    
  0.246113703     -0.378273249    
  0.925444365     -0.433398396    
  0.461106986      -1.39159179    
  -1.04170895     -0.494587779    
   1.60463573E-03 -0.874217391    
   1.39574301       1.25205493    
 -0.109899811      -1.07550013    
 -0.191950291     -0.441244125    
   1.01210201      -4.43124492E-03
  0.194040462      -1.11069703    
   1.60349905       1.69427395    
   1.14552855       1.20639491    
   1.02519488      -2.41349792    
  -2.76955247     -0.855317354    
  0.651550233       1.15011883    
 -0.261750937       2.14781976    
  0.411908776      0.559078038    
 -0.681813002      -1.19595146    
  -4.78061214E-02 -0.953257918    
  0.170387000       2.24381423    
   1.19312739     -0.748488605    
  -1.63138890       1.27661622    
  -1.53416598      0.691227019    
 -0.562418878       6.96069077E-02
  0.812991798     -0.537216783    
 -0.996279120     -0.747395992    
  -2.05165768     -0.253699213    
   1.11620677     -0.238318577    
  0.594723761      -1.34117445E-02
  -2.24094033      -3.46947610E-02
  -1.02915633      0.169427946    
 -0.132967293       2.77865566E-02
  0.280436814       1.26132953    
 -0.453650117     -0.253536344    
 -0.166411832     -0.318662077    
  0.715962648      0.489821911    
 -0.640536845       1.78779626    
  -1.23725688      -8.18462968E-02
 -0.156778872      0.309824497    
   1.63777030     -0.565735698    
  -2.10585818E-03 -0.218083322    
  -1.26950920      -1.98091877    
   1.56599247     -0.796352506    
  -4.30157296E-02  0.950959384    
  0.942648888      0.257863790    
   1.55121183      -1.63836241    
 -0.489157170      0.178101376    
   1.31634665      -1.66263771    
   4.99453545E-02  -1.04372907    
  0.263253629      0.434182793    
 -0.299234927       1.63567781    
  -1.29743659     -0.948227763    
  -7.48178810E-02  -2.02787053E-02
  0.181445122      0.114587702    
  -1.25184214      0.926441967    
 -0.128737628      0.922682583    
   1.87677816E-02   1.54087329    
  0.479628652      0.262762159    
  0.252662480      0.773785174    
  -2.52681661     -0.684627831    
  0.319778889       1.63412726    
 -0.288200170       1.43772614    
  0.786744714      -1.61907208    
   1.29078877      -1.55645525    
   1.33354068     -0.316028684    
   1.38394010      0.816264153    
 -0.809345067       1.06203628    
  0.618304491      -1.71835303    
  0.498180211     -0.637228787    
  -2.32253361     -0.732287169    
   1.76789474      -1.15813601    
 -0.981749475      0.579778910    
  0.229982525     -0.766387463    
  0.316861063     -0.400971383    
  -1.34170926       1.04721653    
  0.524200022      0.906715810    
 -0.873804986      -1.37769759    
 -0.376616091       3.10917143E-02
  0.189389512      0.778375149    
   8.01048949E-02 -0.193050340    
  0.639896333      0.839061797    
  -1.26791692       1.19018149    
 -0.740570366     -0.878872573    
  0.557223678     -0.471997261    
  -2.77218241E-02  -2.56327167E-02
   8.42751265E-02 -0.202587202    
  -1.73848963     -0.246845603    
 -0.284069240     -0.426206261    
   1.35765016      0.364962190    
 -0.685101092     -0.821229875    
 -0.991319656     -0.960947931    
  -1.98030138     -0.569295287    
  0.602011681       3.30613814E-02
   1.26112378     -0.468598604    
 -0.343768805      0.498320431    
  -1.71487965E-02 -0.584161043    
   1.11227143      0.347101748    
  0.280358791      0.392388940    
 -0.928308606     -0.492293656    
  0.988132179       1.50952351    
  0.535148025      -1.78109276    
  0.219708681      0.406110197    
  0.380361408       1.12666047    
 -0.407427549     -0.961566567    
  0.100022867     -0.659357846    
  -1.44163561      -8.50700438E-02
  0.621053457      0.612723947    
 -0.298377842       1.86171544    
  0.922790170     -0.117502756    
 -0.938212037     -0.395760179    
   1.03741872      -1.33668840    
 -0.813854218      0.270277768    
 -0.463148773      -1.15732706    
   1.66186929     -0.940016270    
 -0.933476210      0.925626576    
   7.36306459E-02  -2.33958530    
  0.572570980     -0.574262679    
   1.36557364     -0.236813575    
  0.112072453       2.15171385    
  -1.30724001      0.219857782    
  0.859571517       1.24628615    
 -0.329197764       2.20706701    
 -0.941609740      0.963030875    
 -0.384048134      -1.42749417    
 -0.989477336       1.94394159    
 -0.225849658      0.799599409    
  -1.33430779      0.879734397    
   1.82429492      -1.34989619    
   1.57136619      0.692132115    
  -1.78903270      0.343072921    
  -1.66789222     -0.626786470    
   1.48951757      0.474801987    
  0.613366365       1.72615610E-02
  -1.39365351      0.575383067    
  0.965862870      0.662664294    
 -0.985737205       1.92992604    
  0.250147671       1.52089596    
  0.796166182      0.890169799    
  -6.17509112E-02  0.221970260    
 -0.743049264      0.670832813    
   1.36227381      0.320316643    
  0.611726165     -0.761355877    
   1.88225043       1.85685706    
 -0.451998919      -1.15913785    
   2.48370743     -0.861416817    
  0.893150151     -0.223022997    
   1.03941989      0.441239983    
 -0.765490294      0.553829074    
  -5.54146059E-02  -3.57715599E-02
 -0.576542616     -0.770351648    
   1.40505743      0.141986728    
  0.725624204       1.88230169    
  0.876280427      0.408733785    
  0.544122458      0.621577084    
  0.891012013       1.77234221    
  0.282985032      -1.33323622    
   1.86548376     -0.397185028    
  -1.03186452     -0.128401130    
   6.65004179E-02   1.18167341    
  -1.93518388      -1.93709958    
 -0.291063696     -0.762319684    
   1.13643801      -9.75035280E-02
 -0.643718779     -0.221809760    
   1.33468020     -0.774194181    
  0.427154928      0.444213986    
 -0.654668391      -1.77181423    
 -0.905916691       1.49633241    
 -0.890807986     -0.637238264    
  -1.22241533     -0.480745196    
  0.464787990     -0.622170568    
 -0.900963366      -1.63959754    
  -3.38836871E-02 -0.979555666    
 -0.616095483      0.436898917    
  0.820124328      -1.99954653    
 -0.882383406      0.776029229    
 -0.248035371       1.57381785    
 -0.881173134     -0.504555523    
  0.632508039     -0.516245425    
   1.07390428     -0.242012516    
 -0.642715871       1.63880122    
   1.15507782      -7.45205581E-02
 -0.540944397      -1.91619849    
 -0.485416502     -0.413778871    
   5.55039756E-02   1.88121879    
  -1.05216539      -1.33172822    
  0.967747509       1.01593590    
 -0.175207227      -9.01442692E-02
 -0.767680883      0.133968100    
  -1.18916333       1.80114061E-02
 -0.314263463      0.339619011    
  0.747338414     -0.455743581    
   1.24431217      0.835352957    
  0.766012609      0.403819352    
  0.508673310     -0.150556758    
 -0.972800434       1.07829177    
  0.449458420     -0.505027175    
 -0.854616463      0.705931664    
   3.32998824      -1.12532163    
  -1.12675270E-02   4.93426993E-02
  0.565538764     -0.256227314    
 -0.700078905      0.134547934    
  0.597984970     -0.608080745    
  0.859062970      0.610815048    
   1.50321484      -9.74890068E-02
  0.827207685       1.44144535    
 -0.484741718      -5.95923923E-02
 -0.546876550       1.32697535    
 -0.369035006      -2.15813041    
  0.490906805     -0.245608881    
  -1.44391429      0.179587513    
   1.07910168       1.41880751    
  -1.98235393      0.850605309    
  0.244188309     -0.655993283    
  -2.94966984       1.58641100    
  0.586758435     -0.135504276    
 -0.238803178      0.222326711    
 -0.579833448     -0.336306691    
 -0.249999285      0.809758544    
   1.23544689E-03  -1.55159581    
  0.164365232      0.238333270    
  0.168086216       1.61989641    
   1.39490592      -1.23395932    
 -0.629565179      0.673605859    
 -0.361277550      0.584598362    
 -0.837516308     -0.825618446    
 -0.438012838      0.147023484    
  0.740315139     -0.886538327    
  0.754582763      0.707224548    
 -0.442586511      0.424684942    
 -0.794561267      -1.15366852    
  -1.20127010      0.702105939    
 -0.652406156       3.12880945    
 -0.310898870       1.66048670    
   9.77620855E-02 -0.435764819    
   9.05968547E-02  -2.35787082    
   1.85833144       1.09999228    
  0.223874524       5.45138232E-02
   1.08382821      0.874488592    
  0.454515010     -0.426281989    
   1.80363214       1.33597779    
  0.449081361      0.396199763    
 -0.137540966      -1.16088974    
  0.263488203      0.905207872    
  0.300665140     -0.341074049    
 -0.191576749      0.778325498    
  0.124418221       1.60366988    
 -0.410939902      -9.91334245E-02
  0.222470865       1.69546604    
   1.61219716       1.04655218    
 -0.524384081       1.69586015    
  0.725532234      0.852277756    
 -0.342670709      -1.86058152E-02
 -0.552600920      0.407200783    
   1.98980474       8.00476894E-02
 -0.152797058      0.176850617    
 -0.276822209       1.18424273    
   1.77533403E-02  0.282662988    
  -1.60452008      0.509275794    
  0.458229095     -0.859306931    
  -1.27308547       2.23054409    
  0.706930339      -1.46043158    
 -0.554289699     -0.365752548    
  0.159769252       1.04534090    
  0.862918496       1.19666696    
 -0.274421364      0.115413919    
  0.479436874      0.137857124    
  0.448648632       4.77304962E-03
 -0.351579756      -2.57160401    
  0.995961607      -1.47498436E-02
  0.602243960      -2.36824489    
 -0.669592142       5.15017249E-02
   1.41816318      0.155748963    
  0.581395984     -0.612464428    
  0.533810675      0.913708448    
 -0.852181971     -0.439649850    
  0.782456279      0.872238278    
  0.710170746      -1.55575538    
 -0.178210571      0.404732317    
  -1.70492542      0.537493050    
   2.26037717      0.396681577    
   1.96482992       1.28253949    
  -4.17631380E-02  0.789059699    
   6.04295172E-02  0.104871452    
  -1.88447905     -0.822754323    
  0.482921034     -0.555453718    
 -0.509032965      -1.30982506    
 -0.922728240     -0.463497370    
 -0.255294859      0.620325506    
  0.385570675      -2.04432201    
  0.599828720      0.454686344    
  0.580488563      0.633057952    
  -1.84851229      0.636194825    
 -0.125208765      0.319204837    
 -0.605179548       3.48476321E-02
  0.564359725      -4.10447311    
 -0.786404908      0.613498986    
 -0.173014283      0.994495749    
  0.420778364     -0.514401376    
  0.327324063     -0.249588028    
  0.603251576       1.08587551    
 -0.424499333      -1.34119451    
  0.631786048     -0.689507782    
   1.09872842      -1.00448060    
  -6.13217913E-02 -0.907242656    
   2.60235167     -0.532861590    
   1.09927332      0.710259199    
  -7.20725432E-02  0.927047729    
  0.364038318     -0.587191761    
  -1.19687903     -0.291336387    
  -1.48951077      0.509283185    
   1.70523000       2.30622315    
 -0.623927712     -0.466503114    
  0.460920274     -0.621737897    
  0.303654462      -1.35616314    
 -0.223439604       1.41282117    
   2.41262674      0.564503372    
   1.03875721     -0.935957074    
  -1.21817434      0.303358972    
  0.785268247     -0.244471133    
 -0.475479990     -0.637581408    
  0.210621402     -0.994375408    
  -1.05270362     -0.146741942    
  0.530301332      -1.11974192    
   1.05507874     -0.906439126    
   1.67335188       1.78115547    
   1.03092420     -0.906760097    
 -0.855865836     -0.653054833    
   1.07493854       2.11476541    
  -1.57106742E-02  -6.35788590E-02
  0.938921690     -0.872035801    
  0.815279484       3.02995920    
 -0.201905802       1.96058607    
   1.12511790     -0.482447207    
  0.314297467      -1.16863608    
 -0.732827604      0.640092731    
   6.48936927E-02 -0.117252775    
  0.540269673       1.87233281    
  0.793457985     -0.745136857    
   6.49705902E-02   6.69719428E-02
  -1.37377560      0.789189637    
  -1.73887277      -1.19034505    
 -0.184816211      0.271706134    
   3.19661410E-03  -1.22407711    
  0.565665901      -1.36141396    
   1.15531051      -2.20321512    
 -0.574565232       1.33613038    
   1.30908990     -0.559400558    
 -0.214038253      -2.87011647    
  0.389133662       1.19329524    
  0.662711859       1.60567605    
   3.95370759E-02 -0.915790617    
  0.238798574      -1.20431614    
   1.26879537     -0.996174157    
 -0.732430041      0.276512414    
 -0.429556549      0.386271775    
  -1.01328397     -0.832449317    
 -0.581832469     -0.254104078    
 -0.125561982     -0.247630134    
  0.517538309      -1.09701872    
 -0.218889832      -1.61794531    
   1.01777935       1.08009493    
  0.446408719      -1.18566513    
  0.132095963       1.65367579    
   1.03004920       1.02657902    
  0.615144074      -3.04303579E-02
 -0.240534112     -0.580131054    
 -0.636085272       1.16826236    
 -0.430929363     -0.176778823    
 -0.609789193      0.667035878    
  -9.44041610E-02  0.289656073    
  0.726617098      -2.68395638    
  0.884345651      0.868012667    
 -0.388583899     -0.921892822    
 -0.309289992     -0.841723025    
  -1.29642296     -0.732724965    
  0.423824966      -9.87480432E-02
  0.230150208      -1.21524668    
   1.19499123     -0.270757824    
  -1.51470590       1.75230205    
  0.134875074     -0.465703309    
   1.11286736      0.435360491    
 -0.893193901       1.63226187    
 -0.949075162      0.462787479    
  -1.37622452      -8.83083642E-02
 -0.610106766       2.17411566    
  0.947634757     -0.629078388    
  -1.89992368      -1.55951297    
   1.32314181     -0.705864727    
  0.628869653      0.176081866    
   2.27188170E-02   1.30320656    
   2.66298391E-02 -0.263523728    
  -1.02833164      0.267405570    
  -1.31423080      0.148004457    
  0.732224226       3.75870876E-02
  -1.38305366       1.93951595    
  -1.03236055       4.43503819E-02
  0.331951231     -0.984130263    
  0.450216174      0.485770226    
  -1.49524832     -0.285574287    
 -0.832644224       1.45139313    
 -0.821624398      0.219120309    
  0.621863127      0.765437603    
  0.235201597      -1.31466997    
  0.183599144       2.06353664    
  -2.35441899      -1.02760553    
  0.303453922       1.07428145    
  -1.33052731      0.904693127    
  0.740593433      0.759977400    
  -9.48025361E-02 -0.208133981    
  0.169639230      -1.15834880    
   1.23542416      -1.59032893    
  -1.34903109       1.63758421    
   1.42177796      0.340553582    
   1.02890587      -6.76997155E-02
  0.940200090       1.96560848    
   1.38945782     -0.816568136    
  -5.53849004E-02 -0.558066070    
  -7.33928978E-02 -0.871223629    
  -7.46554211E-02 -0.405460268    
 -0.545539677      0.936409175    
  0.393023998      -2.22175270E-02
  0.236036703     -0.298565418    
  -1.71986961     -0.137992665    
   9.06139538E-02 -0.469899297    
  0.568621874      0.799008429    
 -0.245465502     -0.401222229    
 -0.833349168      0.866714478    
   1.65392697       2.22817510E-02
  -1.99882174       1.97481704    
  0.782812238      0.363059849    
  -1.61500227     -0.694033444    
  0.356489182      -1.77084827    
  0.588644028       1.78072798    
  0.869159758     -0.962396443    
  0.606696606      0.443321377    
 -0.298763067     -0.643408000    
   1.25471556      -1.94802988    
 -0.450163275     -0.541794002    
 -0.898246229      0.482896417    
   1.13767684     -0.861495316    
  -1.66375387      0.404075652    
  -1.10189521      0.671534479    
  0.515863657      0.568803430    
 -0.756569088      0.259947926    
  0.341973186     -0.711461246    
 -0.542378068      -9.65369400E-03
  -1.02940381      -1.84488976    
  0.686493754       1.33116174    
  -1.18239892      0.451483518    
  0.142348215       1.53200281    
   1.28671718      0.247785911    
  -2.24549675      -2.52430534    
 -0.836622894       1.72852290    
  0.229259446     -0.136685371    
 -0.352369934      0.408646643    
 -0.743358076     -0.127709940    
  0.156083152       1.53784871    
  0.676055253     -0.920504987    
 -0.216809243      0.274894595    
 -0.492120326     -0.945857584    
 -0.835547626     -0.145377770    
  0.488122135     -0.521355629    
  -1.60123646       1.46861720    
 -0.356759936       1.32890129    
  -1.55531478     -0.715847373    
  0.137443006     -0.507431090    
 -0.755004585      0.674527705    
   1.12444437       5.14349118E-02
  0.587506354       6.85124621E-02
   1.55299962      0.195271149    
 -0.123800345     -0.913550019    
   1.53998411      -1.07533348    
  -1.14258647     -0.887697339    
 -0.518778801      0.660927117    
  -1.33916807     -0.902402878    
 -0.538207650      0.252740502    
 -0.894996941       2.32111788    
 -0.502054214     -0.253774017    
  -6.59978315E-02  0.708509922    
  -1.09536946     -0.522693992    
  -2.26527858      0.352602065    
  0.366405278      -1.40418315    
   1.52718711      -1.13241184    
   2.20166230      -1.21632683    
   1.10666788      -2.23193765E-02
 -0.111076728       1.44737566    
  -1.53775132      0.696608961    
  0.866733849     -0.140985146    
  0.761976123      0.948121488    
  -1.14588439      0.202680573    
  0.179174259     -0.237094790    
  -1.73404598       2.33408157E-02
 -0.351897508      -1.83454788    
 -0.745438099      -1.76275468    
   1.37673354     -0.210965529    
  0.588173091      -2.08914900    
 -0.226787254     -0.547911644    
 -0.715267599      -1.06673956    
  -1.70741904      0.192151308    
   1.15952039     -0.558572173    
  0.671324909      0.349515408    
   1.74976838     -0.235252142    
  -6.84804767E-02 -0.140435264    
 -0.143622786     -0.403791904    
   1.91643262       2.24744715E-02
   1.10477173       1.21541655    
 -0.582185388     -0.176197425    
 -0.971439421      0.616659999    
  0.867416024      -1.51904547    
 -0.204233333      0.223531619    
  0.482067049      0.602569818    
  0.403889656      -1.99685252    
  0.533897340       1.92021167    
  0.736875892     -0.538286567    
  0.606170177     -0.997330070    
  0.467579454      -9.46893692E-02
   2.28409505     -0.912333965    
 -0.972892463      -1.09891593    
 -0.163683161      0.605258763    
 -0.408676803       7.93704465E-02
 -0.397129327     -0.825347781    
  0.157172531      0.227328941    
  -2.13847041       1.62508237    
  0.588340759     -0.448705852    
   1.17009413       2.11035037    
 -0.651418924      -2.20532680    
  0.256148428      -3.56272422E-02
 -0.541107714     -0.175250411    
   1.02137148       3.21216360E-02
 -0.388283670     -0.525014162    
 -0.273510635     -0.239072129    
   6.09644398E-04 -0.157174438    
  0.294428766       1.48580170    
 -0.861941993     -0.622457325    
  -1.43686593     -0.262070239    
 -0.191030592       7.98978955E-02
  0.782405078     -0.956430674    
  0.739043951     -0.982326031    
  0.728300273      0.649399221    
 -0.838601530      0.614319324    
   1.52580583       2.52653646    
  -1.59376311      -1.20467234    
  -1.31521356     -0.148131043    
  -2.60448586E-02  0.456106007    
   1.28208017     -0.557166934    
 -0.229879290      -1.44959974    
 -0.227845445      0.100600861    
  0.833817303      -2.19795275    
  0.266067892      -1.51740766    
 -0.412227422     -0.835667431    
 -0.885856092       8.85029808E-02
  0.772819221     -0.678818941    
  -1.44228160       1.07256222    
   7.14631900E-02   1.17935562    
 -0.365781426      0.836584926    
   1.13112330      0.167764008    
  -1.97325277      0.444959253    
   3.05824131E-02 -0.582687497    
   1.42824614       3.81744020E-02
   1.08587205      0.506067753    
 -0.747585237       2.52780342    
  0.319823444       1.32628834    
   2.50946259       1.02946484    
  0.921640337      -1.48495579    
  0.379480332      0.961447179    
 -0.638734162       1.71280801    
   1.46246564      -1.24509740    
  0.308289677      -1.18908358    
  -1.70700276      0.623511910    
 -0.217357293      0.299648464    
  0.370235860     -0.821339190    
   2.40951729      0.384018749    
  0.225037053       1.06254852    
 -0.564325035      -4.87091877E-02
  0.679100692      0.148233622    
  0.582140326     -0.688953519    
 -0.860389888     -0.201456740    
  -1.16387129     -0.128625259    
 -0.836825371       3.97027060E-02
 -0.133869618      -1.44920158    
 -0.647000134      0.479452848    
  0.436693728     -0.572175682    
 -0.362621784      -1.42074633    
 -0.187289342       2.07271719    
  0.677615583       1.46685052    
  0.390259206       1.16450051E-02
  0.351888150     -0.974980652    
 -0.458649784     -0.579925478    
   1.59529281       1.03309309    
  0.268093854      0.211060137    
 -0.572531760      -1.38867152    
   1.34432232      0.653589904    
  0.887086689      0.363130122    
 -0.648440421       1.84274530    
 -0.523714840     -0.721220434    
  0.815305650       1.46789920    
  0.804924786       1.60276532    
 -0.905130029     -0.441190451    
  0.791929901      -2.04977655    
 -0.993230343      -1.00070298    
  0.256161839     -0.672623992    
 -0.536892653       1.56187630    
 -0.825431526     -0.971960723    
  0.378746748       1.91987548E-02
 -0.430128366      0.237964064    
   1.29015648     -0.103651002    
  0.121296294      -1.19464529    
  0.343352407     -0.297078341    
 -0.575363517     -0.691915572    
   1.28081846      0.313992947    
  0.972503006      -1.02282870    
   1.45621312     -0.182615533    
  -1.01048374     -0.900241792    
 -0.109314412     -0.255935013    
   1.52442145     -0.147996917    
 -0.938180268       3.62839773E-02
  -1.92169857E-03  0.903197110    
  -4.71204408E-02 -0.627948642    
   1.23842573     -0.471260011    
 -0.894476473     -0.626814425    
   9.63226631E-02   7.31721222E-02
   1.40851426      0.502209306    
 -0.423846632      -1.22334945    
   2.41571188      0.115999304    
  0.664876759     -0.695871830    
   1.24781108      0.748087049    
 -0.563419044     -0.958716989    
  0.143633008       1.31982386    
 -0.806965590      -1.14344931    
 -0.497677028       6.20851032E-02
 -0.542371869     -0.606812119    
  0.706131339     -0.302146673    
  -3.65702868      0.658473372    
  -1.58066356     -0.397485465    
 -0.912998557      -1.14684049E-02
  -1.11632681     -0.262667805    
   2.54677272     -0.345231712    
 -0.158948317     -0.224523991    
 -0.245446533       4.57341261E-02
  -8.91131833E-02  0.553421795    
  0.665286958      0.615752697    
   1.91713667     -0.241587877    
 -0.114184380      0.663264155    
  0.874088407      0.685414314    
  0.926495075       5.27309021E-03
 -0.106331952       1.16683459    
  -1.60133743     -0.343705505    
 -0.870084882      -1.80380380    
  0.247189432      0.721373677    
   1.80095881E-02   8.64222739E-03
 -0.646084011      0.364545673    
   1.41107011       2.18106747    
 -0.409843713      -1.27633989    
 -0.272273690       1.83715630    
   1.09045517      0.786956906    
   1.21196985      0.124750584    
 -0.741344154       8.89831781E-02
 -0.971796274     -0.260119170    
  0.211278722       2.37536860    
  -1.13056564       6.33926094E-02
  0.828065515     -0.482841581    
 -0.273766577      0.381422222    
  -1.63224041      0.721532404    
 -0.101878159      -2.00561547    
  0.707885265      -1.35464168    
  0.594638586      0.690797150    
  0.428918600       1.51634276    
 -0.643397391       1.86473632    
  0.694583237     -0.566186547    
   1.86793518      0.532821059    
 -0.106454290       1.31265783    
 -0.535672545      0.368503839    
 -0.807583511       2.59776020    
   1.64811325      -8.90367255E-02
  0.595297217      -1.02041733    
  0.366321266      0.916960299    
  -7.70798251E-02  -1.48757172    
  0.191050246       1.80274725    
 -0.352293164     -0.452604890    
 -0.955851793     -0.533456683    
  0.534446001     -0.464148223    
  -1.73308802     -0.849996984    
  0.863550961      0.305212945    
  0.440383047      0.370325536    
  -7.99004436E-02   5.07336818E-02
  0.467165112      0.184045881    
   1.85405362      0.955464780    
  0.658758700     -0.779590964    
  -1.34043121       1.27139699    
   8.99633914E-02  -1.33709645    
   1.02137554      0.331165463    
   1.85953915      -3.53953755E-03
   1.27207828      -1.01433384    
  0.338983774     -0.424456149    
  0.641451001      0.453760952    
 -0.899047196      -1.10175395    
 -0.848694563      -1.10120928    
  -1.49079454     -0.208109125    
  0.182378709      0.518595397    
  -1.29896641      0.756001592    
 -0.601558089     -0.655848324    
 -0.119181722     -0.408859074    
  -1.65376627      0.137640625    
  0.439319998     -0.392714679    
  0.257535428       1.23799527    
  -2.06419706      0.529482484    
  0.478674591     -0.607371569    
   1.34795129      -8.17243159E-02
  -1.58356571      -1.02774525    
   1.12040973     -0.233458802    
  0.816724539     -0.279690206    
  0.853529990       1.81459284    
  0.307914197      0.342231125    
 -0.619149506      -1.59751844    
  0.348673642      0.852428675    
  0.115252659     -0.778923512    
  0.666296899      -1.96306729    
   1.19503224       1.49213743    
 -0.490769356       1.92679489    
 -0.538293302     -0.596151710    
 -0.263289779     -0.719935060    
   1.11803615       1.54162014    
  -1.71785212     -0.580094397    
  0.413350224      -1.42112020E-02
  0.707333207     -0.372973472    
  -1.84652543      0.674761355    
 -0.572898388     -0.236261040    
  0.105579250     -0.145778656    
  -1.06979728      0.803285658    
  0.572873950      0.856289923    
  0.121499076      -1.46996617    
  0.454412818      -3.16875651E-02
  0.448832363     -0.274169862    
   1.14684522     -0.227795094    
   9.06068236E-02  0.704325855    
   2.33877039      0.400253415    
  0.126884237     -0.803267181    
 -0.863425076     -0.818061054    
  -1.14100969      -1.03571452E-02
  0.315628678      0.931361854    
  0.476697981      -1.19789338    
  0.861958563     -0.194914356    
  -3.74320969E-02 -0.338551730    
 -0.584343791       2.82203364    
  0.589950383      0.831757605    
   1.33047068       1.66460156    
   1.35035479     -0.462277323    
 -0.218085334       1.45627284    
  -1.54428148      0.270525604    
  0.251275420      0.496900260    
  0.255886704     -0.593230426    
 -0.276948780      0.342076302    
  -1.36067164     -0.920885742    
 -0.589018941      -1.15540850    
   1.33168459     -0.474788040    
 -0.984860957       1.36498499    
   5.87243922E-02  0.627501190    
 -0.318651944      -1.39824009    
   9.45719928E-02  0.797701597    
  -1.57626259     -0.120966829    
  0.971120536      0.334590435    
 -0.777064800     -0.435992748    
  -1.31855977       3.24706025E-02
  -1.82681274      0.137883618    
 -0.911683142      0.209718183    
  -6.14076480E-02  -1.40409434    
  0.748285770     -0.440982610    
  0.360040694     -0.125733733    
  0.364319056      -1.20597887    
  0.898454249     -0.635542333    
  0.263491780      0.387584984    
  -1.48293555      -2.46431041    
  -1.05554116      -2.01931334    
  -1.26662302      0.496151030    
  -1.16590929      0.225345403    
  -1.42430484       2.54149246    
  0.627070904      -1.06059730    
   1.30518067       1.53913379    
  0.836995363      0.413908809    
 -0.569909096       1.26077473    
   1.84173679       1.76097786    
   1.04832196      -1.42439687    
 -0.289444774     -0.710412502    
   1.43599939      0.585206449    
 -0.924322724     -0.970048904    
 -0.248060331       1.01156235    
  -1.38722408       1.60724008    
 -0.739009857     -0.869274735    
 -0.151124880      0.930092216    
  0.526151061      0.883525908    
   1.53775227      0.703540742    
  0.489264011       2.32798028    
 -0.579739094      -1.34221709    
  -7.73494989E-02   7.38225803E-02
  0.387143165     -0.541489899    
   8.85189772E-02  0.512647510    
 -0.710545778     -0.159276947    
  0.176335335      -1.97482204    
  -2.40296740E-02  0.360697865    
  -1.51558793      0.168909058    
  0.665218055      0.239917174    
 -0.344909400       1.60117102    
   1.27791691       5.77764325E-02
 -0.291789442     -0.534279466    
  0.756192207      0.130915478    
  -1.85038137      0.122796066    
  0.295010448      0.561469793    
 -0.938421369       1.00453830    
   4.40577567E-02  0.281748325    
 -0.733322799      0.623963952    
  0.895687521     -0.619684339    
  -1.22145438       1.63813126    
 -0.949642181       1.28763044    
 -0.495134443       3.18890959E-02
  0.394301653      0.517553627    
   2.92261577       8.53490829E-02
   7.03266412E-02  0.178636104    
  -1.23808110     -0.792417645    
  -4.56009991E-02   7.22564980E-02
  0.756270528     -0.220796645    
   1.32628238       1.57367420    
 -0.121279329     -0.987025082    
  0.677710176      -1.24628437    
  -1.20123398     -0.483579278    
 -0.289681375      -1.18914032    
   1.41260568E-02 -0.766436994    
   5.01214676E-02  0.101590723    
  0.843572676     -0.331449419    
 -0.816433966      -1.12681615    
 -0.611594379      -1.56110799    
  -1.56850863      -1.22079980    
  0.369069457      -7.53321573E-02
   1.80061793      -2.18162990    
   1.16357601     -0.967837870    
  -1.12707961       1.93691945    
  0.185565680     -0.199366942    
   2.70148635     -0.921718955    
 -0.393080711     -0.202638388    
  -1.27354431      0.930679262    
  0.226805806      -8.45965669E-02
  0.238920391      -1.92592824    
  -1.11774814      -2.43417168    
 -0.238815948     -0.164760917    
  -1.21741140      0.163759753    
  0.217702150      0.414389342    
  0.688007712      0.621178508    
  -1.66979134      0.366316408    
  -1.53688395     -0.830592930    
   1.27917695      -2.18488097    
  0.954511106      -5.99632133E-03
   1.35711527     -0.427163213    
  0.755215526       1.30349326    
  -3.02073479      0.346044719    
   1.63986909       5.02996296E-02
   7.54152313E-02  0.402494103    
 -0.408881456      0.656462371    
   1.74343395     -0.842251956    
  -1.09177995       1.12886810    
 -0.308528960     -0.469417840    
 -0.339549214       1.16091084    
  0.338683814     -0.468046844    
  -5.92798404E-02   1.24721706    
 -0.234066278      0.518306792    
  0.750510395       2.02165771    
   1.10710156       1.06239796    
  0.801157236       9.86600965E-02
  -2.71859411E-02 -0.256335497    
 -0.480777353     -0.132031113    
  0.763772666       1.35382915    
  0.924547315      0.479485780    
  -1.03444207     -0.869134009    
   2.72350311      -2.36427593    
 -0.301328331      -1.19715905    
  0.162373900      0.229114980    
 -0.779840171     -0.141104162    
   2.16694379      -1.21600861E-02
  0.756091177     -0.237886667    
 -0.678496540      0.308914721    
 -0.167856827       7.65773505E-02
 -0.717295527      0.283878714    
 -0.119388759       1.24252725    
  0.661537468      0.608424425    
  0.525939465       1.37728584    
  0.835211337      0.655156016    
   4.98979911E-03  0.739730418    
 -0.561883628     -0.920681536    
   1.25320542      0.794760048    
  0.282809854      0.255232334    
  -1.80370665      0.379645526    
  -1.47088194      0.458627641    
  -1.18744230     -0.358488262    
  0.524728954       1.02539933    
  -1.26133811     -0.624967694    
  0.718146503      0.137927145    
  0.548187792      0.871014953    
 -0.899797380       2.49784327    
   1.18264043     -0.785450280    
  0.734400809     -0.458303541    
 -0.346303850      0.825762808    
  0.326921195      -1.26474333    
  -1.11550844     -0.908520877    
 -0.421340734      -1.61130774    
 -0.693242013     -0.315770984    
  -1.42226315      -1.00896275    
 -0.227910399      -3.93651091E-02
 -0.272025973     -0.676511705    
 -0.381191611      -8.59952718E-02
  0.943612814     -0.225658104    
 -0.575625539      -1.25028026    
  -1.79845858      0.735203803    
 -0.680688858      -2.23793077    
 -0.497985184      0.127278075    
   1.04220951      0.405322999    
 -0.324682355     -0.495135278    
  -1.91003275      0.854651928    
  0.497679532       1.49227440    
  0.681524336     -0.776904345    
   2.27819514     -0.554578125    
  -1.01415861     -0.545018375    
  0.293432325      -1.17633915    
 -0.429043680       1.04500806    
   8.49149227E-02   1.59282703E-02
  0.526306272      -1.86423624    
  -1.22954142       1.63451135    
  0.941409409      0.262664914    
  0.794576943     -0.759002447    
  -5.89935407E-02 -0.669619799    
  0.721599877      -1.15175271    
  -1.20901906       2.28701718E-02
   9.84181985E-02   1.09162056    
 -0.897385001       1.70119715    
 -0.718194187     -0.185232133    
 -0.486281306      -1.13594496    
  0.453656703     -0.900260210    
   1.42272949     -0.933051527    
   2.07905650      0.917001784    
  -1.03063142      0.213346273    
  -1.61270559       1.19023025    
  0.158036634      -1.21993661    
  0.851612031      -3.09424686    
 -0.485231459     -0.751045704    
   1.14239872       1.84452891    
   1.42325759      0.180080757    
 -0.349706769      0.110223986    
  -5.60084060E-02  0.896324754    
 -0.680231273      0.461979896    
  0.155896977     -0.332496703    
  0.213006392      0.526232004    
   8.08413401E-02  0.176543295    
   1.06172192      0.339141130    
  0.528946757     -0.790062547    
   6.19718619E-02  0.123351954    
   1.22339880      0.192444369    
 -0.545722902     -0.202736020    
  0.641600251      -8.62633139E-02
  0.931369066      -2.09673715    
  0.522613049      -1.74691534    
 -0.911877513      -1.30713117    
  0.412485003      0.374457479    
 -0.519208491      0.835047781    
  0.553550839      -1.74781430    
  0.120173290     -0.803005159    
   1.87536931     -0.911185384    
  -1.22975886     -0.557160199    
  0.938930690      0.172797531    
  0.794833243       1.54140234    
 -0.623934209      0.429623932    
  -1.01637876      0.532484591    
   1.49624395     -0.846452832    
  0.170934319     -0.903687179    
   1.28943145      0.240654022    
   2.26053875E-02   1.24643099    
  0.790878296       1.21537519    
 -0.739357114     -0.597867489    
 -0.733545423      0.371669650    
  -1.52873135      -1.08772600    
 -0.907859087      -1.09286118    
  0.109579697      0.479361176    
  0.262455255     -0.817205310    
   1.51695764     -0.502616704    
 -0.174457192      -1.64817071    
  -1.01288188      0.177462459    
   2.66956799E-02   1.30494964    
  -6.77822083E-02 -0.965871871    
  -1.88599670     -0.758089542    
  -1.17271137     -0.561939120    
 -0.847412229     -0.123364128    
  0.362028450     -0.359891921    
   1.38292527       1.10429275    
  0.451743186      -1.37336791    
  -8.01380873E-02 -0.806306064    
 -0.639047682      0.123770028    
  -1.31308925      0.130361870    
  -1.94882441     -0.473267645    
  0.482645690      0.739139915    
  -1.29518247     -0.794771194    
  -7.84734171E-03   1.59977603    
   1.65827572      0.886376619    
 -0.650317907      0.803870201    
 -0.689953685      0.157021210    
 -0.457359523       1.99777460    
   1.06444705     -0.988787830    
  0.607310772      -1.02984989    
  -1.68005586       1.59071279    
  0.785345852      0.416959405    
   1.66660142      -1.54745531    
  -1.19599807      -3.00435890E-02
  0.295376271     -0.832780123    
 -0.609177113      0.192852333    
 -0.785822570     -0.231224403    
  -1.00263906      0.926018417    
  -2.71384250E-02  0.770802975    
   1.10852981      0.456511497    
  -1.39349687     -0.229383424    
 -0.591509640      -8.59702379E-02
 -0.497918427     -0.608963847    
  0.298275441     -0.174866065    
 -0.258697897     -0.144825876    
  0.153653353      0.261949897    
 -0.183931887       1.55652440    
 -0.383178800     -0.776866436    
  0.988221884      0.151080787    
  0.838523090     -0.821798980    
  0.403553098      0.724981844    
  0.716335535      0.580128908    
 -0.148626298      -1.08541739    
 -0.801471114      0.818756282    
 -0.392242730      0.591875553    
 -0.804027200      -2.10236692    
   1.50647342     -0.580598116    
 -0.228283226     -0.707252443    
  -2.13610649     -0.860253215    
 -0.149377599      0.490453035    
  0.250447601     -0.660564184    
  -1.69499242      0.884018898    
  0.727892995      0.309504628    
   1.46330988      0.711810946    
   2.42628741      0.741829336    
 -0.910575867       1.34882414    
 -0.831206143       1.77613330    
   1.11446571       2.21661353    
   1.14622009      -2.18914461    
  -1.25930643      0.852773428    
  0.692014277       1.15732110    
  -1.13094068      0.579009771    
  0.565092087      -2.48945928    
 -0.360953242      0.262359172    
  0.659575462      -1.00620818    
 -0.301816791       1.41014493    
  0.311468601       1.06318212    
 -0.339569062     -0.196608141    
   8.78462195E-02  -1.18159938    
  -4.30438817E-02   5.74674830E-02
  -1.54830647      0.503775597    
  0.357030004      -1.87596977    
  0.215260640     -0.437184483    
   1.21423435      0.453865439    
  -1.02208412      0.796537578    
  0.441590607       1.27688980    
  -1.81114793       1.26457191    
  0.113169327      -1.04082191    
  0.280120879     -0.705894291    
 -0.240719497      -1.01778936    
  -1.06578612      -1.35279250    
  -1.67863703      -2.60481572    
 -0.134720340      0.200311199    
 -0.384315819      0.497322112    
  0.544454634       1.79802626E-03
 -0.973351896     -0.201402143    
  -1.24308181     -0.756367624    
  0.894820035      0.747849107    
   1.77957761      0.239675358    
 -0.145762101     -0.326381654    
  0.553070486      -1.35031283    
   1.03740323      -6.78276047E-02
 -0.434975058       2.39998341    
 -0.718357921      -1.11647570    
  -1.31943405     -0.625982463    
 -0.199043915      0.103610024    
  0.903136015       1.03498566    
 -0.290543884      0.481561542    
  0.192000479      0.436422855    
  0.831090033     -0.836533904    
 -0.149949014      0.417764425    
   6.55000880E-02  0.871882319    
  -2.45818186       1.24224007    
  0.448752344     -0.129762471    
   1.06448460     -0.671032190    
 -0.782106936     -0.109076083    
  0.746063888     -0.838359416    
  -1.39858067      -2.51400614    
 -0.790150106     -0.596137941    
  0.209369570     -0.981047869    
   2.12676432E-02 -0.552287459    
   2.21249843      0.141341716    
   1.20452535      -2.00246334    
  -1.61074305      0.487126321    
  0.974174082       2.99891327E-02
 -0.887725174      0.724275410    
  -1.77303481     -0.810912251    
   1.93342602      0.348020703    
 -0.710666478      0.275860220    
   2.12192774       1.71252370    
  -1.42670667      0.323274523    
  0.235807568       5.93267716E-02
 -0.105220623      -1.24758947    
   2.62274408       1.07337856    
   2.75335813      0.761271119    
  0.867491007     -0.908448696    
 -0.536782444      0.259926260    
 -0.870065510     -0.437227458    
  0.396041960       1.74101508    
   1.32822680     -0.523976207    
   1.93578452E-02   2.40195990    
  -1.52319050     -0.271370918    
  -1.11600721     -0.509583592    
  -1.58477175     -0.970678866    
   1.03234696     -0.478380591    
  0.144998595       1.12544453    
 -0.805383801       1.42681766    
 -0.275732040      0.385873228    
 -0.221626863     -0.413647890    
  -1.25844097       1.10958254    
 -0.354036182      0.833425760    
  -1.21536946     -0.909752786    
  -1.41394138     -0.995665729    
   1.23768055      -1.76645577    
  -8.59426558E-02 -0.765374780    
  -1.02965510      0.471466541    
 -0.655157089      -1.24131763    
 -0.405321598     -0.908423007    
  0.298682868      0.274185389    
   4.06090543E-02  -1.75731456    
 -0.583096743     -0.267333984    
  0.611451685       1.10931098    
 -0.292191356      -7.59772584E-02
  -1.40558505     -0.526948452    
  -1.43341124      0.524267495    
  0.931849480      -6.09760284E-02
 -0.688924491     -0.554008901    
 -0.336163014      0.121890359    
   1.50003076       1.09217727    
 -0.206505135      -1.01772046    
  0.957735419     -0.521543622    
  0.371545821      0.758021951    
   6.37608990E-02  0.801258147    
 -0.509999037      0.400411934    
 -0.361157060     -0.780450583    
  -1.90899467       1.08030903    
  0.332356602      -1.21437407    
  0.288336068      -1.61379361    
 -0.689490080     -0.766576290    
  0.814517975     -0.834161282    
  0.253092974       1.27763009    
  0.281397879       1.23856449    
  0.530094564     -0.110398650    
  -1.13978016      -1.14066672    
   1.24248981      0.255732924    
  0.705153763     -0.555997014    
  -1.20457137     -0.129913136    
 -0.395163834      0.707336009    
 -0.652313828     -0.981400132    
 -0.125773430      0.674062908    
  -8.27793553E-02 -0.595853269    
 -0.762440264     -0.317927420    
 -0.937860072     -0.991023421    
 -0.156868979      0.239538953    
  0.318638325      0.258222252    
  -6.67840196E-03  0.999243021    
 -0.955779731      0.205811113    
   1.91499007     -0.705206692    
  0.206567019     -0.381213456    
  0.597235739     -0.348348171    
  0.834066093     -0.582356036    
  0.756807387      0.821493030    
  0.383335650      0.600605249    
  -1.59848022      -1.71967602    
 -0.888463020      -3.36300023E-02
  0.417343289       1.24847651    
 -0.554787993       1.30426002    
 -0.258661836      -1.06635034    
  0.602932274     -0.428747237    
   8.71325657E-03  0.839106739    
   3.77083085E-02 -0.886972785    
  0.511497140      0.167928636    
  -1.44195533      -1.00506651    
  -2.36375046       2.18932629    
  0.991403401     -0.362054229    
  0.628113329     -0.617527902    
  0.159246728      -1.54487419    
   4.04679291E-02  0.571318150    
  -1.06654155     -0.469290882    
  -1.34276545      -1.17343950    
 -0.135987073      -1.83746386    
  -1.59416223       1.40800428    
  -1.17619419     -0.284997165    
 -0.513626933     -0.512272179    
 -0.864040077      0.878715515    
   1.23170257      0.735635281    
  -4.74311151E-02  -1.11963737    
 -0.202752680      -1.13778079    
  -1.07804823       1.14256585    
  -1.23163271      0.329586089    
   1.31033051      0.109166771    
  0.384041160     -0.993536115    
  0.730088234      0.152229339    
   1.26097059     -0.230164245    
   1.96137869      0.289755583    
   1.95623064       1.69028401    
  0.456966490       1.23644578    
  -2.48887879E-03 -0.920853734    
 -0.435511082     -0.252286434    
   1.76727319       1.32240009    
  0.723499060      0.761403501    
  -1.04929948      0.335804254    
  0.254176617      -2.03777051    
  -1.38056803       1.14333677    
  0.414342344     -0.345204324    
   2.52930236      0.799621403    
 -0.997976363     -0.497340053    
  -1.45576108       1.34819031    
 -0.949031472     -0.865798950    
   6.47116303E-02 -0.194141805    
  -1.05568647       1.11757958    
  0.489727885      0.479659408    
 -0.341498077       2.27219868    
   3.83173339E-02  0.883942008    
   2.37986970     -0.346108258    
  -1.00729513       1.00650883    
  -1.15800154      -1.71184850    
 -0.936016798      0.323056817    
  0.649123192     -0.649773538    
 -0.738179684      0.369245201    
  -1.00290167      -1.53160179    
   8.60856846E-02   1.41597331    
  0.555896699       1.39114344    
  0.631469131     -0.774968565    
   1.14975882      -1.50718057    
  0.676110387      0.387996107    
   1.31602514      0.700376928    
  -1.76432264      -1.47983789    
   1.08023298      0.356783688    
  0.970022500      -1.04447997    
   1.77539241     -0.752332449    
  -1.25672197      -1.28364706    
  0.553912699       1.01906979    
   1.80950987     -0.778763056    
  -1.25385189      0.387886107    
   1.21672070      0.997162163    
   1.62715411      0.353951305    
 -0.920215547     -0.617476463    
  0.907828152      -1.52488673    
  -1.99337292      0.257599175    
   4.26548831E-02  -1.76406217    
  0.945520759       1.42240822    
  0.667276263       1.52297246    
   1.35004306       1.73212981    
  0.150215775     -0.477584481    
   1.06051922      0.815122426    
 -0.573305428     -0.636137307    
   1.46153176       2.76471782    
   1.25366223      -1.54952919    
  0.452975750     -0.112366930    
  0.994205832       1.20064032    
   1.16753685     -0.957688212    
  -1.21715558     -0.120291308    
   1.29496431      -1.84026206    
  0.321125984     -0.674312234    
 -0.158603236      0.295909733    
  -2.02506781      -1.13761103    
   1.39602876      -1.66787779    
   1.14504814      0.979328632    
   1.55693412       4.06764261E-02
 -0.683878899       1.44453466    
 -0.121048048      -3.25785130E-02
   7.96296820E-02  0.997115374    
  0.374468595     -0.139497876    
   1.40076399      0.795401394    
   9.73401666E-02  0.654363275    
  0.488555610      -1.19657358E-02
 -0.722715080      0.521534860    
   2.02803183E-02 -0.316321105    
   1.63198960     -0.570108652    
 -0.513172626      0.372384757    
 -0.237268761     -0.682044506    
 -0.954104483     -0.321347892    
 -0.896547675      -1.47632980    
   3.84168811E-02  0.115079023    
   1.39250565     -0.260459065    
  0.534843743     -0.683454096    
  0.227889553      -1.45424938    
 -0.924493492     -0.180530190    
  0.769604564     -0.740420699    
   1.89909494      0.484733522    
 -0.264965236      -1.18393803    
   1.46317697       1.12332773    
  0.156801268      0.648109019    
  0.530681431     -0.797048628    
 -0.132392555      -1.72944367    
  -1.66825211     -0.752121985    
  0.200713530     -0.560689867    
  -8.51592049E-02  0.348377645    
  -1.47988343     -0.283778489    
  0.545444787      0.384923607    
 -0.461999834       7.81274736E-02
  0.134562522     -0.449140579    
 -0.291096628       2.11250877    
 -0.125945538      0.298266172    
  0.273278445      0.607962370    
  0.746465743      -1.13471007    
  -4.05927263E-02  -1.00053847    
  -1.49820089     -0.467714101    
  0.561604083      -1.38556528    
  -1.39984749E-02  0.427435398    
 -0.145083278      0.867590725    
  0.815145850      -1.04331756    
   1.65089548      0.969799936    
 -0.858718336      -2.24164343    
 -0.181351617      0.834609985    
   2.15629153E-02 -0.261988401    
 -0.475405484     -0.995367944    
  0.491463661       8.28702003E-02
  0.627930403      0.462868571    
  0.668432415     -0.326038539    
   1.24445534       3.11825848    
   1.19064999      -1.19997883    
 -0.558960378     -0.555561543    
  -1.19319034      0.349182934    
  0.358542562     -0.471450388    
 -0.204485774     -0.194519117    
  0.217734814     -0.542443931    
  0.673899949     -0.458267957    
  0.554021835      0.801241338    
  -1.53986812      -8.75968561E-02
 -0.420813560       1.29202294    
   1.38866231E-02 -0.190005824    
 -0.967600048      0.422023028    
  -1.75637722      0.360755920    
 -0.692631543      -1.29787970    
  0.798608959       1.09036636    
  0.488686323      0.139549434    
 -0.375366777      0.490700126    
   1.10211849      0.831196189    
  0.102533706      0.126158893    
  0.640852392      0.970177114    
   1.19565201      0.494990140    
   1.24313331     -0.264229864    
  -2.22074151      -1.44295108    
   1.71954477     -0.868438542    
   1.63195169     -0.844374359    
  -1.80425429      -1.94590974    
 -0.861796319      0.383282721    
 -0.669728458       1.59765995    
  0.601802051       5.26550971E-02
   4.58301753E-02 -0.342687696    
 -0.452111155      0.356476963    
  0.707381129      -5.07315658E-02
  -1.18352854      -4.96466793E-02
  -1.85330284      -2.12456584    
   1.28924227      -1.44392264    
 -0.266205460      -2.66811699E-02
  -1.05997872     -0.771857142    
   1.47467732      0.433828980    
 -0.166063145      0.665038943    
  0.873160481      0.666473985    
  -2.51237154      0.439620763    
  0.928010881       1.07100546    
  0.240112737     -0.219141856    
   1.36457205      0.694000065    
  -1.21462393     -0.189691931    
  0.131888285      0.221401364    
 -0.252080709     -0.833558023    
  0.318196505      0.306247473    
  0.868748128     -0.580012500    
 -0.235869274      0.869003773    
  -1.81476915     -0.673447192    
 -0.268030733      0.211903200    
 -0.606314898      0.699164689    
  -6.31976873E-02  0.556169868    
   2.43927908      0.261422783    
   4.71881852E-02 -0.680618227    
  -2.10497308     -0.695946276    
   1.56944847      0.982102454    
  -7.74596408E-02  -1.30007243    
  -1.20489204       8.78927857E-02
  -1.51441395       1.06181061    
  0.204402804      0.100780770    
  0.454116613      0.180515394    
   1.48735309       1.01105738    
  0.408960074       2.74037905E-02
   8.32198411E-02   1.31243503    
 -0.531478167     -0.222433791    
  0.192080557     -0.543101728    
  0.756697595      -1.11457551    
  -1.19679642     -0.835420728    
  0.721993744       2.06148744    
  -1.48082638      0.797698259    
  -1.70324087       1.71871173    
  -5.08011058E-02  0.583556473    
  0.306282133       1.25792468    
 -0.684261918       3.43402172E-03
   1.09268379      -2.77262831    
 -0.746515930       1.12277913    
  0.624714434      0.401440769    
  0.584766567     -0.352839738    
  0.770128489       4.67007458E-02
  0.614542484       7.39035569E-03
 -0.226985365      -1.17132425    
  0.907886922      -1.57816994    
 -0.118327864      -1.07524228    
 -0.207100287      -1.88543546    
  -1.20213830      0.734153807    
  -1.44621205     -0.195641413    
   1.52579081      0.264151216    
   1.21566713     -0.915762484    
  -1.00491703       2.95813465    
   1.27995265      -1.25362110    
  -1.76548767     -0.301074862    
  -1.10196459     -0.188384429    
 -0.977283180     -0.229035303    
 -0.699576139      0.558526754    
  0.529055715      0.697061777    
   1.15501702      -9.51872692E-02
  0.457916021      -1.23230875    
 -0.438959122     -0.882452130    
  -9.30886716E-02  -1.63049757    
 -0.911777198      0.418908864    
  0.648480415     -0.520848691    
  -1.81610441     -0.161308184    
 -0.302487373       1.83484256    
   2.10861588     -0.610843182    
 -0.706411958      -1.27174544    
   1.44284010       2.29531550    
  0.127752140       1.49832249    
   1.20140254       1.70550692    
  -1.75699222     -0.459552586    
 -0.622959137      0.494924724    
   1.02347910     -0.555360675    
 -0.196998566      -7.95990825E-02
  -1.15585721     -0.725207567    
   1.62452567      0.186300114    
   1.10270834     -0.207110003    
  -1.48425298E-02   1.59899855    
 -0.143490359     -0.281961352    
   1.94696259      -1.60766101    
   1.46494472      0.862853348    
   9.55254063E-02  0.521277726    
 -0.528776407      -1.06846774    
  -1.76106536     -0.158512369    
   1.03956914       3.11097145    
   1.75540292       7.41655082E-02
 -0.380314589     -0.726699769    
  0.452919245      -1.89791501    
   1.00161672      0.414236546    
  0.724399269       1.80530322    
   1.61495519      0.161902592    
  -1.82889152      0.872162402    
  0.476391494       1.62232947    
  0.443267435      0.166761220    
 -0.258587748     -0.223813713    
 -0.898103297       8.61985236E-02
  -1.22733319      0.459397018    
 -0.273276776       1.10244679    
 -0.703828156      0.404089093    
   9.64249820E-02  0.919118404    
   1.91262102      -1.36462319    
  -2.04436302     -0.153435007    
  0.615350306     -0.404261589    
 -0.299874514      -1.73001564    
 -0.193831325      0.290604621    
   1.01775420      -2.65094161    
 -0.233933881     -0.587125480    
 -0.309178025       1.11731780    
   1.35207525E-03 -0.909590721    
  0.669863343      0.465571851    
   1.93932998     -0.141589954    
   1.08523226     -0.730695665    
   1.85267385E-02  0.378970414    
  0.814613760     -0.136184961    
  0.274700344      -1.04725277    
 -0.887638330       1.08639669    
  0.505622447     -0.662929893    
  0.626918256       1.93497920    
  0.136584371      0.438890636    
  -1.89829302      -1.18839620E-02
  0.907641947       1.20136034    
  -1.29944873      0.387535602    
   1.07708108     -0.845047712    
 -0.499584585      0.423688233    
   1.75186574      -2.23765492    
  0.175689265     -0.260590583    
  -1.50576663      -2.00727057    
 -0.982152224       1.25750637    
 -0.157946512      0.863167167    
 -0.240326509      0.273767442    
   1.63759863     -0.826463580    
  0.732686520       1.93640041    
 -0.577979147     -0.262692243    
  -1.74346161     -0.424679995    
  -8.34797248E-02  -1.29987073    
 -0.627740920      0.780831337    
 -0.433096856      -1.11523306    
  0.424420714      -4.27053608E-02
  -6.58081546E-02   1.55150199    
  -1.60045862      0.840684533    
  0.765283883      0.128703430    
 -0.235612005     -0.338070095    
 -0.110015526       1.06795990    
 -0.608489990       4.22741808E-02
   6.46309629E-02 -0.240387887    
  0.150815725     -0.449762791    
 -0.957687438      0.675910652    
   1.19995737       1.81064081    
  -1.42459023       1.01314139    
 -0.336869568      -1.95460069    
  0.512653232       1.06141949    
   8.93893167E-02   1.07384622    
  0.454862028      -2.06711006    
  -1.55260885     -0.834810913    
  -2.78580070      0.315143198    
  0.385775328      0.631361723    
  0.371677786     -0.867757559    
  0.342533559     -0.456539631    
  -1.61792755      0.153065071    
 -0.182798490     -0.659921110    
 -0.469560951      -1.12074184    
  0.502027094      0.562474787    
   2.48537207      0.615754187    
  0.660370946       9.52943042E-03
  -1.03842759      0.925131142    
 -0.748533726      -1.16558802    
   1.03234291       1.68321145    
 -0.685999870      0.199928284    
 -0.924227357       1.95381165    
  0.432812691      -1.02143824    
 -0.876947582     -0.163474664    
 -0.910529673       1.24654114    
  0.294358104      0.354096025    
  -1.44206309      -1.51306713    
 -0.729906142       1.71266866    
 -0.418519676     -0.754986882    
  -9.14859250E-02  0.318880767    
  0.514254153     -0.853305876    
  0.391076535       1.35275555    
 -0.864686608     -0.641780853    
 -0.329627991      0.276738167    
  0.934383571     -0.623050094    
 -0.985723615     -0.227407411    
  -1.39559126      -4.40721586E-02
   2.02912951      0.761579752    
  -9.04491618E-02  -1.75188422    
  -1.02111959     -0.587172389    
  0.107080586       1.03589332    
  0.811460495     -0.715367317    
 -0.998861969     -0.173380271    
 -0.972793818     -0.376110852    
 -0.538006961       1.14389157    
 -0.957856178     -0.575842917    
 -0.499951035     -0.364418328    
  0.909459233     -0.735827982    
  0.812161684      0.585071087    
  -1.09236979      -1.51566052    
  0.885668576      0.760594904    
 -0.734982789      -1.90406954    
  0.622421086      -1.67372954    
   7.41229057E-02  0.188672915    
  0.893392801       1.02817094    
 -0.956347883     -0.119269654    
 -0.163434312     -0.579861939    
 -0.231237307     -0.813104093    
  -1.09478498     -0.862398803    
   1.16319013      -1.56588578    
  -1.62612665     -0.494690359    
   1.44443953      0.108712673    
 -0.964956403      0.580210924    
  0.303826958      0.383244425    
 -0.893728793     -0.752210677    
 -0.410225540     -0.749198318    
  0.713696063      0.335984975    
   3.22471671E-02  0.700581908    
  -6.57640323E-02 -0.499700338    
  -2.19129252       1.00489604    
  0.116291352       4.55254689E-02
 -0.577061594     -0.247253150    
 -0.411081940      0.794212461    
   1.92355859       3.02466536    
  0.262237310      0.433912456    
  0.996313512       2.48465466    
  -1.58549333       3.94011214E-02
   5.68053080E-03  0.225153878    
 -0.977080286      0.921490490    
 -0.607672930     -0.299259096    
  0.192917362      -1.15392518    
   1.22722602     -0.466958314    
   6.74107149E-02   1.66379716E-02
 -0.214823842       1.02702916    
  0.799469709      -1.86138010    
 -0.908653319      -1.73204958    
  0.308304816     -0.299773961    
  -2.26875674E-03 -0.402871698    
 -0.689147294     -0.480154902    
  0.617136776      -1.07127666    
  -1.37190533      0.622074485    
  -1.01062226      0.674213171    
 -0.506364107      -2.06258154    
  0.212801427      0.213122293    
 -0.106722720      0.171544984    
 -0.373767763      -1.71370399    
   1.63800609      -2.07718158    
 -0.210499182     -0.731808245    
  -1.03262770      -9.56411138E-02
   1.16057420      -1.47664404    
  -1.42959607      -1.18748689    
   1.15955842      0.901916623    
 -0.865973949     -0.336169541    
   1.67178428      -1.45820351E-02
  -2.29952955       1.62161255    
   1.69249129     -0.244375914    
   1.51098299      -2.33324289    
   2.08866205E-02   1.82786398E-02
  0.652791262     -0.719376326    
  0.131893829      0.585824430    
 -0.495331407       2.42237496    
  -1.42673135      0.858646214    
   3.06349969      -5.06178103E-02
  0.748084128      -1.04541171    
   1.69091249      0.317956239    
 -0.333283722       1.27847672    
  -2.61869311     -0.674818397    
  0.464768529     -0.696865499    
   1.61180878     -0.927541375    
  0.482015491      0.550475478    
  0.392099321     -0.107570961    
  -1.39219165      -5.00020236E-02
  -6.75712004E-02  0.322239757    
 -0.607895374      -2.96083999    
  0.208015367      0.817820907    
  0.679797232     -0.766452134    
   2.27470016      0.506499410    
 -0.270501196      0.449812174    
  0.895418346     -0.851095378    
  0.592350841      0.701879919    
  0.674496412     -0.144675061    
  0.592636406      0.318479389    
 -0.742140532      -1.55767596    
 -0.256012619       1.79430473    
  0.602653444      -4.38759215E-02
 -0.182155758       6.35399437E-03
   1.00610995      -1.23879015    
  0.239949986      -1.93148744    
   2.24425101       1.25396943    
  -2.18424392     -0.157081753    
 -0.277229935       1.93959653    
   1.15455353     -0.638123810    
  -1.18368638     -0.701578796    
 -0.314305872      -1.30544841    
   1.24871469     -0.915675402    
   1.00749874      0.613989830    
   3.66205089E-02 -0.385464817    
  0.558933854      0.677234113    
   1.03169620      0.741446495    
  0.207960129      -9.23325568E-02
 -0.192874923      0.114509545    
  0.324257523      0.364368200    
   1.72875488      0.383176237    
 -0.704155266      -1.30311716    
  -1.53977227     -0.961774111    
   1.15746152      0.579266667    
 -0.350548297      -1.03796542    
  0.126724288      0.862722278    
 -0.673207164       1.33600998    
   1.87422478      0.191858977    
  0.324415803      -8.93351734E-02
  0.138800398       1.27371776    
   1.44241369      -8.96952078E-02
   1.69466805      0.454624176    
   1.54500341      -1.89655793    
  -1.85826588      0.355571330    
  0.362211019     -0.999195933    
 -0.258811474     -0.674288869    
 -0.197476983       1.32231867    
 -0.582294703      0.783173621    
   2.04344583     -0.138577625    
  0.164501205      0.717714489    
 -0.846821249      0.423729181    
  -1.18784893      -2.65650892    
  0.361570358     -0.313716650    
  -1.61405516     -0.577239335    
   1.73952234      0.961275101    
 -0.404844254       3.82886678E-02
   1.01373661     -0.987544775    
  0.594797254       1.33095968    
   1.89508522      -1.15861773    
 -0.813680887       1.92746639    
  0.904105902      -2.14595342    
   1.91559148      0.960837841    
  -1.31408119      0.759796262    
  0.226333827      0.440493107    
   1.43220019      -1.01050615    
  0.264505476       2.08033204    
 -0.923845708     -0.546221495    
  -1.32949018      0.665257156    
  -3.95855159E-02  -1.94175184    
   1.28415215       1.27068901    
  0.920694470       1.42038882    
   1.97612417       1.26764274    
 -0.677543521     -0.104701251    
  -2.90559077     -0.210866779    
 -0.643007457     -0.463904679    
  -1.35812731E-02  -1.66293550    
 -0.968216062      0.902595401    
   2.28018427     -0.447055489    
  -1.05023885     -0.353055269    
  -1.42368412      -5.44844829E-02
   1.76445949      -4.37852032E-02
  0.645315289      -2.26475835    
   1.22548163       1.46409702    
 -0.578421295      0.653785467    
  0.117737599      -3.72818875    
 -0.757717550      0.740814924    
 -0.811183393     -0.451343626    
  0.472352058     -0.466110975    
 -0.196743131      -1.61633813    
   1.10473669     -0.504305303    
 -0.505117536      -4.84430119E-02
  -1.99217188      0.489117056    
  -1.46602738     -0.757657111    
 -0.497985631     -0.214845389    
  -2.37927914       2.05491805    
  -2.01259613     -0.278696418    
   1.96923780     -0.287122995    
  -1.02940881     -0.152052671    
  -1.69995904      0.230179146    
  0.602778792      0.358925819    
  0.350585192     -0.477378786    
 -0.110787384      0.169462934    
 -0.601477861      0.268001318    
 -0.144888073      -1.00666046    
 -0.775129259     -0.486671299    
  -1.65664375      0.146060437    
  -1.77299845       1.65674746    
   6.15766570E-02  -1.69964349    
 -0.124697365     -0.668851972    
 -0.223064199      -1.01704764    
 -0.195007131      -7.40207583E-02
 -0.126157537      0.339890480    
  0.415048301     -0.533647537    
  -1.62884605      0.914896190    
 -0.348423153     -0.406390309    
 -0.423281521     -0.430123776    
  0.744455755      0.190801874    
  0.471074253     -0.272318214    
  -1.13006246      -1.17111564    
   1.47594500      0.252820164    
 -0.104432248     -0.313211411    
   1.74838579      0.754671216    
 -0.830403566      0.365625113    
 -0.284196675       1.99026251    
  -1.02416790      0.378866643    
  -1.59623134      -2.09132099    
  0.414739639      0.661990583    
   5.08193634E-02  0.502719700    
 -0.355484337     -0.646782815    
  -1.08495641      0.679363847    
   4.15643938E-02  0.876026452    
  0.126755625      0.932671189    
   1.11035275     -0.738614559    
  0.225740030       1.02532661    
  -1.44928598      0.765101790    
  -9.35947150E-02  0.982695580    
  -2.64947629E-03   1.13186312    
  0.105414927     -0.210711688    
   1.50376022     -0.426143914    
 -0.496509373      0.103042856    
  0.385052264      0.865820289    
  0.217940554       1.12322366    
  -1.58167899     -0.617559612    
  -4.53846864E-02  0.736933410    
 -0.900639117       1.05812895    
   1.40502393       1.30124581    
 -0.143632412       5.14361262E-02
  0.728506327     -0.831722736    
  0.218999192      -1.46778965    
   1.73237467       1.98242426    
   1.48537374     -0.858829916    
   1.28062367      -1.70321250    
   1.31493461     -0.266389161    
 -0.853424191      -1.92692466E-02
   1.98119044       1.42039609    
  0.568802774     -0.946754336    
  -1.85418868     -0.149753720    
   2.27544713      -7.10709393E-02
  0.577040076      -1.01266253    
   1.67448974      -1.80805385    
  -1.01285815       1.21794140    
 -0.557574451      0.523837090    
   8.33216086E-02   1.32337201    
  0.764350832      0.960994065    
 -0.996257126     -0.322184712    
 -0.813946605     -0.457317650    
 -0.736004114     -0.897565722    
 -0.116227873       7.25626722E-02
  0.495204240      -1.44776165    
  -1.27858198      0.369965345    
  0.214941278      -1.04343581    
  -1.64029408      0.795367360    
   1.46444070       1.18150699    
 -0.270478934      -1.65853727    
 -0.538215280       1.12932050    
  0.412077785      -1.75468135    
 -0.428714901      0.231649682    
  0.554146528     -0.634312093    
   1.13710797      -1.08933532    
 -0.685758770      0.372451693    
 -0.765811920     -0.431891412    
  -1.87620044      0.393953085    
   3.18842083E-02  0.631414175    
  0.190503165      0.955437720    
  -1.04611325       1.56706870    
 -0.415278971       9.09605101E-02
   1.18323851     -0.562199235    
   2.10317349     -0.254757792    
  -4.53388430E-02  -1.62604833    
  -1.78497684     -0.506558955    
 -0.772455275       1.53150010    
 -0.665488958     -0.509880364    
 -0.427887082       3.19062918E-02
   3.16377729E-02   3.09353209    
  0.937149882      -2.44522672E-02
 -0.696928263      -1.08106506    
  0.546327472      0.802523911    
  0.805787742      -1.92468309    
 -0.569207966      0.486144960    
   1.35801721     -0.969723701    
  -1.71557069      -1.07335603    
  0.575545490      -1.31598711    
  0.122379832      0.242456213    
 -0.852683425       1.13000762    
  -1.61840367      -1.21128201    
   1.60746491     -0.125462845    
  -6.75211623E-02  0.626331508    
 -0.591718256      -1.03862071    
 -0.246665180       1.30276072    
 -0.599214613     -0.695526421    
   3.73827666E-02  -1.35492516    
  -1.40457487      -1.63364768    
   1.08919132       1.96701381E-02
 -0.231845453       1.46296501    
  -2.33971383E-02 -0.575576484    
  0.491872132      -1.10769224    
  0.256554157      0.537126243    
  0.813658655      0.911462724    
   1.16660583      -3.12803698    
 -0.690028965     -0.377961606    
  0.305858433      0.197892070    
  0.678217649      0.412989169    
 -0.931670964      0.846610367    
  -1.47511470     -0.682055473    
  0.759527326      0.448514313    
  -1.30965114     -0.595703304    
  -1.00357854       2.01141024    
  -8.53277892E-02 -0.314196348    
  0.304234684      -1.02036035    
   2.00141668      0.251228660    
  0.132609725      0.196650952    
  0.800584495      -1.05120957    
  -2.15595346E-02   2.02562118    
  -1.94895256      0.741159439    
 -0.926878810      -1.76819849    
   1.34424019       1.01196063    
  -1.28193796      0.655226409    
  0.254117608       1.65714216    
  0.768834829       1.15741944    
 -0.917269111      0.624219894    
 -0.528090596      0.404309034    
  0.409255743      0.268962860    
   1.24148631      0.729150653    
  0.283473402     -0.948410332    
  0.409093052     -0.104839325    
  0.837763071      0.594268560    
 -0.947858334     -0.344586879    
 -0.610712290     -0.336424559    
 -0.860519171     -0.995916188    
 -0.547541380      -1.03713608    
   1.26140738       3.61550972E-02
 -0.256379306      0.134787381    
  0.868476093       4.45962176E-02
  0.805133224       3.89340781E-02
 -0.884186864      0.730844796    
 -0.672177613      -1.33327723    
 -0.642867625       1.12582862    
 -0.268975228     -0.315114886    
  0.409753442     -0.712074339    
  0.631188631      -1.03904593    
   1.13290334       1.24245930    
 -0.617294908       1.76736188    
 -0.935499072      0.390714914    
   1.93730795      0.864713550    
 -0.437024534      0.663761914    
  0.987765014     -0.412770063    
  -2.32744002     -0.444980830    
 -0.174966797      0.893706739    
   1.58301342     -0.454900175    
   1.33658552     -0.420832604    
  0.486083001       5.98521270E-02
 -0.335876286       1.39915419    
   1.45880592     -0.363089085    
   1.09945834      -1.68347263    
  -1.51832521       1.05015731    
  0.895969033      0.202216655    
 -0.736999631      0.952488244    
   1.57380378      -2.37349588E-02
   1.53181458     -0.427396148    
  -9.48076546E-02   1.93844855    
  -1.90867186      -3.11735366E-02
  0.672003806      0.109612271    
  -1.08225179      0.730045557    
   1.76031351      -1.36894321    
  0.509899855      -1.42595148    
  -2.64139241E-03  0.570067644    
  0.618352830     -0.615588844    
  -1.02527893      -1.88449395    
 -0.870410264     -0.104708046    
  0.149075702      -2.52173924    
  0.290826410       2.42324686    
  0.467944503      -1.90767169    
   1.13406432      0.638511896    
   1.31715941     -0.835674405    
  0.559748590      -1.38339484    
 -0.591169298       1.18858409    
  0.855356872      0.214056000    
  0.793564081      0.832099378    
  0.756747127      -1.44868636    
  -1.57981873     -0.183398485    
 -0.878900111     -0.145325214    
  -1.25462961      0.432855457    
  0.646738470     -0.662004828    
  -2.28671741     -0.115076154    
  0.637008965       1.64050364    
   1.47657633      -1.43799376    
  -2.84417820      0.492751271    
 -0.304717124     -0.947113156    
  -8.33057985E-02   1.23397887    
   1.62834787     -0.698402166    
   1.71038993E-02  0.692989647    
   5.32744639E-02 -0.709080040    
 -0.665404439      0.442510605    
  0.853657007      0.621469200    
  -1.00187421       1.92192936    
 -0.203555152      -2.36816335    
  0.282441080     -0.370745927    
 -0.555127144      0.397385985    
 -0.233638898      0.114151455    
  0.329493433     -0.516167879    
   4.90205102E-02   1.72196949    
 -0.839599133     -0.398373634    
  0.157777831      -1.14762878    
 -0.230104521      0.104708157    
  0.246135220      0.422225624    
  -1.38304615       1.14704108    
  0.477526546      0.370664120    
 -0.611904860      0.591221273    
  -1.47423196     -0.163246691    
  -3.45557532E-03   1.64513385    
  -1.54565406      0.923934519    
   1.08949161     -0.446663231    
  0.494276822      -1.26090002    
 -0.899505854      0.279896438    
   4.67758626E-04   1.09730232    
 -0.282074362      -1.37953079    
 -0.331640273     -0.669981122    
 -0.789510548      -1.74462831    
  0.843939245       1.16437960    
  0.297197700       9.03018117E-02
   1.07311690      -1.53816473    
  -1.96178651      -1.72749221    
 -0.426896960      0.914172292    
 -0.197220683      0.821964562    
  -1.28418922     -0.412151486    
  0.472724199      0.147646040    
   1.03108299      -1.14113748    
   1.69748414       1.11002398    
 -0.113286331      0.709951520    
   2.84589720      -1.70864487    
  0.920804620      0.136224136    
 -0.727699280     -0.487270921    
 -0.256386757      0.160547554    
 -0.734450698       1.94322085    
  -1.07792437      -1.31357503    
   1.41889918     -0.198041260    
  0.801523983      -1.31203473    
 -0.314876884       1.18353248    
  0.457570404      0.321153253    
 -0.605452180      0.436963320    
  0.705485344      0.606750131    
  -2.21764636      0.470155388    
 -0.198199794      0.933291435    
 -0.629154682     -0.730421424    
 -0.866795242       1.86168933    
  -1.02250659      -1.10811245    
   1.29295146      0.665879488    
 -0.153485045     -0.185026869    
  -2.04612494     -0.867739439    
  -1.07556343      0.758356333    
   1.86343137E-02   1.31823691E-02
  -1.65504897      -1.32969666    
   1.84364247      -2.79653836E-02
  0.401923507      0.590158284    
 -0.136687681     -0.131165192    
  0.867311358      0.617801964    
  -1.14247346      0.978531361    
 -0.297278732     -0.882523656    
  -5.86931780E-02  -1.24154484    
  0.809947014      0.655157089    
 -0.664653003     -0.716036558    
  -1.46187019     -0.539309621    
   1.42759407       1.42404211    
  -1.05393982      0.196211427    
  0.243160099      0.345218986    
  0.828350425     -0.780906916    
  0.297933877     -0.574557841    
  -1.56461537     -0.727583945    
  0.102956757      0.741417408    
  -1.75493634     -0.749744236    
  0.884443641       1.88532138    
  -1.52642655      0.914291382    
 -0.973391175      0.846980393    
 -0.120850153      0.360046029    
  -6.19023107E-03 -0.927814484    
 -0.230650917      -1.77883029    
 -0.433948606      -1.65667045    
  -1.52965033      0.205251113    
   1.68189871      0.210757717    
 -0.799365819      -1.79283345    
  0.248614922      0.372812152    
  0.676474154      0.558167100    
 -0.556950748      0.114052713    
  -1.05905485       1.18747103    
  0.212826043     -0.227772385    
  0.980643213       1.16509306    
 -0.657293439       1.17529106    
   1.28992081      0.480297178    
  0.368028760       1.00224507    
  -1.99533367      -2.14387035    
   2.03588963      -1.09390354    
  -1.50424647      0.948271096    
   1.42069161      -1.04381740    
 -0.558415651     -0.701995671    
  0.213582605     -0.897129774    
 -0.574831843     -0.596608996    
 -0.251241058       7.08816051E-02
 -0.259261340      0.141762376    
  0.784853220      -9.86317918E-02
   1.39937949     -0.783677638    
  0.140748248       1.04559219    
  -1.13601065      -1.29875731    
  0.550743759     -0.775114059    
 -0.120264836      -2.03797460    
  -1.05184209      0.352941573    
  -1.17814755     -0.437434614    
  0.349270791     -0.921339691    
 -0.687554359      0.762657225    
 -0.381981462       1.01724434    
 -0.432276607     -0.226505131    
  -2.35278916      0.584819198    
  0.109995365       2.71319246    
   1.48957384       1.84848249    
  0.457757592     -0.863322139    
  0.512703598      0.129772410    
 -0.146115020       2.25293599E-02
  0.255394995       1.06058538    
  0.371640861      -1.32704425    
  0.440337956       1.49834287    
 -0.206751481     -0.212550268    
   1.44476545     -0.301089823    
 -0.482484668     -0.158880502    
   1.45554984     -0.612160265    
  0.971183062      0.129070669    
  0.892772615     -0.366663873    
   3.01233530E-02  0.694371939    
 -0.364836633       1.26547015    
 -0.325325936      0.846770823    
   1.40200245     -0.500786781    
  -2.76131257E-02   5.30933701E-02
 -0.776284099      0.362983376    
 -0.237514853      0.473571450    
 -0.389087737       1.01599717    
  0.412705064      0.128333077    
  -1.51563191      -1.55491388    
 -0.392442822     -0.655983150    
 -0.343419671       1.29463732    
 -0.840190828      -1.40003002    
  -1.19219327     -0.520796001    
 -0.846430242     -0.199389249    
  0.383716345     -0.488440514    
 -0.835658431       2.05267453    
 -0.787052929     -0.329176098    
  0.484489918       2.30586004    
  0.242586493     -0.322002620    
  -5.24600036E-02   1.19922864    
  0.614631593     -0.327027649    
  0.114425264      0.870418072    
   1.29044175     -0.282789350    
  0.515121877       2.15957642    
 -0.600522578     -0.966331899    
 -0.497530669     -0.154608265    
 -0.951853812      -2.20736599    
 -0.740505755      0.900246322    
   1.86135519     -0.975970268    
  0.717002749     -0.399186134    
   1.53742874      -8.77767503E-02
   1.38119209      -1.92287588    
  -1.76137161       1.52779162    
   1.49944484      0.917962909    
  0.746462643      -1.45732582    
  0.863289416     -0.585937083    
  0.389959425      -1.16291380    
   1.51401448      -1.18724704    
  0.618999541      -1.53098721E-02
  0.259285718       6.95899781E-03
  0.176637352      -6.12270795E-02
   1.57888663     -0.643456519    
  -1.78092098     -0.906283855    
 -0.343467146     -0.328075796    
  -1.05080104      -1.93182290    
 -0.882215202       3.54964398E-02
  0.423267543      -1.24254274    
  0.388059735     -0.745710015    
  -1.87860715     -0.301141739    
  0.661143482     -0.646584928    
  0.210819840      0.537888646    
 -0.521843433      -1.23890781    
   1.80920446     -0.110577404    
  0.443521023      0.667540550    
 -0.324516565      -1.06468856    
  0.692989528      -1.56174076    
   1.03143239       1.47972500    
  0.540553331     -0.582210720    
  0.831096113     -0.399794400    
  0.642610729     -0.244213238    
   1.83074486     -0.842092812    
 -0.128580436       1.53573370    
 -0.372104734      0.454702675    
  -1.47299027      -1.01077306    
  -1.83396578      0.824394763    
  0.667926550      -2.09366345    
  0.618269324      -2.48324797E-02
   1.17945695      0.841020823    
 -0.231376439       1.63094175    
  -1.24371994       1.16246891    
  -1.75987743E-02  -1.51972628    
 -0.150255457     -0.732766569    
   1.07227874      -1.41598427    
  -1.09300923     -0.239206374    
 -0.278477490     -0.655031741    
  0.728342712      0.853355885    
   4.64600660E-02 -0.390284538    
  -1.68057214E-02 -0.338281125    
  -1.40624595      0.726133049    
  0.115976840      0.542276263    
 -0.521665573      0.244761452    
   4.16616723E-02   1.29060733    
 -0.592932642     -0.327472985    
 -0.597360790      0.572262526    
 -0.872475803      0.204936489    
 -0.440579176      0.250465125    
   8.02850053E-02  -1.18028808    
  0.910297930      0.201277763    
  0.130502090      0.303375781    
 -0.547106683      0.687113047    
  0.947495222       2.78286433    
 -0.540167987       1.52550292    
 -0.169940993      -1.05951536    
 -0.868009090      0.409626544    
  -1.71319950     -0.744557738    
 -0.307167619       1.18397152    
 -0.841220796      0.415450096    
  -1.16726589       1.21028364    
 -0.552626252      -1.43199396    
  0.478803992       1.89444602    
 -0.265794128      -2.77382112    
   1.54086590      0.865328908    
 -0.786324322     -0.165610671    
 -0.176931635     -0.662325382    
 -0.446907341     -0.390589923    
  -4.07069474E-02  0.830254376    
   1.03159654      -1.03779233    
   1.09654963      -2.04447913    
   1.00020707      -1.90080035    
  -1.88997030     -0.194402456    
  -1.84053981       1.45184314    
   1.72446752      -1.08217192    
  0.159104615      0.706046939    
  0.197732925      0.502136111    
  0.630656004      0.583100617    
 -0.971241772      -2.17060852    
   2.20587587      0.389871538    
 -0.501329124       1.17461073    
  0.448146135       1.84621155    
  -1.22794795      0.557006240    
  0.395797133      0.535703182    
 -0.581132054      -1.21653926    
  0.265909165     -0.337877572    
  0.615992188      0.799885333    
 -0.391284615      0.219844699    
   4.28691395E-02  -2.35528445    
  0.964416504     -0.372372866    
 -0.457569391       9.16398540E-02
   1.09856915     -0.223996580    
  -2.05645251       1.31185329    
  0.219804406      -5.40312799E-03
 -0.818501711      -1.38305962    
  0.765407205     -0.809681833    
 -0.930812895      0.412184209    
  -1.78717840       1.60074627    
   1.48485124      0.315217644    
   1.23509789      0.884814501    
  0.779246032      0.905891538    
  -2.53889823      -5.45406900E-02
  0.752682030      0.490126103    
  0.379089206      0.424892247    
  0.783854067     -0.146108627    
 -0.960179090     -0.147720337    
   1.60697806      -1.42005229    
  0.425298512     -0.693909466    
  0.859709918      0.702524900    
  0.975895584      -1.87398052    
  0.489955217     -0.774559796    
  -1.71191847      0.892547607    
  -1.14924669      0.301027864    
  -2.39590621      0.504763424    
   5.99199384E-02  -1.13371336    
  0.110823065     -0.346150368    
 -0.420544177       1.22183323    
  0.265348524      0.938092053    
  0.446815014       1.24559879    
  0.783734739     -0.105368577    
 -0.787096739      0.256276488    
  -1.28716636       1.21246612    
 -0.386679620      -2.01366401    
 -0.317522109      0.889443874    
  0.132352203     -0.141940132    
   1.18667889      0.107842319    
  0.686332941     -0.986102402    
 -0.935285509     -0.597049832    
  0.629572332       1.39685786    
  0.195078433       1.86871779    
  0.314396322     -0.555436671    
  -5.73730581E-02  -1.88014768E-02
   1.08173740      -1.23600857E-02
  -1.21036232      -1.07265520    
 -0.521034658      0.306846708    
  -1.76992214     -0.255837500    
  0.740807056      0.314541250    
  -1.07088733      0.224690959    
  -1.01330495     -0.767756224    
 -0.947068214     -0.232641980    
 -0.203942761      -1.05884612    
  0.419443548     -0.196404755    
   1.27882636      0.435689420    
  -2.11391635E-02  -1.14402115    
   1.36663675      0.895772219    
   1.32942593      0.976041377    
  0.163622543     -0.385278940    
 -0.476632446     -0.446051359    
   1.93287075      0.519879520    
  -1.70818019      -1.40828121    
  0.323461294     -0.153700590    
  -1.24517310     -0.602258921    
  0.952080786     -0.600399733    
   1.54444194      0.412206024    
   1.83562469      0.385447919    
 -0.348711312      0.428474486    
   2.08434129     -0.381903440    
   1.26446640      0.206541598    
  0.743237138     -0.762659073    
 -0.992227077       2.03899527    
  -5.85344508E-02 -0.873663187    
  -8.77612755E-02   3.67497690E-02
  -1.36148643      0.721757948    
   1.40897298      0.426649094    
   1.51439333      -5.28200902E-02
 -0.471179485     -0.376759410    
   1.12243867      -1.11189413    
 -0.924485266      0.166861892    
  -1.19193935       1.22711694    
   1.26232874       1.24226308    
   8.43243450E-02  -1.03399146    
  0.630168259       1.00825918    
 -0.916032612     -0.253264368    
  -1.42612099E-03  0.798816562    
 -0.653391421     -0.152739331    
  -1.41653788     -0.149234250    
   3.25057840     -0.140612334    
   2.73150429E-02  0.467010707    
  -4.78758849E-02 -0.797181427    
  -1.02394187      0.117973447    
   1.29960024      0.229755655    
   8.27351958E-02  0.619748652    
 -0.203504682      0.933525980    
  0.300704449     -0.376996607    
 -0.206327260       9.27126221E-03
 -0.290600896       1.29683685    
 -0.592540920       2.37687969    
 -0.319768697      0.894585013    
 -0.331367463      -1.04756331    
   1.63498247      0.609318078    
   1.21675777      -1.09303927    
 -0.706713617      0.329423487    
 -0.548129439     -0.823058665    
  0.989230812     -0.852628827    
  0.851843834      0.322501063    
 -0.274030328     -0.566383123    
   1.23628771     -0.994282544    
 -0.321825296      0.680237114    
  -1.37059569      0.538952410    
   1.34521234     -0.795202553    
  0.197198376     -0.676449239    
  0.365413249      -8.26576375E-04
 -0.507599354      0.644704700    
  0.712080956      -1.42331445    
 -0.225265488     -0.711551785    
 -0.161534116     -0.881281018    
  0.899441004      -1.73343861    
 -0.930073559       1.15027142    
  0.640404761     -0.525192082    
 -0.167983115      -1.71438777    
 -0.362135261      0.847538948    
  0.651508868      -2.00385261    
  -1.10554457       1.23178387    
   1.31752491      0.227843329    
  0.568772674       3.04977205E-02
   2.34699130     -0.905725300    
  0.694223523      -1.37661552    
   2.75629628E-02 -0.359955251    
 -0.334063172     -0.896435261    
  0.136714473      0.471645087    
 -0.657392025      -1.24356008    
  -1.00974786     -0.494032770    
  0.736884654      -1.97677035E-03
 -0.506220996       1.42614090    
   1.71517873      -8.20115209E-02
  0.901346505      0.777456999    
  -5.35605736E-02 -0.321625859    
 -0.572826862     -0.454518616    
 -0.726979613     -0.436054289    
  0.244649127     -0.279011846    
 -0.710079730       3.67767550E-02
  0.345382959      -5.30660413E-02
 -0.125237823       1.81485796    
 -0.452202171      0.336211801    
  0.285155028     -0.152646869    
  0.697824180       1.04714167    
  0.401752323      0.504124820    
   2.81594358E-02  0.686400712    
  -1.39471126     -0.595822275    
  0.726890564      -4.27978933E-02
 -0.566358924       1.03046441    
 -0.497216314      0.988023460    
  -1.03686690       3.04689336    
 -0.893664479     -0.534619331    
  0.356847972     -0.141862676    
  0.998100281      -2.17079091    
   1.34516120      0.406137258    
 -0.961782575      0.639257014    
  0.623251021     -0.885481536    
   1.96027362     -0.302606374    
   1.79325426       3.39602791E-02
 -0.854833722      0.903904080    
   2.12530303     -0.251815856    
  0.954023719      -1.92029178    
  0.600475490      -3.63440216E-02
  0.716234565      0.352965921    
  0.302895367     -0.427366793    
 -0.551513731     -0.567027092    
  0.202522323      -1.78535485    
   8.53448082E-03  0.438161999    
 -0.628900707      -1.02842712    
  0.597728670       1.95522428    
  0.282628924      -1.02562308    
   1.20916951      0.641998827    
  -1.70596337      -1.66948676    
   1.30851781     -0.419194639    
   1.48611975      -1.30118763    
   1.19148135      0.210248843    
   7.66493157E-02 -0.226183981    
  0.490553141      0.782407165    
  0.349396229       2.31642294    
   1.30118906     -0.324160844    
   1.74683130      -1.55653322    
 -0.324505836       2.07897353    
  -1.65373862       1.68595290    
 -0.509828389      0.379408747    
  -1.02862990      -2.57263494    
  -1.17789781     -0.466672033    
   1.08987975     -0.447917193    
   1.08006942      -1.73642850    
  0.524986565      0.556150675    
   1.47337389      0.144253373    
 -0.399266601     -0.963891447    
  0.177660778       1.28989744    
   1.32968187      -1.01283443    
 -0.724885345       4.10796031E-02
 -0.827810466     -0.676906228    
 -0.857633054      0.843186378    
   1.40651655      -2.99465451E-02
   1.43677533       1.34138870    
 -0.379932225       1.41956723    
 -0.407695770      -2.48527551    
 -0.221322387       2.42295599    
 -0.589481950      0.570120215    
   1.80212092       9.80525762E-02
   1.52984726      0.197476700    
  -1.35019565       2.23747683    
 -0.859359920      -1.00303996    
 -0.111401670      0.216265529    
  0.919870794     -0.928194940    
  -1.46547747       1.21742320    
   1.71851492       2.09391451    
   1.97841537      -1.46044409    
  0.461252749      0.963329375    
  0.457357436      0.924078703    
  -1.55995214       1.10034037    
 -0.264144301       1.34303749    
 -0.545502484      0.355376452    
  -2.38010082E-02  0.205446586    
 -0.169448256      0.351739615    
  0.196649835     -0.822888851    
  0.487210274     -0.653643489    
  -8.99947882E-02 -0.543654799    
  0.546402872       6.77066110E-03
 -0.587327719      0.362949789    
 -0.426179588      0.232289344    
 -0.534146309      0.259912074    
  0.278803438       1.27484119    
  0.341295302      0.765304327    
 -0.262011141      0.547075272    
  -8.65634605E-02   1.32796299    
  0.644452035     -0.682181120    
  0.406995356      -1.13492513    
  -9.04575642E-03  0.209507525    
 -0.149489716      0.197983414    
   1.12984931      0.883098483    
 -0.891605437     -0.720230520    
   6.14311770E-02  -1.02637720    
 -0.482763052     -0.696776927    
 -0.423559874     -0.165327176    
  0.152644873      0.450218499    
   1.75596583      0.819450438    
  0.275698751      -1.00393927    
  0.797706902      -2.30412364    
 -0.447039068      0.170653775    
 -0.263679534     -0.643310606    
   1.57304668       1.90870929    
 -0.282998919      -1.40721834    
 -0.321548223     -0.287147045    
  0.105269127      0.767942131    
  0.772168219      0.350398153    
 -0.222832710      0.103063233    
  0.556750894     -0.513988495    
  0.386554301      -8.26933235E-03
  0.576786458       1.78252578    
  0.992407918      0.891987562    
  0.863552570      -1.03010356    
  0.812230587     -0.416739881    
  -1.78653800     -0.148057073    
 -0.337950379      -2.47920528E-02
 -0.514372706       2.28790426    
 -0.105035245      0.744519591    
 -0.245782435      -1.19532990    
  0.352294654     -0.439253390    
  0.424723148      -1.52439284    
 -0.108180165     -0.762363613    
 -0.969389677      -1.02972949    
  0.404929906      -2.18414116    
 -0.252961010     -0.706268072    
 -0.106263816      -2.15427876    
   1.05676055E-02   1.09513807    
   1.04960310       7.20930845E-02
 -0.158063471     -0.485725164    
  0.617050529      0.859709203    
 -0.287734061     -0.856608808    
   1.41517937      -9.78696495E-02
 -0.387992740      0.949123144    
  0.618642569      -8.77587572E-02
  -1.16052675     -0.951232553    
  0.884934425     -0.369660676    
  -2.13272190      0.983475685    
 -0.846725404      -3.23943943E-02
 -0.597470403      -1.04901588    
  0.343670160      -1.30609679    
  -4.60768119E-02  0.486735433    
 -0.910827696     -0.373130441    
  0.860815942      0.497412711    
  0.498005450     -0.554106355    
 -0.680749655     -0.156588107    
   1.62755132      0.505899668    
  0.426325470      -1.00389957    
   1.19973242     -0.184628665    
 -0.357918233      -1.44538414    
 -0.954953611      0.685676336    
   1.57688297E-02   1.91804028    
   1.04636312      -7.53960609E-02
  -1.44443035     -0.365708351    
 -0.389548242       1.10932803    
  0.531439900      -5.35166748E-02
  0.497715056      0.127137750    
  -1.37119210      0.717257977    
  0.424846768     -0.201030388    
  0.229984865      0.974915028    
  -1.05291283       1.24311221    
   7.73828775E-02  0.531151950    
 -0.876726985       1.38895309    
  0.779313862     -0.643021584    
  0.297940552       2.09868288    
 -0.844668567       3.58057208E-02
  -6.01063333E-02  0.142999396    
  -2.00052929      -6.30700961E-02
  -1.14598680     -0.492494881    
   1.10748386      -1.13948071    
   1.44558907      0.108038768    
 -0.312350422      0.749185145    
   2.89917029E-02 -0.683359861    
   8.54555592E-02   2.70547308E-02
 -0.191982344       1.59311354    
  -4.73158062E-03  -1.19190419    
 -0.293573111     -0.195651770    
 -0.357442111      -2.47583842    
   1.77903020      -1.16767073    
 -0.391435653       1.60290396    
  0.159749642      0.213767201    
  0.665504515      -1.40711105    
  0.259223670       1.02659154    
  -1.00162232      -1.05792308    
  0.530459523       3.04962397E-02
 -0.186298057      0.583787501    
  0.284900606      -1.03652298    
  0.791582286      -1.09359884    
  0.239668101     -0.342242569    
   2.05919361     -0.565283537    
  0.579519391      0.303471655    
  0.193817079      0.196558639    
 -0.524552941       1.62895215    
 -0.292328298     -0.372355193    
  -1.20990121     -0.219453767    
 -0.580131948     -0.627958417    
  0.147794619      0.891727686    
   1.51295435      -1.94405842    
 -0.548423469      0.892753720    
  0.667498767     -0.138214752    
 -0.559900701     -0.360307604    
 -0.720420539      0.830634594    
   1.22430611     -0.811712027    
 -0.129368111      -2.38931870    
  0.396361321      0.539295495    
   1.97485816     -0.124093316    
   9.70567465E-02 -0.181351900    
  -1.34433472      -1.50036728    
   1.79200184     -0.576679170    
  0.973360419      -1.26014709    
  0.574323654      0.231305823    
 -0.180032954     -0.261595905    
 -0.769598842     -0.719579935    
 -0.314796776     -0.891454160    
  -5.23626059E-02  0.384565234    
 -0.775188625      -1.50050128    
   1.45641291     -0.305633724    
  -1.89778650      0.601661563    
  0.965221047       3.26691307E-02
  0.203019962      0.434835285    
  0.607568145       1.40275669    
   1.88013208     -0.808023334    
  0.298236907     -0.229707852    
   1.23391294       1.38643610    
  -1.55613683E-02 -0.223257214    
  -1.03502047      0.806789815    
  0.268284559      0.456956953    
  -5.40213175E-02 -0.429571778    
 -0.656208456      -4.50382195E-02
   1.94388926     -0.427641451    
 -0.846477807     -0.127551794    
   2.08765125      -6.74613891E-03
 -0.460012048     -0.831295073    
  0.856316507       1.83792591    
 -0.527621329       7.33961537E-02
   1.12625623      0.661093771    
 -0.184148669      0.594065785    
   1.08463037       1.71290278    
 -0.985198081      0.871721745    
   1.31993294      0.379222721    
   1.07527316      0.247981489    
 -0.670419097      0.747518718    
   6.92070276E-02  0.259215444    
  0.710607409      0.140391201    
  -2.36364579       1.00467825    
 -0.483444750      -1.11462140    
  -2.64528561      -1.20507908    
  -1.17763197     -0.370325208    
  -1.43802083      0.591736734    
   1.11739421     -0.512836754    
   1.01080072     -0.727966845    
  0.711736143      -1.26875091    
  -1.17085803     -0.331853539    
  0.243552506      -1.74485636    
  -2.63797665      0.746251702    
   1.44739127       5.54782860E-02
  -9.64162946E-02  0.683301151    
   1.17239368     -0.187131852    
   1.77356863      0.630311728    
  0.787572742      -2.04815125    
  0.833650172      0.413842827    
   1.04611802      0.749809384    
  -2.05193710      0.965048552    
  -1.04651058      0.594208598    
  0.309370428      0.311819285    
  0.479417801     -0.276576877    
  0.419262201     -0.473649502    
   1.55779159     -0.568548381    
 -0.737218440     -0.713340223    
  0.487959057      0.776054502    
  0.643082976      0.727825820    
  0.838526249      0.630097866    
 -0.688583732     -0.395586491    
 -0.810007095       1.18489707    
 -0.763173699     -0.743256330    
  0.228076711     -0.580881476    
 -0.187412769      0.760197759    
  0.644325793     -0.146648332    
  0.872322917      0.139096245    
  -2.01468492       1.26613295    
  -1.41888642      -1.14318896E-02
  0.369219512       1.71671772    
   1.51996756      -1.09054005    
 -0.189598441       1.68567932    
  0.844679058     -0.382491678    
 -0.241120264      -1.31300306    
 -0.206246734      0.473454893    
  -1.17581213      0.272163391    
 -0.355615497      -9.59391445E-02
  -2.25878377E-02  0.582617342    
  0.755397201      0.993077576    
 -0.337451220      0.113444261    
 -0.985649228      0.246368930    
  -1.14679658      0.581545413    
  -1.49763072     -0.444319665    
 -0.911953211      -5.24656475E-02
  -1.01174974      0.228833422    
 -0.720704436      -2.36936498    
 -0.711626947     -0.133035377    
  0.714457214      -1.80169070    
   1.15940487       1.56234241    
 -0.686144114     -0.290265918    
  -1.03954375     -0.482546270    
   1.05656624      -1.81432712    
   1.13039434      0.141486436    
 -0.423169762      -2.57306062E-02
  0.120029062      0.242051169    
  0.284056216     -0.285700023    
  -1.61472595     -0.494614780    
  0.333826333      -1.36689472    
  -1.70247734      -1.08931327    
  0.621016443     -0.961736977    
 -0.341201663     -0.305278063    
  0.129051432      0.146631002    
 -0.394730330      0.671391785    
  0.339566171      -1.54728854    
  0.101599865     -0.741043091    
  0.833741069      -1.63207269    
  0.524587452      0.630817413    
 -0.217765108      0.750191629    
  0.357146561       1.45494628    
  0.102942929     -0.566301227    
  0.407817572      0.320850372    
   1.49986160     -0.141152650    
  0.605609536      -1.45123196    
  0.338440388      0.519291580    
  0.535889745      0.621666253    
 -0.370282352      0.553147733    
   1.61309791     -0.152797654    
 -0.547764182       2.36071423E-02
   3.20707150E-02 -0.139493972    
 -0.933717310      0.323727787    
  -1.01513410      -1.28284860    
   1.67294562     -0.864558458    
  -1.03762519      -2.01490378    
   1.08035493      0.529219270    
 -0.801844418       1.98283637    
  0.591994107      0.416018963    
 -0.653074980       1.34314370    
 -0.317714721      0.489674628    
  0.947002411      -1.12348950    
  -1.01538813      -2.94369590E-02
   1.14157510      -1.52782321    
  0.993762553      -1.07351720    
  0.484773695     -0.349567205    
   1.08383393      -8.08306411E-02
  0.204275727      -1.48205233    
 -0.360245198     -0.573025644    
 -0.745264471     -0.424782038    
  0.153954759      -1.31388187    
  0.890029371      -1.17843556    
  0.224722862      -1.20125544    
  0.408988833       2.52797914    
  -1.28606808     -0.342685580    
   2.39704466       1.56810045    
  -2.53411007       1.08657932    
  0.565143049      0.284454912    
 -0.601539850     -0.702753365    
   1.89851081      0.889837801    
 -0.148543715     -0.422951251    
  -1.03699052      -1.49790704    
   2.50463299E-02 -0.300796360    
   2.35476494     -0.910407245    
 -0.556076229      -2.98065972E-02
  -1.00456119      0.276044607    
  0.393829226      0.461632699    
  0.677972972      -1.37387419    
  0.310904473     -0.223339200    
   1.56339097      0.801960111    
   2.42846990      0.562241733    
  -2.05546379      -1.37154162    
  0.928578734      0.758375406    
  0.729627490     -0.745956957    
  0.244428635      -1.34519219    
 -0.125425100     -0.364346147    
 -0.706382334      0.490624785    
 -0.479491025      0.779072523    
   1.51875865       2.01111317    
  -1.05805564       3.03626060E-02
 -0.106772304      0.797149718    
 -0.346856982      0.207945913    
 -0.182794541     -0.963441610    
  -2.35131097      -1.78820801    
  0.697263122       1.15941298    
  -2.46403739E-02  -7.67778084E-02
   1.77327073      0.124761239    
   1.91837323       1.03790415E-02
  0.719828844       1.08556104    
  -1.05032074      0.336992055    
   1.70870173      0.630030870    
  -1.48419285     -0.119716004    
  0.501360118       1.78949964    
   2.36012983     -0.268310547    
  -1.33469975      -1.98708427    
  0.341289550     -0.970687747    
 -0.240114272      0.507753730    
 -0.127898112       1.58718264    
  0.408936799     -0.590682805    
   1.32870400     -0.597631335    
 -0.314087987      0.690182388    
   1.04335368      -1.70935547    
  -1.10390770     -0.712776661    
  0.235984266       2.88704419    
 -0.336800635     -0.457558572    
  -2.31426144       1.18624794    
  0.911576033      -1.17130673    
 -0.142940655      0.702514708    
  0.517574906      0.957163572    
 -0.234803438       1.05241787    
  0.734854341      0.516495764    
  -1.63831079       2.15228319    
   2.05767703      -9.61445719E-02
  -1.89461768     -0.196997464    
  0.891007006       1.16125500    
 -0.113663793     -0.656558216    
 -0.876109004     -0.139912754    
  0.711308539     -0.840134501    
  0.187502414      -1.84385622    
  -2.00810146       1.02690256    
  -1.45778441      0.456548989    
 -0.101048157       1.13592470    
  0.833683252     -0.126003370    
  -1.22400749     -0.826135218    
   1.80368841      0.281557560    
 -0.589455009      0.280621499    
   1.16619825      -1.95539165    
  0.303469270      0.918222308    
 -0.275627911      -2.72994399    
  0.108895496     -0.462401778    
 -0.527263403      -1.03579199    
 -0.984636664      0.112059757    
  -1.24753571     -0.879371643    
  -1.11396062      0.196256220    
  -1.43632996       3.22324061    
 -0.481948704      -1.67629039    
  0.332439631     -0.377588421    
  -1.34038782      0.790778875    
  0.930799901      -6.09528199E-02
   1.08049047      0.782602549    
   1.29932654     -0.982449830    
   1.49392104      0.301409334    
 -0.267727911       7.18761757E-02
  -7.29706138E-02  0.540963054    
   9.45372134E-02  0.537296355    
  -4.15941849E-02 -0.267671436    
 -0.430354357       1.55534136    
 -0.595056117     -0.670766771    
 -0.674069643     -0.274064630    
  0.105443865      0.122697800    
   9.69250575E-02  0.315179467    
  0.961169899       2.16865349    
  0.305305570      0.766600907    
  0.221421212     -0.720300198    
 -0.957258046      -6.42112419E-02
  0.164860338     -0.535317242    
  0.129462957      0.783538222    
  -1.44707179      -1.32764649    
  0.237051696       1.51049900    
  0.176156953       1.13688076    
  -1.43145955      0.277640074    
  -2.42263722     -0.392320067    
   5.05451858E-02   1.81120288    
  -1.82881713       1.48820436    
  -4.31361683E-02  0.632786751    
   5.53336702E-02  0.299709469    
 -0.421235979     -0.669280887    
  0.350095719      0.131612375    
  -1.10182309      -2.10890961    
   4.69971485E-02  -1.12017488    
 -0.879879355     -0.287844896    
  0.146005645      0.621750236    
   1.61206920E-03  0.827403486    
 -0.205262363      -1.09183133    
  -2.07440042     -0.280411422    
  -1.96827531       1.14401996    
 -0.933229148      0.299148738    
  0.811388433     -0.338737935    
 -0.526170492     -0.675484359    
   1.11077666      0.143990755    
  -6.84277415E-02 -0.195897236    
  0.309190273     -0.573395610    
  0.241212890      0.816247940    
  0.958466649     -0.297582120    
  0.261062294      0.216615647    
   1.56982625     -0.130244523    
 -0.541665554     -0.597807705    
 -0.813448548      0.757969975    
  -1.05228531      -8.32904428E-02
 -0.129976466      -1.20076787    
 -0.422109306     -0.652292073    
  -2.01133919      0.566096783    
  -1.58075929      -3.49428914E-02
   1.72843707       1.32349122    
   2.08149385      -1.26057982    
  -1.62182355      -4.51123454E-02
 -0.535922885      -1.41419435    
   1.61829138      -1.48788273    
  -1.08908689       9.22230780E-02
  0.187959343     -0.583646715    
  0.488971114      0.232875437    
  -1.23022437       1.38187420    
 -0.998461127      0.255760401    
  -2.04824710     -0.259462774    
  0.785557926       2.12918448    
  0.472008228     -0.170860484    
   1.01494598     -0.808751583    
  0.211635411       2.57022381E-02
 -0.623735905      -1.20698321    
 -0.318403423     -0.441545933    
  -1.07346904       1.64527273    
  -4.25615460E-02  0.118913472    
   1.07166064      -7.14239031E-02
 -0.826353848     -0.736051321    
   1.67415082      -1.64414430    
  -1.48576975     -0.704219460    
   1.42367017       1.69887936    
  -1.05615580      0.397934496    
  0.477103353     -0.660116613    
  -2.44247460      -1.66981995    
  -1.36818254      0.674441874    
  -4.65818718E-02 -0.241755694    
 -0.391773999       1.01590681    
   1.27100348      0.334407687    
  -1.33547699      0.671576560    
  -1.24771440      0.583498240    
 -0.909993589      -1.94371939    
  0.149235129      0.588370264    
 -0.964019656      0.350941360    
   1.96278319E-02 -0.761080921    
  0.542263389      -8.15836433E-03
  -9.11121964E-02   1.35461902E-02
  -1.79629624      -2.91931796    
 -0.478081852      -1.34175813    
  0.701305032     -0.904202104    
   1.11591768     -0.198130220    
   1.38042533     -0.146607801    
  0.255904406      -1.60083055    
 -0.620023429      -1.04295123    
  0.824621737     -0.512689471    
  0.369519681      -2.03285813    
 -0.384582758       1.17142463    
  0.127046302       2.28553128    
  -1.15092480     -0.537921607    
 -0.735168040      0.380885124    
  -1.66378152     -0.213791087    
  0.833272338       2.00764990    
 -0.418850213       1.66885340    
  0.201708108      -1.36932909    
  0.504180968       9.71149206E-02
 -0.952984333       1.68880129    
   1.30477929      0.345344663    
   1.28750157      0.760248542    
 -0.381346136      0.543759763    
  0.814864218      0.173603043    
 -0.380125374     -0.992421746    
 -0.807968318       5.29699512E-02
   6.03587963E-02 -0.628227055    
 -0.127608165       1.21942520    
  0.556761444     -0.451358408    
   1.04456973     -0.884242237    
 -0.315294027     -0.997601986    
   8.60057771E-03  -1.61656332    
   8.36522356E-02   1.53777575    
 -0.572162688      0.115119964    
 -0.522008955     -0.567331910    
 -0.115822725       9.06757414E-02
  -1.05690563     -0.883663416    
 -0.542178571     -0.187826559    
   1.46141171      0.336806685    
 -0.313129634       1.15395355    
 -0.132633656      0.793151915    
 -0.447696269      0.811901212    
   1.28542435     -0.273176581    
  0.639106393       1.01393569    
   1.02748227      0.496951401    
  -7.93977305E-02  0.352804184    
   1.41452563      0.981194913    
   1.16654458E-02  -2.27390313    
 -0.959703803      0.448754907    
  -1.32748461      0.544163406    
   1.61026752      0.167382941    
   7.55249485E-02  -1.53011942    
  -1.15252161     -0.759293139    
 -0.865592659       1.31054401    
   5.47959879E-02   9.23942924E-02
  0.775723577     -0.933604956    
  0.752340615     -0.304915011    
  -1.04997838       1.12006640    
 -0.251782387       1.15312481    
 -0.689123750     -0.311940193    
  0.796461105     -0.919880271    
 -0.117030412      0.653119266    
 -0.486825734      0.746257007    
 -0.304881424     -0.133297518    
  0.969013035     -0.760675669    
  -1.90765667       1.19803488    
  0.136640802       2.17459034E-02
  0.435844541     -0.463935733    
  -1.30623448     -0.835147738    
  0.356943518      0.327753663    
  -1.41121340       1.01629782    
   1.76836109       1.38466847    
  -1.12096119     -0.727313042    
   1.34461272     -0.791830957    
  0.449980289      0.265241891    
  -3.72645445E-02  0.188075766    
 -0.240358442       2.19306183    
 -0.153618932      0.256926537    
  -1.55036294      0.272943646    
  0.901281178      -2.18418646    
  -1.18756068     -0.539518178    
 -0.939513505       9.42175537E-02
  0.537782490     -0.828460932    
 -0.693963766     -0.545918465    
 -0.395483822      0.567693532    
 -0.566415548     -0.869391263    
 -0.163057163     -0.845340610    
  -1.53191507       1.12892950    
  0.172173232     -0.493389219    
  0.949726403      -1.15348220    
 -0.507219911     -0.329867065    
  -9.73453820E-02  0.581479609    
  -1.11545444      0.682926774    
 -0.528325617       1.31412864    
  -1.78549314       1.13811529    
 -0.174286216      0.631915867    
  -1.44114852     -0.364710301    
 -0.869706273      0.458605736    
   1.12636721       1.44788730    
  0.180792481       1.05017757    
   2.09518671      0.466363132    
  0.638812304     -0.648105562    
 -0.501686394      0.569813728    
  0.338251203      0.804798186    
   2.03728747      0.558578789    
  0.490608096     -0.613236725    
   5.21347066E-03  -1.05500245    
  0.982269526     -0.890678048    
  0.321995258     -0.528464735    
  -1.66923726     -0.131169155    
 -0.728925169      0.385508657    
 -0.418141514      0.733335614    
   6.02533668E-02  -9.79490131E-02
  -1.67744613     -0.687767327    
   1.03162777       1.69431019    
  -1.26030755      0.183227062    
  0.277783990       2.55285811    
  0.460638136      0.598722935    
  -1.95567882      -4.69759107E-02
   1.50428212      -2.84616873E-02
  0.785422385      -1.40970135    
   2.34280920       1.63333619    
  0.125450522     -0.261072814    
  0.860875189     -0.685562491    
   1.09877527      0.200648636    
   1.51186454      0.526242256    
 -0.640860379     -0.606448710    
   1.32694805      0.810776412    
  -1.74405479       3.83989364E-02
  0.170154527      0.788490057    
  -1.70307505       1.76859510    
 -0.940881193      0.596084952    
  0.814700186     -0.300930917    
  0.332630843      -1.98559976    
  -6.40584975E-02   1.37971973    
  0.901058018      -1.16085804    
 -0.345030069      -1.73111415    
  -2.37629938     -0.401267946    
 -0.143860370     -0.501190722    
  -9.36719999E-02  -1.59762514    
  0.168539613      -1.43441987    
 -0.451267689     -0.910081685    
 -0.374446034      0.360365599    
   2.13640547      -1.50419891    
  -1.48022723       1.61731696    
  0.149825364      0.348979086    
  0.177769780       3.15321721E-02
   1.25121701       1.06349134    
 -0.272914827       4.42452021E-02
 -0.795538545      -1.08439207    
 -0.293822020      0.910158575    
   1.02994215       1.36676002    
   1.22588480      -1.87424719    
  0.418521732      -3.23122048    
  -1.00774920      0.943774939    
 -0.451853365      -1.02826464    
   2.78222542E-02   1.74219358    
  0.975189686      0.503805816    
  0.811559916     -0.489554554    
  0.777438283       1.76263750    
   1.34753752      -1.94739819    
  -1.45694447     -0.591813803    
   1.19783592     -0.707494795    
  0.922660232      0.914565265    
   1.61574781     -0.159173355    
  0.209271684      -2.27477312    
  0.432456344     -0.133183286    
  0.488443434      0.504551232    
  -8.21874142E-02  0.431579232    
   1.50113678     -0.519392908    
  0.204820871      0.399456650    
  0.214255407      0.781333566    
   1.58154547      -1.34536707    
 -0.218254223       1.70342565    
  0.776768088      -6.44725934E-02
  0.832701147     -0.566221178    
  0.176627666     -0.407468915    
 -0.729027152       2.54246235    
 -0.836573064      0.225728288    
 -0.779159427      -1.47315955    
  -1.28045452      0.675346911    
 -0.960169196     -0.333998293    
  -1.09633660      -8.34838450E-02
   1.22357190       7.02120140E-02
  0.265033334     -0.450289994    
   9.51468349E-02  0.162685171    
  -4.77924943E-02  -2.33394456    
   1.31509507      0.535689235    
 -0.850328326     -0.992196858    
  -4.90399078E-02  0.813700080    
   1.83053339      -1.09065068    
  0.932913840     -0.122835271    
  -1.12229037      0.260822058    
  0.638594925       1.44515634    
  0.234634042      0.792842031    
  0.554241955       1.34519863    
  0.668921590      0.485386521    
   1.18105912       1.44688940    
   1.54579961      0.868592799    
  -1.08173585      -1.98264074    
  0.548619390      0.155053422    
 -0.831646621      -1.14836335    
  0.446226329     -0.780741811    
 -0.934681356     -0.558516800    
 -0.124796972     -0.208826303    
  0.656724036     -0.666079283    
  0.453233987     -0.206467435    
 -0.363428175     -0.752785802    
  0.507613659     -0.119048774    
  0.560018241     -0.783807456    
  -1.34139061     -0.268305779    
   1.41170967      0.351572871    
  0.324092716      -1.40394056    
 -0.942738891       1.14494359    
 -0.888603687     -0.805830836    
 -0.205777541      0.293165624    
 -0.805714786     -0.173963517    
  0.289339751       4.62404490E-02
  -1.76139319     -0.762565196    
   2.22063804     -0.996579230    
  0.327409446     -0.167228207    
 -0.635139704       1.23190975    
   2.20033396E-02  0.469486535    
   1.54753864     -0.998525083    
  -1.15707743     -0.291210622    
  -1.44707453       6.21382184E-02
  0.728056848     -0.491167843    
  0.345945448       1.47432983    
  0.213357270      0.316568792    
 -0.304522187      0.600651503    
  0.375997156       2.06809163    
  0.407144457     -0.386300445    
  0.374620914      0.889026642    
 -0.997413754      -1.43984151    
  0.231606573       1.53132343    
  -1.76478767       1.07863307    
 -0.389551729     -0.492012501    
 -0.417148471      -1.19933617    
 -0.400787383      0.119949311    
   2.34006739      -1.82233809E-04
  -1.35363877      0.917935908    
   1.18668175     -0.884487748    
   6.94864616E-03  0.218222618    
  0.850712240      -1.85769761    
  -1.13603795     -0.466189384    
   1.20277584       1.51274037    
  -4.19036411E-02   1.64518142    
  0.844525635     -0.902826428    
  0.109957434      -2.06798553    
  -1.24828255      0.515660703    
 -0.402924329      0.304245025    
 -0.196745709     -0.163835675    
 -0.870995104      -1.96234047    
   2.33880337E-02  -1.33792937    
 -0.308911681      -1.09427071    
   1.07095265     -0.851940811    
  -1.14469016     -0.929266214    
  0.366229713      -1.36184239    
   1.38254380     -0.143752083    
  -2.17371368      -9.86084118E-02
 -0.450494587      -1.78263605    
  0.508080602      0.503575206    
   1.70708573      0.772305131    
   6.07492253E-02  0.473135591    
  0.629309118     -0.169346794    
 -0.150941223     -0.188906550    
  0.689329743      0.430343032    
 -0.290576428      -8.44240710E-02
   1.40635347      -1.27684498    
  0.325735062      -4.25766483E-02
  -2.34510374      0.723715603    
 -0.522341967      0.640242875    
   1.32417834       4.05491516E-02
  0.239239752      0.992488563    
  0.424540430      0.786530137    
   1.73772228      0.852564037    
  0.981477737      -1.24547076    
  0.369539768      0.857320607    
  0.500223100      0.321003824    
 -0.590856731     -0.403653413    
  0.266493320      0.266851455    
 -0.499331266       1.85425365    
 -0.570759118     -0.390644878    
   1.62241316      0.887652397    
 -0.877571464     -0.191511080    
 -0.349582434      -1.73255885    
 -0.753782213      -1.45416212    
  -1.27618897       2.95307946    
 -0.919517875     -0.469181985    
  0.833705127      -1.58398294    
  0.580898881      -1.86434197    
   1.03040159      -1.54348934    
   1.25449729      0.393039882    
 -0.241330773      -1.62738228    
   1.16385984      0.845100045    
  0.408602029     -0.156773522    
 -0.432588100      -6.74100518E-02
 -0.365363330      -1.36111116    
 -0.366558760       1.23941815    
   1.80562878     -0.659856021    
   6.05505519E-02  -1.41500374E-02
 -0.875537038      0.905204237    
   2.18699127E-02  0.309282362    
  0.188485876       1.51790309    
  0.761893868     -0.980211496    
 -0.978923619      -1.26314044    
  -1.75724900     -0.651780665    
 -0.114566967      0.631557405    
   4.00288031E-02  0.632686555    
  -1.51495016      0.890979350    
 -0.559499145      -1.04771936    
  0.725338876       1.72935820    
  0.427954823     -0.531918705    
  0.559326231      -1.33974349    
  0.302785754      0.175495386    
 -0.544115424     -0.275495410    
 -0.398720533      -1.34155476    
  0.503769577      -2.30823827    
  0.229332656      0.130739942    
  0.404199809       1.13055658    
  0.686167657      0.233062416    
   2.17574668      -1.47417116    
 -0.769592881      0.870863974    
   1.00653636     -0.374274671    
 -0.587598145     -0.508671522    
  -1.43712163      -1.97459352    
  0.108433589      0.606673717    
 -0.378707409      0.221224785    
 -0.865351021     -0.881004155    
   6.50263578E-02  0.798066795    
   1.58304429     -0.180445001    
   1.43739355     -0.301203072    
 -0.183821857       7.53459334E-02
 -0.841277003     -0.822295964    
  0.815062582      0.426827341    
  0.745014608      -9.12735835E-02
  0.235525265     -0.154221922    
  -1.44641900      -6.60968795E-02
   1.55663753      -1.37513864    
 -0.983386993      0.379064828    
 -0.114542194      -1.00788093    
  0.316594720      0.349504352    
   1.50905657     -0.797128797    
  -1.86034087E-02 -0.305820435    
 -0.541538835      -1.19032967    
  -2.06607152E-02 -0.182428300    
 -0.181575611       1.85997272    
  0.235204935       1.25790596    
  0.895328820       1.40371764    
   1.32489467     -0.582930207    
  0.711816788      0.757435441    
 -0.220321715      0.621681273    
  -1.95325887      0.978390515    
 -0.293908536       1.42773390    
  -2.48513341      -1.17458582    
 -0.262249917     -0.363973439    
 -0.129623502      0.589153409    
 -0.497408718      0.467618287    
  -1.28055477     -0.143497571    
 -0.353797734      0.620624483    
 -0.738296390      0.323320657    
  -2.54856944      -1.17099309    
 -0.997103214       1.11429775    
 -0.647923350      -1.93007708    
   2.80788255      -1.11038864    
  -1.39286447       2.73620629    
 -0.207431197      -1.59805000    
  0.668738484      -1.49737704    
  0.653203011      -2.61934090    
  0.206009880      0.110298991    
  0.582529306       4.31253435E-03
   7.00888038E-02 -0.354189813    
   3.16080451E-02   1.37737763    
  0.376996130      -6.63760491E-03
 -0.367472112       5.04340716E-02
   5.44472481E-04 -0.891303420    
  0.203844309      -1.31236672    
 -0.633696973       7.15580210E-02
   4.79055829E-02  0.982633412    
 -0.109524250      0.455814242    
  0.194702879       1.29408538    
  -2.23859501       1.30695570E-02
   1.37783563      0.939745069    
  0.207667068       1.76122463    
  0.682496250      0.537201166    
 -0.605867505       1.60986650    
  -7.99110979E-02  0.225847483    
 -0.228574261      0.558665097    
   1.82019687      -1.16712761    
 -0.514060616       1.69591236    
  0.683577299       1.34923995    
   1.24069778E-02   2.86429214    
   6.17176555E-02   1.01067030    
  0.784513950      -1.22724164    
 -0.228088036      -1.27353060    
 -0.972155273      0.297931612    
  -1.06035674      0.389264703    
  0.824766576     -0.451215804    
 -0.728967309      0.232426196    
  0.960962236     -0.809252918    
 -0.766419888      0.305276960    
  0.861579120      -1.15706146    
 -0.315042555      -1.91424917E-02
  0.910999298     -0.636642635    
  0.978219569      -1.98550069    
   8.73002484E-02 -0.811693966    
  -1.32177210      -1.28940380    
  0.319885463     -0.250267595    
 -0.916403174      0.619582951    
  0.639376521      0.137550443    
 -0.718385279      -1.66622150    
 -0.333532274      0.875555038    
  0.956224561      0.171123207    
  -2.09643197      0.440831661    
  0.127557591     -0.475423634    
 -0.171774879      -7.69199654E-02
 -0.122085646     -0.615841329    
 -0.398009539     -0.441753149    
 -0.662012100      -2.63150811    
 -0.394060016     -0.491407245    
  -1.51126171E-02  0.687979698    
  0.182491049     -0.665201724    
   1.56365383       1.21341360    
   1.75756192      0.216976598    
  0.749765456     -0.366679281    
 -0.217201009      -2.24661469    
 -0.942144871      0.649646759    
  0.394972801      0.286009073    
 -0.487276942     -0.941122472    
 -0.546329081       1.65315318    
 -0.569268405       1.55528498    
   9.36587378E-02 -0.376356214    
  -1.28000629      0.838027954    
 -0.104877561      0.153234050    
 -0.812874436      0.403926730    
  -1.50268483       1.12284088    
  -2.95850182      -7.12380260E-02
 -0.107970886      0.905360818    
  -1.61913478      -1.12224936    
  0.272140235      0.999866486    
 -0.951771796       1.64473534    
  0.414172322     -0.555698037    
   1.58590019     -0.236616656    
   7.80140162E-02  0.412131667    
  0.512600243      0.342554927    
 -0.353571415      -1.39477897    
 -0.152614713       1.86092126    
  -6.39484376E-02   1.74348319    
  0.448128223       1.17161226    
 -0.327043951     -0.974032760    
  0.851429582      -1.85926175    
  -1.53574955       1.10572016    
 -0.675615132       1.12358141    
  0.976585925      0.356232882    
  0.719009578      0.450774878    
   1.46536171      -1.56950760    
  0.252809703      0.836887598    
   1.19778550      0.281619072    
  0.262193859      0.790247321    
  -2.83305836      0.170732141    
  0.365215391      -1.07930982    
   1.09562504      -1.15557182    
  -3.62275019E-02  0.943484008    
   1.23716247       1.70766032    
  0.468400836       1.83220494    
  -1.49574077       1.33210838    
  -7.92113766E-02  -1.02011311    
  -1.46893013      0.741388917    
  0.931665123      -1.12338614    
  0.328354686      -2.26685190    
  0.318211019     -0.879986286    
 -0.919165254     -0.113391995    
   5.29009476E-03 -0.725860417    
  -1.56939185      -1.10133672    
  0.950943291      0.325731605    
 -0.225542709      0.502112329    
  0.766191185       1.15460527    
 -0.407117993      0.834398866    
   1.55655921      0.800480425    
   2.77538225E-03  0.907736003    
  -1.38506281       2.48388600    
 -0.955482185      0.850826919    
  -1.53085983      0.870666683    
  -1.46735561     -0.954123020    
  -1.22715175      0.417347252    
 -0.158528328      0.723528743    
 -0.641893089       1.23185825    
  -1.86872303      -6.89181536E-02
  -1.59617329       1.25417185    
 -0.717200041       1.55322242    
   1.60970211     -0.737022817    
 -0.377124220       1.73088551    
  -2.03359199     -0.953009367    
  0.200885043     -0.432175070    
  0.926594973      -5.35206832E-02
   1.15154850      0.787004828    
   1.43383467      0.405340612    
   2.05264640     -0.304130912    
  0.734493732     -0.339727253    
  0.517706037     -0.139338955    
 -0.361373544      0.143666238    
  -1.22645867       1.48568046    
  0.390547246     -0.617002070    
  -1.19749582       9.62347165E-02
 -0.553162038      0.182087734    
  0.700048625      0.487510145    
 -0.134991944      0.456683338    
   6.29672259E-02  0.881947219    
   1.39972639      -3.97774130E-02
  -7.47273266E-02  -6.05683587E-02
  -1.79546928      0.506103814    
  0.358228028      0.557723761    
  -2.34191751     -0.985628247    
  -1.08501232      0.103905916    
  0.830103159     -0.408712924    
 -0.155555964      0.144450098    
   2.59010307E-02  0.552685559    
   4.24053706E-02 -0.256179601    
  -1.86682594      0.641643584    
  -1.35919881     -0.336922556    
 -0.593415380      -8.21316913E-02
 -0.534404755     -0.414456785    
  -1.12272620       1.01668787    
  -1.00328851      0.303359419    
   1.98862016       1.54097533    
   1.07507157      0.321554214    
  -1.15352905     -0.352690727    
  0.389211446     -0.182238355    
  -1.72687268     -0.813641965    
 -0.240340203     -0.899760604    
 -0.799995482     -0.866150677    
 -0.952655196       1.14335442    
  0.137157917       1.63319838    
 -0.311285794     -0.296356082    
 -0.268018693      0.904093087    
 -0.689691544       4.17479239E-02
   1.12070751      -1.35246181    
 -0.979238272      0.679044366    
  0.348917305     -0.296984911    
 -0.909988046     -0.811714888    
  0.918338895      -6.50620982E-02
 -0.719928682       1.99045610    
   1.18236566      0.597229719    
  0.829413950       1.11149931    
   1.15687585     -0.737766862    
  0.577027321      0.195431486    
  -1.10739017      0.265780896    
  0.590149641      -2.52288318    
 -0.686014533     -0.868026257    
  -1.89220929     -0.970369279    
 -0.728570640       2.76803708    
  0.563469946       5.90170175E-02
  -1.21441436      0.853264332    
  -1.67315710      0.568714261    
 -0.562338293       1.46973681    
   1.37214601      0.274409592    
  0.197258577       1.80329120    
  0.281877279      0.396712065    
   1.53258991       1.35471129    
 -0.621125400       1.07865453    
   1.46214104      -1.04987705    
  0.488787204     -0.369502336    
 -0.351207674      0.668211043    
  0.250589252       1.56684470    
  0.505149841     -0.678228140    
   1.47780287      0.935767412    
 -0.230003357       3.53162885E-02
  -1.07929373      -1.38692713    
 -0.455089599      0.805176973    
  0.251776040       1.35243690    
   1.56530344      0.963123024    
  0.283939242      -1.96229827    
  0.291577697       1.13045120    
 -0.556031168      0.928799272    
 -0.290671855      0.102751479    
   1.07492769       1.10461926    
  0.295790851     -0.438164294    
  0.348037690      0.202857807    
 -0.906547844      0.986840487    
  0.238586202     -0.684779048    
  -4.28649299E-02 -0.185795739    
  -1.09062755      0.901805162    
   1.25438511     -0.583779335    
  0.989820719      0.723885536    
  0.314216644     -0.928595781    
   1.14989209     -0.641571045    
  0.201573923     -0.601186216    
   1.01048172      0.521486819    
  0.619158685      -6.21969290E-02
 -0.886101246       1.11517763    
  -1.41467190      0.588106513    
 -0.265424013     -0.504790187    
  -1.02340472      -1.62226355    
  0.686484814      0.119648151    
 -0.866281092      -1.09951186    
 -0.460771888     -0.339760691    
  0.525249362      -8.87280256E-02
  0.349680394      0.846155882    
 -0.692048371      -8.94136280E-02
  -1.27812994     -0.827899873    
  -1.74513447     -0.916805208    
  0.431820244      0.534891784    
  0.755664766       1.27687335    
  -1.06647182      0.926310480    
  0.733421862       1.62124968    
  0.402460665      0.710248888    
  0.149667248      0.440591693    
 -0.820177972      0.478762895    
 -0.249508828     -0.288690239    
 -0.443147510     -0.768481314    
   1.55830503       2.66202259    
 -0.492101282      0.106767677    
 -0.990716934      0.172837093    
 -0.698736012     -0.261169404    
  0.555715859      -8.01991113E-03
 -0.694487035      0.505332768    
 -0.679080904      0.598909795    
  -4.37623933E-02  0.499014288    
   1.14619493       3.46229859E-02
  0.714993834      0.378274322    
  0.219282880     -0.295265228    
  0.473202139      -1.10273564    
 -0.309557170      0.413516164    
  -1.22113276     -0.100204833    
  -1.45812106      0.672826111    
 -0.738044679      -1.45623958    
   1.98497283      -7.59008899E-02
   1.06535459     -0.325150788    
 -0.779584348       1.49321127    
  0.806898236      0.207229540    
   1.21588194       1.09200346    
  0.808017373      -1.12200236    
   5.18865176E-02   1.57591903    
  -1.94941628      -1.59979820    
  0.340046376       1.60941458    
 -0.963955820      0.560968578    
   1.27738571      -7.93535933E-02
 -0.125218734      -1.84901297    
  0.209781110      0.311524123    
 -0.713529170     -0.972383559    
  0.698821664     -0.417715460    
  -1.34178305       2.37399387    
  0.258345485     -0.944597423    
 -0.428937584      0.378205985    
   1.33806968      0.455495179    
 -0.166673034     -0.430371046    
 -0.443025857     -0.304269671    
 -0.971271455      0.917559624    
  -1.48786485      0.148523733    
 -0.865776360       1.26237369    
 -0.711380422       2.28014085E-02
  0.210314080     -0.807620406    
 -0.772441208       1.43767548    
  -1.09112823     -0.401340008    
   7.04306066E-02 -0.956610441    
 -0.747194469     -0.468527287    
  0.691318452      -1.48499227    
  0.575786412     -0.750195265    
  0.359905720      0.300678700    
 -0.343730718     -0.319475740    
   8.24885964E-02 -0.773580611    
  -3.40682687E-03   1.32086980    
   1.00995469     -0.506098270    
 -0.234525636      0.901644647    
  -1.49337423      0.609372079    
 -0.134974346       5.97266294E-02
 -0.558371007     -0.451201379    
 -0.621061385      0.990157187    
  0.820833623     -0.769908607    
  0.689586639       2.02854657    
   1.26643741     -0.910018861    
 -0.195799232       1.66482580    
  0.174867868      0.547408938    
  -1.89683473      0.550408483    
 -0.566266000       1.43227875    
  -1.50142133       2.90910397E-02
 -0.319402695       1.09370625    
 -0.401568264     -0.451984316    
   8.02920535E-02   1.20946026    
  0.621070981     -0.324324012    
   5.51570468E-02  0.712069929    
 -0.719308913      -1.83168352E-02
  -1.69654805E-02  0.357049018    
 -0.424527615      0.720179677    
 -0.351183981       1.49147356    
  -1.48611653     -0.110545345    
 -0.813022077     -0.593073547    
  -1.97092843       6.13976829E-02
  -1.92351043      0.361107141    
   1.67798078     -0.620507479    
 -0.677682102      -1.13551772    
 -0.190900251     -0.241891146    
 -0.343709499     -0.939356923    
  -1.19013751     -0.326249510    
 -0.746505320       1.96997786    
  -1.15581787       1.59522951    
  0.708797634      0.593758702    
  0.874455035      -1.09611547    
 -0.530838251      0.274088770    
  -1.46764100      0.388760358    
  -1.46241224       3.84357981E-02
 -0.606640220      0.252060801    
  0.150006250     -0.921338260    
  0.848794341      -1.35606790    
  0.232971355      0.415207446    
  0.535594523      -1.07109666    
  -1.23924088     -0.525267780    
 -0.322664112      0.203111351    
 -0.609694064       9.49731246E-02
   1.24922979     -0.881110847    
  0.189598203      -1.64519513    
 -0.955367446      0.709443450    
  -1.47396350      0.730899990    
 -0.196684062      0.558193326    
  0.499760985      0.618489861    
 -0.290835887     -0.873937726    
  -1.01421297     -0.416777849    
   1.25349975      0.711459637    
 -0.970087707      0.814735472    
 -0.120984510       1.19574189    
  -1.20992148      -1.17897177    
  0.170642510       1.66561937    
   1.18694997       3.64106633E-02
  0.472708136      0.733328521    
  0.277120680      -1.45508647    
 -0.527735710       1.59636223    
  0.507959723      0.145324588    
 -0.592080235      0.445945829    
   3.08986399E-02  0.597549498    
  -1.05337632     -0.581876695    
  -1.71095634       4.18879688E-02
 -0.248045102     -0.148442298    
  0.707365453      -1.52141559    
   4.35099341E-02   4.63270620E-02
  0.236835122      -1.19177687    
 -0.694937587      -1.66963458    
 -0.928700984      -1.54577494    
  -1.58308434       8.01185742E-02
 -0.197000965       1.22596133    
   1.03024137      0.340549618    
 -0.974373341     -0.776823223    
 -0.116674311       2.51813960    
   1.81531215      0.450234741    
  -1.18031251      -1.48560166    
   1.42257833     -0.529017627    
  0.618737936       4.33720239E-02
 -0.877142072      -2.39851737    
 -0.891631842      0.326908737    
  0.840433955      -1.25159669    
 -0.302015126     -0.621342063    
  0.159682959     -0.484415144    
  -2.33021903     -0.755437553    
  -1.19632554       7.18775317E-02
   5.79520799E-02 -0.244706556    
 -0.447310328      0.547649205    
  -1.84317696      0.111646637    
 -0.582893670     -0.269453168    
 -0.260685980      -1.91289675    
   4.41611223E-02   1.33986199    
 -0.956502557      0.375274628    
  -1.03358686     -0.388063580    
  0.362690687      0.233277380    
   1.76356792     -0.780707598    
  -1.37330985      0.124126747    
  0.241096467      -4.31974456E-02
  0.239523903      -1.28823626    
  -1.45229864     -0.775086343    
  0.503419876      0.735613585    
  0.316523463     -0.843241274    
   1.57196486     -0.674239337    
  -1.46932459      0.746411026    
 -0.821084559       1.23863220    
  -1.20777023      0.736481905    
  0.785624743      -1.12434936    
  -1.18531370     -0.990653217    
   1.27903080      -1.04539001    
  -1.53685749     -0.446847528    
  -1.30787933       1.83174368E-02
  -3.58457156E-02  -1.52105236    
 -0.923144758     -0.356471598    
  -5.27724139E-02   1.45223448E-02
 -0.317750514     -0.190942928    
 -0.297298640      -6.78207129E-02
  0.891345143      -1.45238471    
   1.37081981       4.65862639E-02
  -1.11288559     -0.748540103    
  -1.31346905     -0.753746033    
  -1.67628503      0.565923691    
   1.49674082     -0.482435554    
   1.40244675     -0.381382346    
 -0.972166240      0.476980954    
  -6.99548572E-02   1.55927396    
  0.985593855      0.895190716    
  -1.78835750       2.43763532E-02
   6.23454191E-02  0.932926476    
 -0.866274118       7.76457414E-02
   1.02572882     -0.617321253    
 -0.948315024      0.550120890    
  0.664573550       1.62642586    
  0.149392426      0.830014646    
   1.11741269     -0.540461302    
 -0.919753551      0.453703493    
  0.246157199       2.27264452    
 -0.153968364     -0.524270535    
  -1.69350505     -0.907467067    
  -1.28533077     -0.313924432    
   1.50891984     -0.464761674    
   1.10226047      0.501747131    
  0.698540568       1.55173111    
  0.749870241      0.101572938    
  0.947301269      -1.02088559    
  0.596125782     -0.432289720    
  -6.70312941E-02  0.675289452    
  0.136774197      0.143697396    
  0.650820494       1.06241381    
  0.552317798     -0.817815363    
   6.25962839E-02  0.573989928    
  0.222924307       7.81745836E-02
   1.27745795       1.30312750E-02
  0.609678090     -0.168619379    
  -5.43102697E-02   1.10889530    
  0.572274685     -0.967462659    
   1.06617999      0.419693321    
  0.345682919       2.04794645    
  0.165406302       2.03539896    
  0.886708081     -0.552686214    
 -0.182108760     -0.196019486    
 -0.683399320     -0.706357002    
  0.551757574       9.36620682E-02
   3.58448774E-02   1.49761569    
  0.641677737      0.819640219    
  0.351049751      0.211397082    
  -1.93549562      -1.51337373    
   4.27756570E-02  0.149483711    
   2.06567264      -1.18364656    
  0.597989500     -0.611665070    
  0.589428425      0.599632680    
  0.352186471       9.46456045E-02
  -1.00737059      0.159248918    
  0.397005975       1.24453139    
  -1.84177577     -0.340737671    
  0.151117027      0.264284313    
  0.288251758       1.39949453    
  -1.29071999      -1.11886311    
  0.224309325     -0.548951924    
 -0.289610922     -0.403473824    
  0.650592268     -0.698162615    
  -1.59855437       1.96200395    
 -0.901870251      0.725039482    
 -0.779407859       4.33831364E-02
  -1.73453557      0.558333337    
  -1.22512436     -0.122023135    
   1.04209375      0.203130037    
   1.11464155      -1.29991651    
  0.330262989      -1.20304644    
  0.203157321       1.88804281    
   1.58496916     -0.676873744    
 -0.620524108     -0.487490952    
  -9.20451880E-02  0.709305346    
  0.675948083      -1.26414847    
  0.342767358      0.600849032    
 -0.158324763       1.07864463    
  -1.00167286      0.895599186    
 -0.242569059     -0.737110436    
  -3.61791626E-02 -0.737012446    
  -1.97368526       1.57495975    
  0.917375326       2.38373876    
 -0.123236291       1.12180126    
  0.815769970      0.248192310    
  0.298970670      0.703272104    
 -0.450288773       1.12513328    
   1.37906969      0.451305777    
  0.561400890       1.35994983    
  0.476313323       1.52845037    
  0.646690905       1.11879802    
 -0.163595900       1.34702682    
   2.34431121E-02  0.623295546    
  -1.80073726      -3.71796153E-02
  -5.91148622E-02 -0.416766137    
 -0.427016824       1.74240434    
  0.527301967       1.47041571    
 -0.664577484     -0.124558859    
 -0.557360172     -0.541515708    
  0.747327507     -0.744718909    
   1.28597784       2.10615158    
  -1.72893715     -0.227496818    
  0.116434157     -0.777532458    
   9.92089361E-02  0.597562075    
  0.899764478      0.136583820    
 -0.348361105       1.65647483    
  0.353111923      0.804345071    
  0.576028943       1.35267353    
  -1.95010042     -0.968842089    
 -0.431343615      -1.13199711    
   2.04904962     -0.750009000    
 -0.214583561     -0.281856120    
  0.221617237     -0.109072559    
  -1.04220879      0.522443891    
  0.237478495      -1.09326863    
  0.395076364      0.772460878    
 -0.262129694     -0.485216439    
   2.65633464      0.573142290    
  -1.14922333      -8.36307704E-02
  0.129620835     -0.559907079    
  -1.41504252       1.10754204    
  0.399507850      -2.05644107    
  0.238400817       2.73084354    
  0.872727096      0.788656950    
 -0.690573812     -0.845025480    
 -0.830125868     -0.153886095    
  0.779208899      -1.34008646    
   1.07987249      0.543655097    
 -0.498535097       7.48271309E-03
 -0.117101438      -1.66517103    
  -1.25165844       1.15058410    
   1.12776828      0.990532935    
  0.512783527      0.537567675    
 -0.432800591       1.17158246    
   1.43014157      0.530987263    
  0.168924376      0.949971378    
  0.494682193      0.713223636    
  -6.45343736E-02   2.30979443    
   1.17979395       2.83509922    
  0.936663032      -7.52276508E-03
  0.967153370       7.95554817E-02
  -1.30700850       1.10131097    
  0.740766823      0.927760422    
 -0.297742426      -1.11385179    
  0.317942649       1.24026346    
 -0.684794784      0.284798890    
 -0.654225111     -0.867703855    
  0.231467098       1.30720723    
  0.350487173      0.793263614    
  0.435798556      0.205056161    
   3.80060449E-02  0.735094845    
  0.498845786      -1.58351767    
  0.585848927       1.02356410    
  0.792274594      0.542035580    
 -0.800156653     -0.254880995    
 -0.451524943     -0.995757282    
 -0.908640325       1.66972482    
  0.150487289      0.908898354    
  -9.00410209E-03  0.422052473    
 -0.656187356     -0.795142233    
  0.404263645      -1.09705591    
 -0.867254615      0.246687040    
   1.22027934      -1.74415159    
  -1.76798081      0.884366810    
   2.65684765E-04   1.76337171    
 -0.365238070      -1.36523557    
   1.22182083      0.261622757    
  0.954256415      0.379837394    
 -0.624643326      -2.25868845    
  0.901284218     -0.244229957    
 -0.909261525     -0.530689597    
  -1.29107749       1.45090568    
  0.477233648      0.276480705    
  0.258184731      -1.31379211    
  0.327329487     -0.176113978    
  0.495855749      -1.28057027    
 -0.507799923      0.809562266    
 -0.653147340      0.371781319    
 -0.363523602      0.555705726    
  0.344004273       1.77322049E-02
  0.166698962      0.760330915    
   1.36547816       1.72551048    
  0.217655435      -1.11043012    
  0.897378862      0.346151233    
 -0.942753077     -0.266075134    
   1.32844102     -0.603904128    
  -1.61893165       1.16578722    
  0.857843399       1.02697694    
   1.97425330       1.17331469    
  -1.25157154      -1.20075583    
  -1.44342389E-02   1.31321228    
 -0.309947878      -1.52868032E-02
  -1.62679923     -0.501013935    
   1.76451182       1.70317447    
  -1.38490891     -0.641531765    
 -0.489566147      -1.29916954    
  -1.08518740E-02  0.881126583    
  0.388183981     -0.952376723    
 -0.859283566     -0.152014717    
  0.431801885       1.24370456    
  0.348968565       1.49998522    
  0.810247600      -2.18579192E-02
  -4.90195975E-02  0.602624238    
  0.515826523     -0.504280448    
  0.949633956       1.22322750    
   2.06191802     -0.532454610    
  0.389531106      -1.59779871    
  0.532497525     -0.356273144    
  -8.15315843E-02   1.64312541    
  0.295218408      0.205882058    
  0.231783882       1.44401550    
  0.817834079      0.963300467    
  0.542805433       1.26860321    
  -1.53101230      -5.32145500E-02
 -0.769806564     -0.837993860    
  0.214463115       1.23430073    
  0.302550316      -1.20778310    
 -0.833580375      0.212281436    
   1.12658501       1.05640209    
  -1.21003473      0.408000708    
  0.337212950     -0.112354748    
  -1.66148639      0.109105937    
  0.111507207      -3.35334092E-02
 -0.876885235      0.981780827    
  -1.08734393     -0.778417945    
   1.36695993      0.302341104    
 -0.966944516       1.26649177    
  -3.70192342E-02  0.567388058    
   1.40191686     -0.105290540    
  0.272745281      0.792115927    
  0.655102193      0.991751790    
  -1.59427691      0.505764425    
  0.937623799      0.325920880    
  -1.59957372E-02  0.303017825    
  0.685924828      0.328743309    
   1.52721322      -1.50607169    
   7.05647692E-02 -0.373562396    
   1.46703029      0.807784438    
 -0.177103743      0.806997061    
   2.86792088      -1.09885156    
  0.317394286      0.136501759    
  0.956312716       1.36974514    
  -4.98159491E-02   7.04689547E-02
  -1.24212718       1.39367938    
  -1.50191081     -0.828059196    
 -0.227134079       2.04835343    
  -1.73687398      -3.74241658E-02
  0.809709072     -0.729746938    
 -0.617224038      0.241708323    
  0.173715234      0.212604970    
  -1.83000112      -3.02944742E-02
  0.226498812      -1.28219843    
  -1.07536829      0.646652699    
  -1.14465165      -2.04163380E-02
   1.22485197       1.04851437    
   1.49290860      0.794523656    
 -0.965656877      -6.99407980E-02
   2.75839288E-02 -0.408370435    
   2.03630400     -0.706685781    
  -1.66769898       4.92365882E-02
  0.823508978       7.61470795E-02
 -0.174584329     -0.753143311    
 -0.830262184       1.18098974    
  -9.25690085E-02 -0.251732022    
 -0.510326684      -1.19608557    
 -0.379286766       1.33165324    
 -0.268743843       1.75112832    
  -1.21824515      0.117408320    
 -0.407415539      -1.65622127    
  -3.59955835       2.28641582    
  0.905593514      0.589511633    
 -0.638342440     -0.284002125    
 -0.266426116     -0.274982363    
   1.32197738     -0.690759838    
  -2.80407381      0.236726433    
  -1.13008130      -1.23026657    
 -0.547323465      -1.14839506    
  0.191669628       1.22504556    
  0.160867289      -1.23180044    
  -1.32529545     -0.562815964    
   2.58732462     -0.705501139    
  0.879466891     -0.828089952    
  0.517863452      0.911754668    
 -0.310695887      0.378333807    
  -1.39966583     -0.796357632    
  0.169231609      0.680898488    
 -0.476205945      -9.99366418E-02
   1.91622758       2.76156616    
 -0.552762687      0.108220868    
  0.780842006      0.437515616    
  -1.41276876E-02 -0.889734864    
  0.741226315     -0.116593592    
 -0.128449351     -0.586898327    
  0.330818236      0.745258152    
  0.262459099     -0.788266420    
  0.829269409      -7.78975040E-02
   1.09123659       1.22245622    
 -0.867965221     -0.197549239    
  0.255481511      0.159095541    
 -0.506518424      0.952196121    
 -0.426304579      0.727437794    
 -0.751374483     -0.631209671    
 -0.137063771      0.539193571    
  -2.08748555     -0.217736542    
  -1.17982674      0.867769897    
   1.64814627      0.347516239    
  -1.09004211      0.697394252    
  0.292497367     -0.385932803    
  -1.43620610     -0.791206896    
   1.52718163       2.52038240E-02
  -8.19916129E-02 -0.477539122    
  0.727770507       1.03899097    
   1.87925976E-02  -2.18937063    
  -2.55987179E-02  -1.19378126    
  0.101985402     -0.812549114    
 -0.955815852       1.22400892    
   1.53097785       1.03098881    
  0.346530885      -1.97968113    
  0.767707348     -0.328844011    
  0.334651887     -0.705790997    
  -1.32096791      -2.56599672E-02
 -0.254442006      0.470525771    
  0.267876953      0.645574450    
  0.850568056       2.03141403    
 -0.168810874      -1.26524246    
 -0.611987650     -0.395428598    
  -1.92604363     -0.311220378    
 -0.113447651      0.724833786    
   2.22455883     -0.238467231    
  0.365678310      0.136463895    
 -0.496598274     -0.794775248    
   1.09655082     -0.986829758    
   1.36120856     -0.292083681    
  0.187441960      0.997038841    
   8.40044916E-02 -0.354893059    
   1.37497652     -0.773814201    
 -0.435312152     -0.514609158    
 -0.297088981     -0.585514486    
  0.325966388       1.22090495    
  0.849394500       1.25658131    
  -1.79702687       6.03585094E-02
 -0.335555464       1.33777881    
  0.258978993      -1.58457661    
  -1.41066420      0.451653153    
 -0.772044063      0.335475802    
   1.01754975     -0.685784400    
  0.558927834      0.161924824    
   1.08280933       1.50344253    
 -0.457585663      0.239091575    
   1.17469215     -0.901450992    
 -0.386949658      0.829732716    
 -0.306131542      -8.07740465E-02
  -1.46574318      0.600155234    
 -0.947403729      0.174382553    
   1.41149211     -0.221023872    
   1.15032518     -0.171311423    
  0.172619045      0.434156299    
  0.441905320     -0.390527070    
  0.525972009      0.986986220    
 -0.774909079     -0.601221621    
  0.571930885       1.47762382    
 -0.632875681      0.930576563    
  0.802274764      -1.58968568    
 -0.485264808     -0.564868450    
   2.17745090      0.485440284    
 -0.244720072       1.27027524    
   4.47271354E-02  0.730903268    
   1.62599552      -2.02961397    
  0.769353509     -0.495630652    
  0.480673552      -1.03579688    
 -0.354064226      -1.10038948    
 -0.533559382     -0.253277779    
 -0.526852429      -1.48090923    
 -0.895275116      -1.54296100    
 -0.804422140       8.14237818E-02
  -8.08085501E-02 -0.673940957    
  -1.37223995       1.45634353    
 -0.312472463      0.135156810    
  0.590207934      0.875861347    
  0.367788523      0.789372742    
   1.23966169       1.58483064    
  0.707796335     -0.930263877    
  0.285094023      0.244544700    
  0.659995258     -0.361791819    
  0.588620782      0.261899412    
  -2.17630172       1.07604420    
  -8.20503011E-02  0.456555367    
 -0.542614698      0.231009915    
  -1.12816119      0.238195062    
   1.25314367     -0.532943428    
 -0.841142416      0.320768446    
 -0.299497753     -0.154665679    
  -1.61128724      -1.15832555    
  0.991290390     -0.799957156    
  -2.68312804E-02  -1.35551596    
  0.768460512      0.521454275    
 -0.142546684       1.51901710    
  0.467932880      0.129190966    
 -0.669028044      -1.38389707    
 -0.359273285     -0.227378011    
  0.363232076      -2.04397964    
   1.52637053      -1.80964243    
   4.75445576E-02  -2.11629391    
   2.33501339      0.320615888    
  -1.11570549      -3.65937166E-02
  0.413725972     -0.683853507    
  0.599716842      0.106446132    
   1.15724242      0.546476781    
  -1.67951298      0.234809533    
   2.13362217      -5.03450483E-02
  -1.16707838     -0.171744138    
  -1.02011931      -6.04764894E-02
   1.05223501      -2.41708875    
   6.47365004E-02  0.855997264    
  0.336767882     -0.478998184    
  0.266835660      0.444247156    
 -0.213551179      0.163756818    
 -0.125674129      0.335566372    
  -1.12697327       6.98479265E-03
   2.24977469       1.32433343    
  0.447289824      0.577231944    
 -0.147222087     -0.309108198    
 -0.364364982     -0.653077126    
  0.892798305     -0.199228168    
 -0.686250925      -1.63526547    
 -0.605275869      0.820912540    
  0.191397563      0.822156906    
  -1.67022455      -9.97553617E-02
  -2.18690705      0.126661628    
  -3.11886406      -1.11417687    
  0.151316911     -0.872572541    
  -1.92239201      0.658760488    
  -1.03891075      0.676061213    
  0.140519708     -0.161576480    
  -8.38498771E-02 -0.770062625    
   2.11113358      0.488318264    
 -0.440253735     -0.246769294    
  0.768945813     -0.566589773    
   1.79857457       1.28964853    
 -0.981313229     -0.634203672    
  0.254573673     -0.940100610    
  -1.84914351     -0.546032667    
   1.51965392     -0.764466465    
 -0.110265762      0.191392720    
 -0.467187345      0.812319398    
 -0.809334874      0.165280148    
   1.09244084       1.95658398    
   1.33144236      -2.66995859    
  -1.55790114      -1.69465947    
   2.18891573     -0.230820000    
   1.11773586      0.706083298    
  0.129145637      -2.09963536    
  0.677013636      -8.02951306E-02
 -0.796128571       1.38024080    
 -0.808593929       2.09304595    
 -0.139867291     -0.396600813    
  0.687737107       4.79598939E-02
   1.48756802     -0.348741412    
 -0.361095697     -0.933703184    
  0.138572022       6.37199655E-02
   2.25256109      0.641852975    
  -1.19967604     -0.521407306    
   8.18170421E-03  -1.22793329    
  0.386399508      -1.51558101    
  -1.08822477      -1.03358734    
   1.26975763      -1.50181341    
  0.804565370      -1.00241506    
 -0.747638941     -0.950493395    
 -0.267036945     -0.710145950    
 -0.314471871      -1.17593372    
  0.810405731       2.10878444    
  -1.12398696      -1.05964065    
   1.97034442       1.17645240    
  0.359510124     -0.487489700    
  0.294793218     -0.790558994    
   1.18875539      -1.44837534    
  0.221383065     -0.411680758    
   3.47423404E-02  0.605755031    
 -0.696639836      0.356914490    
  -1.61382890       1.97099913E-02
 -0.180113450      -1.24684370    
 -0.315442175      0.105892614    
   2.25410557      0.258142948    
  -1.10524023     -0.842144072    
 -0.256787866      -1.93292165    
 -0.734461546      0.843696892    
   1.94619119      0.515469432    
   1.76220536      -1.20886385    
 -0.118781224      0.446864456    
 -0.428771555      -1.53345609    
   1.43066943       1.21887791    
  0.854004860     -0.494550496    
  0.686865449       1.09398246    
  -3.29137035E-02 -0.901249230    
  -7.22019821E-02  0.806957126    
 -0.496854872       1.74944568    
   1.25836015     -0.355823338    
   7.69434869E-03  0.501693547    
  -5.50313108E-02 -0.423222542    
  -1.36716199       1.55628443    
  0.230723515       1.49402285    
 -0.782117188     -0.803804517    
  -1.05534005      -2.34627724    
  -2.16445909E-03 -0.417897016    
   1.06746328      0.721177220    
 -0.218047544     -0.552002311    
  -1.74069154       1.01238668    
 -0.574870229       1.59206629    
  -1.60560441      -1.79253411    
  -1.41000986      0.278112859    
  0.685689688       1.79754472    
  0.467335075      -2.06213760    
 -0.902075768     -0.401154846    
   1.20909631       1.00761044    
   1.34224510      0.947566986    
   1.25002599      -1.25436568    
  -1.03725898      0.822408795    
  0.474627942      0.817434728    
   1.66957545     -0.625349581    
   1.16667330     -0.800269842    
   1.17969060      -1.06658316    
  0.834118903      0.325023443    
   1.47260666      -1.05709112    
  0.478784084      -1.96775424    
  0.491811663     -0.986744702    
  0.911034346     -0.308335215    
  -1.41350472       1.96227574    
 -0.409006029       1.35839617    
  -1.09507573     -0.224765331    
 -0.599952221      0.288528204    
  -1.25668955      0.138600767    
   1.59915614     -0.455977023    
  0.933036089      0.846027017    
   1.65164161      -1.33963215    
  0.356299907      0.643718481    
  -1.26818252       1.12855494    
  0.614920974      -2.33925056    
   9.19786692E-02  0.474606723    
  -1.89370718E-02  0.561320782    
   1.67996362E-02  0.422662586    
   2.41812968      0.162230343    
  -1.90585589     -0.337205857    
  0.536542237     -0.192643315    
   3.06381620E-02  0.242788479    
  0.455133110     -0.275001496    
 -0.684531450       4.98098554E-03
  0.258191645       6.04072027E-02
 -0.644832075     -0.127597660    
   1.38788033       2.36227848E-02
  0.863864899      0.992130637    
  -1.51584935      -1.78567612    
 -0.590987861     -0.654854178    
  -1.11377549      0.161581621    
  0.667891622     -0.385232151    
 -0.365960598       3.34615898    
  -1.40307045      -1.29259956    
 -0.884468675     -0.648302138    
   1.21366918       4.64673005E-02
  0.602314413     -0.530228019    
 -0.711397886      -2.02657127    
   2.00897567E-02 -0.425308824    
  -1.44851673      0.658048272    
   1.19531107     -0.622154117    
  -2.27378726      0.178483710    
 -0.749690473     -0.924156010    
   8.66499692E-02 -0.497624367    
   1.79725194      -1.23533213    
 -0.108234525     -0.399106711    
   1.64212477      0.232163161    
  0.289150923      -7.21112713E-02
 -0.201924920       2.24855208    
 -0.853742778       1.33789039    
 -0.681972444     -0.319724381    
   2.05097580      -1.32521141    
  -1.05271423       1.03613412    
  0.967407525      0.949329853    
 -0.284599453      0.264518708    
  -1.37867570     -0.747617960    
  -2.73579550     -0.647647381    
  -1.94819677       1.70732915    
  -1.04397154      0.815001845    
  0.593371272      0.636035085    
   1.58535898     -0.580040276    
 -0.288958699       1.84421396    
 -0.694542527     -0.758589923    
  0.884827375      0.808401585    
 -0.381381899     -0.812050641    
   2.17490101     -0.643028557    
  -9.32419300E-03  -1.11131668    
 -0.365513921     -0.876036644    
 -0.732112825     -0.786221921    
  0.622022092      0.390023172    
  0.228820473     -0.152534932    
  -1.03327703       9.67909992E-02
  -1.10640144      -2.02332616    
   1.29570019      -1.02267432    
  -3.87449153E-02  0.745264053    
  -1.37874901     -0.638875246    
  0.181226000      0.538867712    
  -1.07506537      0.928152680    
   1.76341796       7.81211480E-02
  -1.28514969      -1.07334161    
  0.820443332       1.96432650    
   9.46741328E-02  -1.59862864    
   1.01457155       1.34502530    
 -0.636828542     -0.301764190    
 -0.550422132      0.397099346    
   1.04823685       1.13652742    
  0.459258258     -0.948410928    
   1.49372077     -0.904949129    
 -0.272432983      0.463459224    
  0.744829059     -0.226417229    
   1.20484736E-03  -1.24741197    
   1.37763548       6.75870180E-02
  -2.91236353       1.42661965    
   1.30614686       1.23143697    
   1.06769335      0.682561040    
   1.69870400      0.565154314    
   1.27865434      0.538424611    
 -0.931453884     -0.537599683    
  0.769372940       1.03889239    
 -0.805020690     -0.193633959    
  0.438694179      0.960670292    
   1.09064901       1.55771458    
   5.09289727E-02  -2.15836763    
   2.32074881     -0.386374027    
 -0.337574840     -0.214545995    
  -1.32953203      0.243946418    
  -1.23501062      -1.57106960    
 -0.502678275       1.80221736    
 -0.750117481      0.132560492    
  -4.75388505E-02 -0.728281796    
  0.921863496       1.02609622    
  0.210109636      -1.20351565    
 -0.920455992      0.117369153    
  0.194943145      0.340032190    
 -0.370158106      0.906398416    
  0.988340795     -0.302172691    
  -1.32740772     -0.435992390    
  -1.18135989     -0.537110507    
 -0.341263562     -0.324950904    
  -1.17640698     -0.102712795    
  0.874612927     -0.645641685    
   1.26735103      0.575283527    
  0.972252846     -0.844403625    
 -0.435325593       1.42794573    
   2.25884533      -1.05000710    
 -0.828569412      0.179146633    
  0.800290108     -0.766501963    
  0.585744500     -0.417335212    
  0.694497228     -0.361269176    
   1.10299468     -0.454033703    
  0.238774955     -0.283954173    
  0.118566543     -0.162667528    
  -3.96892317E-02  0.336071044    
  -1.03018320      -1.27006221    
   7.20863417E-02 -0.299511760    
  -1.30463016     -0.946920335    
  0.488830328       1.18358529    
   1.25588953     -0.459709823    
   1.34257078     -0.672100067    
  -1.40237713       1.28519785    
   2.39038754     -0.165364280    
  -1.42133200     -0.566933393    
  -1.25172997      0.761911392    
  0.867137372       1.51002038    
 -0.512261927     -0.812409163    
  0.385807455      0.510558307    
  -3.12727690E-02 -0.310135156    
 -0.606898010      0.865715444    
 -0.491635799     -0.181043088    
  -7.81478286E-02 -0.128927246    
  0.796594262      0.115975015    
  0.425016582      0.664031446    
   2.99651337     -0.693880022    
 -0.192695037       1.46726227    
  -1.61791444     -0.521333516    
  0.997714996      -2.10539158E-02
  0.464024395     -0.655920744    
  0.510951459       1.21626413    
   1.52320337      0.353831410    
  0.681394577       1.42383242    
 -0.575650752      -2.20244741    
 -0.324384362      0.528268576    
 -0.469060212      0.475301266    
   7.48012140E-02 -0.124932453    
  -1.82559645      0.198462352    
  0.334372371     -0.794996798    
   1.48987901      -3.10106967E-02
  -7.21901730E-02  0.873178184    
   9.78523046E-02 -0.452166051    
   1.42861279E-02  0.264481455    
  0.392506540     -0.709441125    
  0.900613844     -0.386925846    
  0.852111816      0.669592679    
 -0.234398484      -1.11691332    
 -0.216215909      -1.13213658    
  -1.08869386      0.557815731    
  0.868521571      0.529576063    
 -0.820942879       1.16356003    
  -1.09445000       6.11932166E-02
 -0.876746416      0.421511441    
   2.96566729E-03  -2.36725770E-02
  -1.02708912       8.45576078E-02
   1.29021144     -0.802806258    
  -1.13920462      0.539802611    
  0.105296910     -0.412401289    
 -0.979736984      -1.18415499    
  -5.46954339E-03 -0.836841524    
   2.35310102       1.02674079    
  -9.29456055E-02 -0.463031828    
 -0.794167280     -0.685877562    
  0.477697670      -8.17151740E-02
   5.25528938E-02  0.599960923    
  -1.94860343E-02 -0.131739810    
 -0.773905993      -7.88548514E-02
   1.77723467       1.68825161    
  -1.19879556       1.26906562    
 -0.616002202      0.463430107    
  0.943191946      -1.47434032    
  0.577130497      -2.45485306    
  -1.20167303      0.841572881    
  -1.01374567     -0.714891553    
  -1.26397836      0.108302772    
 -0.856453359      -1.51317799    
 -0.292601675     -0.510219336    
  0.388328761       1.74818027    
   2.10128617       1.64739716    
 -0.922047019     -0.485043317    
 -0.591872871      0.824199557    
   8.48197043E-02  0.114864945    
 -0.330217749      -1.22178340    
 -0.559788287     -0.255758494    
 -0.422251582      0.871258736    
 -0.545125723     -0.390991300    
  -1.78799582      -1.80852032    
 -0.308910400     -0.439510763    
  0.148619860      0.134791061    
  0.681703746     -0.246643856    
  0.203439906      0.596748650    
  -7.36729056E-02 -0.417012423    
   1.07793653       1.00769603    
 -0.516076446     -0.449257195    
 -0.891011894      -1.17185462    
   1.50977111      0.121895403    
   1.03458130     -0.192238554    
  -1.30198312      0.598989844    
  -1.03075063      0.122569434    
  -1.15316284       1.75487983    
 -0.810561180      0.232018292    
  0.311375737     -0.891895115    
 -0.434421569      -1.00507748    
 -0.866073489     -0.549481153    
  -1.05428827      0.529941678    
  0.971650660      0.442748845    
   2.13948941     -0.409131825    
   1.17720985      0.272667050    
  -1.89645410     -0.373517215    
   1.03173339      -1.03171575    
 -0.411807895     -0.101047754    
   1.14569366     -0.310293764    
 -0.376849949     -0.509412110    
   1.45309615     -0.867067277    
  0.980673790      0.365597278    
  0.106221452       2.93273255E-02
 -0.525461793      -1.53782010    
  0.210820913      0.972142637    
  0.284377217      0.166778624    
  -1.69643199      0.651385128    
 -0.255058646       2.52607369    
   1.30137455       1.57176423    
 -0.282775879     -0.437359601    
  0.602239966       1.24914777    
  0.164625198       1.62171125    
  0.425991148      0.898458540    
 -0.518783629       1.08105350    
 -0.317769408     -0.688821197    
  0.177191764     -0.795999587    
 -0.516100705      0.350287914    
  0.751428187     -0.337162882    
 -0.552824080     -0.368862361    
  -2.31762719       7.14870822E-03
  0.212310567       1.98588264    
  0.863753319       2.23559499    
 -0.635933995      -1.45799232    
  0.385817230      0.801108599    
  0.726615548      0.815924287    
  0.584652841       1.95036721    
   3.13301373      -1.07844031    
  0.252114862     -0.689273655    
  0.902966857      -1.40434599    
  -2.24384952       1.12491310    
  -1.24078071      0.786247969    
 -0.652833521     -0.110392019    
   1.18069696      -2.92798376    
   1.02736104       1.68559015    
  0.607467949      0.417940617    
 -0.630318999      -1.46239471    
  0.243763834     -0.625623941    
   1.12331331      -8.73293206E-02
  0.566640139       1.97140479    
   4.70954739E-02 -0.963863254    
  0.435038656      0.542479992    
  0.569401920       2.55371118    
  0.291688353      -1.20812571    
   1.20650804      0.761612296    
 -0.834897637      0.165796176    
 -0.683748543      -2.01061702    
  -1.03903854      0.106794663    
  0.255815476       1.22710848E-02
  0.865117252     -0.831318378    
 -0.228673771     -0.218961731    
  0.329479396      -1.77546763    
 -0.503226757     -0.980724931    
  -1.44095659     -0.214826807    
  0.130857423     -0.995433271    
  -1.63331721E-02   1.25228986E-02
   1.76523447     -0.771542549    
   1.16375703E-02   5.39471768E-02
 -0.539596200     -0.478184938    
  0.710190296     -0.596426368    
  -1.01670611      0.176978946    
   1.01360213E-02  -1.62033403    
 -0.223257110       1.86337960    
  -1.05873525     -0.452464968    
  0.828287661     -0.313407093    
   1.07704163       1.67256951    
  -1.12767792      -1.78033781    
  -1.50724590     -0.365958989    
  0.631199658      -1.00881863    
  -1.38963270       1.75634861    
 -0.403553903      0.532493651    
  -1.19504857      0.704871297    
  -1.20285296      -1.41475785    
   1.77001739      0.262459844    
  0.197641820       6.29235208E-02
  -1.82580030      -1.93278408    
  0.743694067      -1.51839519    
  0.975345314      0.574216545    
  0.383013338      0.249765143    
  0.167031795       2.36693453E-02
  0.609410346      0.539442360    
  0.674275517      0.601426661    
   1.57702816      0.485813290    
  0.949779391       8.11838731E-02
 -0.410894006     -0.552606463    
   1.64383447      0.887311220    
  0.745632112      -6.58292174E-02
   2.36990738      0.512044668    
  -2.42091063E-02   1.08523202    
  -1.05610919       1.38349724    
 -0.341936469      0.129699528    
  0.770535588      0.786703229    
   9.67756212E-02 -0.637967706    
  0.795430899      0.378672183    
   4.17938782E-03   1.77930164    
  0.895874560      -1.06179106    
 -0.693941712      -1.10806561    
  0.494260699      0.609308958    
  0.584339917      0.123861738    
 -0.110474266      -9.22610313E-02
  0.992033601      0.819537818    
   6.27436414E-02  -7.12347478E-02
 -0.782420516      0.386518329    
  -2.17377377      0.935882628    
   9.32936147E-02  -1.38519216    
  0.771988988      0.425846934    
 -0.459502548       1.04106319    
 -0.376435906     -0.328705162    
  0.563606799      0.797815144    
   1.26223016     -0.181190550    
 -0.613837838       2.31084228    
 -0.273753941      -1.48656416    
  -1.86536945E-02 -0.101824202    
 -0.185728461       1.26204991    
 -0.987740397     -0.272253305    
  0.560976565      0.943696856    
 -0.789313912      -1.21486449    
 -0.475344479     -0.687583923    
 -0.804092646       1.28939688    
  0.728002071     -0.342569113    
  -1.78021991       1.36603761    
  0.947940052       1.55445194    
  -7.39694461E-02  0.630602837    
   1.36918390      0.240390942    
  0.467941076      0.543337882    
  -1.71636891      0.470607191    
  -1.20027149      0.869323134    
  0.554868579      -1.25435531    
 -0.286582530      -1.83391488    
  -2.45167967E-02  0.871587455    
   1.22696924      0.620571673    
  0.277553797      0.679677308    
  -1.18603313      -1.35163879    
   1.25767982     -0.833055913    
 -0.367227167      0.184566528    
 -0.185033053       3.55043560E-02
 -0.530621290      -4.20317128E-02
 -0.916874886       1.70314717    
   1.41075683      -1.81204426    
  0.691114187      -1.10321152    
 -0.506056488     -0.488002539    
  0.770058513     -0.915301561    
 -0.331994027     -0.293822318    
 -0.327749193       1.23973799    
  -1.27720475     -0.748394668    
 -0.791000664     -0.759202898    
   1.18388999       1.07334089    
  -1.33847034      0.339428991    
  -1.02078700      -1.29220474    
   1.34319952E-02   1.47077000    
  0.151124105      0.974022448    
  0.117758855     -0.790812850    
  0.615597308      -1.34718370    
 -0.489327610       1.08984888    
  0.123919256     -0.291116565    
 -0.394766629     -0.627978742    
 -0.344301432       1.08102763    
 -0.253701806     -0.385589838    
   2.28644896      0.435888141    
 -0.959808648     -0.343174875    
  0.366396666     -0.747112453    
  -2.01061368      0.315723032    
 -0.307736099      0.610215783    
 -0.850073934     -0.712703884    
  0.917280495       1.04511833    
 -0.218176290      -1.09664452    
  0.305358350     -0.360016137    
   8.83568823E-02   1.05438840    
 -0.431787789      0.295739502    
  0.408137619     -0.329941183    
  0.799042821       1.13442540    
   1.00598598     -0.444284290    
  0.352035344      0.210965663    
  0.859570861      0.154153779    
 -0.119483694      0.429893821    
  0.529814959      -1.07351446    
   1.01802254      0.216688111    
   1.50659159E-02   1.91449499    
  0.173239365      -2.10743785    
  0.283237875     -0.949890792    
  0.764587522     -0.131081894    
  0.589133084       1.28335774    
  -1.06462991      -5.48377410E-02
  -1.63127136      -1.58491957    
  0.808408856      0.781885505    
  -1.14738488      0.304977268    
 -0.148864999      -1.45805144    
 -0.892735362     -0.812001646    
 -0.933373153      0.939718485    
  0.158721849       1.85115691E-02
  0.709153056     -0.921532154    
 -0.390595913      0.746820033    
  0.320128947      0.539709985    
 -0.189987481     -0.778774619    
 -0.853961289     -0.661442101    
  -1.86667311      0.480095148    
 -0.171127036       1.64656258    
  0.492401838      0.960031688    
  0.270965725      0.361734360    
  -1.19427872       1.17461503    
 -0.889366508      0.217580885    
  -1.06641793     -0.712315023    
 -0.670974791     -0.771660686    
   1.95772207     -0.208442494    
  0.227115750      0.674556613    
 -0.781538606     -0.156388372    
 -0.175439462      0.133317292    
  -8.96057636E-02 -0.953929305    
  -1.28869689       1.17012072    
   1.74460471       1.13502252    
  -1.00154078      0.355947405    
  -1.90363169     -0.229631081    
  0.702449322     -0.348356396    
 -0.426970035     -0.555309534    
   1.26387358      0.900239229    
  0.623603046       1.45268667    
  0.320061356     -0.223691016    
   1.01949179      0.985266566    
  -1.55091679       1.07156384    
 -0.720889151     -0.475400478    
  -1.12292624       2.66107655    
 -0.277621388     -0.705569983    
  -1.03318107      0.749571264    
 -0.412428230       2.51183826E-02
 -0.964777410      0.233081192    
  0.140010819     -0.122462809    
  0.390008360      -1.36824930E-03
   5.07530235E-02 -0.601102471    
  0.776431561      0.562003732    
  0.602765560      0.863732576    
 -0.427464306      -1.28050327    
  0.748334646       3.56278978E-02
 -0.187183887      0.140775308    
  0.604650915      -2.87078834    
 -0.932208121      -1.95259511    
  0.550244629      0.901737690    
   7.16044009E-02  -1.09020543    
 -0.147641152      -1.52533340    
  -5.45618087E-02  -1.44451916    
 -0.333452851      0.182101220    
  0.550595701       1.49534333    
 -0.207932070      0.615375638    
  0.756038547      0.222194612    
 -0.163150981      -2.06991005    
 -0.260113329      0.539127409    
   8.43045563E-02  -1.75323319    
  0.226683944       2.43718363E-02
 -0.563013613     -0.857056320    
  -1.76909626      0.699135244    
  0.557071865      0.799514353    
 -0.464973629      -1.44028246    
  0.373682350     -0.620989978    
  -1.22352135      0.980520666    
  0.597947776       1.47003305    
  0.587312758      -2.58432317    
   8.85935035E-03  0.133451670    
  0.193444237     -0.246542022    
  -9.55853388E-02  0.929581165    
   1.00208867     -0.323651731    
 -0.824329972     -0.973133981    
   1.54385817       3.44644561E-02
  -2.24131656      0.174931645    
 -0.480128646     -0.630091071    
 -0.903844953      -2.19841862    
  -1.18940175     -0.593180954    
  0.947075963      0.338359982    
 -0.308747053       5.52850775E-02
 -0.498134166     -0.244261965    
 -0.661247075     -0.293148577    
  -4.94295433E-02  0.386731565    
  0.946175039      0.743604660    
  -1.13047016     -0.267247975    
  -4.20069732E-02 -0.946088016    
  0.829937398     -0.917757928    
  -1.32217264     -0.628451109    
 -0.812571526     -0.799115479    
  0.979527116      0.363626182    
   1.04482961      -1.61206186    
  -1.12317979       8.67622718E-02
 -0.371988624      0.632137299    
   1.04002130     -0.629581749    
  0.275748104       1.22044849    
  0.913810670     -0.252174169    
  0.434725732      0.932531476    
  0.329593927      0.371305227    
  0.234242469      0.590610623    
  -1.04092503      -1.74039400    
  0.672436237      0.864996552    
  0.668559670      -1.77792084    
  0.311305046       2.51117373    
  -1.30526412       7.86626413E-02
 -0.698364675      0.756060958    
 -0.748021662       4.51183468E-02
  -1.31394517     -0.200239360    
  -9.85982642E-02  0.528932393    
 -0.792073011      -2.32151842    
   2.17300206E-02  0.510608077    
  -8.23608190E-02  0.318035185    
   1.19428599       2.50559211    
 -0.244166642      -1.96345486E-02
  -1.82581246     -0.730895877    
  0.209727064       1.28739107    
  -1.11067855      0.745375037    
 -0.427712888      -1.08514202    
 -0.145155862       1.19437551    
 -0.803562164     -0.849691987    
  0.188706636      -2.40783429    
  -1.77104712     -0.375489384    
 -0.122120723      0.940738738    
  0.596116304       1.11413312    
 -0.820587933       1.17130196    
  -1.11363125     -0.265394658    
 -0.633356392       1.66217017    
   6.85442239E-02  -1.13570595    
  0.670150578       8.26564580E-02
 -0.192094296     -0.719713151    
  0.400254935     -0.753236949    
  0.424200714       1.36268914    
 -0.409881711      -6.09873831E-02
  0.324636728      -1.29340601    
  -1.69742033E-02  0.635858774    
  -7.49270171E-02  0.422963649    
  0.600158274      -1.22562981    
 -0.675297022      0.408489883    
  0.610935867      0.199047774    
 -0.706361532       1.19805098    
   5.60160168E-02 -0.583692312    
  0.292224884      -1.24201202    
  0.547951400       1.21118355    
  -1.61195374      0.486692280    
   1.24290633      -1.02993917    
 -0.232195571     -0.309895486    
  -1.16893077     -0.244106501    
 -0.236977518      -1.55282962    
 -0.478431165      -1.21313679    
 -0.687719703       1.89620996    
  -1.76091874      -1.03006995    
  -1.10977387       1.10599923    
   2.12904072      0.480885208    
  0.929365754       2.01235914    
  0.166271716     -0.593366444    
  0.600359738     -0.694213510    
   1.90506911       1.29532802    
 -0.504940271     -0.820976675    
  0.227685750      0.465444326    
 -0.438396245      0.350051433    
  0.279192686      0.972318888    
  0.217263043      0.317379624    
   3.32120247E-02   9.70839486E-02
   1.08279347      0.896011472    
 -0.433408082      -2.18825078    
 -0.603944838      -1.70221043    
  -1.41232944      -2.95723672E-03
  0.328313500      0.396072924    
  0.937126398      0.776376665    
  -1.23628402      0.287848115    
 -0.787088871      0.471577168    
  -1.83724558      -1.68031240    
   1.01455998       4.51641344E-02
  -1.15702295       1.29993272    
   2.38257933       1.76684791E-03
 -0.445012838     -0.227197066    
 -0.628575861     -0.226448610    
  0.987832844      0.157366127    
   2.76520643E-02  0.496897906    
 -0.550609469      0.442612767    
   2.48621013E-02  0.430420488    
  0.436472535     -0.432004124    
 -0.826258361       1.53433108    
  -1.37492609     -0.126000583    
  0.232519284      0.493856400    
  -3.64136398E-02  -4.38941158E-02
  -2.55013611E-02  -1.20968056    
 -0.951769233     -0.741338074    
  -1.52621567       9.01372358E-02
  -1.32238257       1.24949527    
  0.249948949     -0.403325111    
  0.604613066      0.143762127    
 -0.912496686       1.47017241    
  0.132514730     -0.340100199    
 -0.828196347       1.08641207    
   5.37007349E-03   1.13686705    
   1.61529854E-02  0.293642879    
   1.47489774     -0.412485689    
   4.62244228E-02  -1.14742172    
 -0.973102808     -0.269352287    
   1.73629045       2.31176758    
  -1.46961212     -0.540693641    
 -0.287557364      0.176485971    
 -0.606165707     -0.185402811    
  0.900480628      0.211612463    
   1.12716603      0.560348570    
  -7.34916776E-02  -5.05796680E-03
  -1.39539564     -0.852889061    
 -0.323598862     -0.444870830    
  0.264395177       8.28876868E-02
 -0.127743080      -2.97549176    
   1.58484888       1.72290587    
 -0.903239727      -1.24827909    
 -0.938591719      0.146223515    
  0.756980002      0.559005141    
 -0.543942451     -0.963371158    
   1.06378090       1.03251719    
  -2.00559330     -0.507272601    
 -0.694511712     -0.572519004    
  -1.23683095      0.491043180    
  0.571216226      0.970927954    
 -0.209417716      0.965729833    
  0.282411247      0.207554236    
 -0.578058839     -0.101314358    
  -2.68608332       1.20990312    
  -1.29897177      -1.68621099    
 -0.982771456     -0.834042013    
 -0.576254368     -0.243841067    
  0.227763325      0.389603406    
   2.24640369     -0.570559859    
  0.961760938      0.937202811    
 -0.151588216       1.13444507    
  0.109291978      0.772315025    
   1.03573227       1.12432647    
   5.47286831E-02  0.386898786    
  0.824614584       1.34591317    
 -0.455663204      0.520505309    
 -0.837546885      -1.64566290    
   1.34919059      0.553553402    
  0.264971882     -0.235664919    
  0.510155976      0.299837708    
  0.354461491      0.959294856    
   8.06376860E-02 -0.525995195    
  0.525339186      0.141054109    
 -0.269065946      -1.07453370    
 -0.540950418     -0.995028734    
 -0.846757591      0.753542066    
   1.04744625      -1.35155094    
 -0.654017270      0.363053650    
   1.02048743      0.853430390    
  0.105423465       2.91071786E-03
   1.99562597      0.538346648    
 -0.702450931     -0.245188773    
 -0.801077724      -1.20775747    
  0.382095814      -1.66016328    
  -1.01146758      -8.46868902E-02
   1.60163367       1.60995746    
   1.78770578     -0.156892568    
   9.50843990E-02   2.30519700    
  0.655592799     -0.149787068    
   1.68803477       5.39955404E-03
 -0.921723187     -0.796372533    
  0.669942379      -3.20916660E-02
  0.183251247     -0.674779534    
  -1.13251567      -1.77027822    
  0.841028333      0.555072546    
  -9.72424075E-02 -0.625416040    
  0.333956897     -0.455562770    
   4.07376094E-03 -0.455154657    
  -1.41607285      -7.39690810E-02
 -0.244390801       1.15860093    
  0.854405701       3.38148139E-02
  -3.22542265E-02 -0.694170535    
   1.09186530      0.596851289    
   1.99523473     -0.185734421    
  0.492584825     -0.178676844    
  -1.31418943      -1.42600608    
 -0.477234185     -0.281947970    
   1.25459778     -0.742481828    
  0.817963541      0.523701370    
  0.392879456      -2.24897528    
  -9.90027376E-03   1.06536102    
  0.529200554      0.406982481    
  0.198241621      0.239270672    
 -0.402245760      -3.00643556E-02
   1.24242914       3.34781967E-02
 -0.659485281      0.668156743    
  -1.39295316      -1.17149157E-02
 -0.738100350      -5.46981990E-02
  -1.21964562     -0.161080882    
   1.44992423       1.22796059    
   1.12156951      0.781491518    
 -0.767178476      0.391219109    
   1.42514026      -1.42972730E-02
 -0.174592644     -0.482069492    
  0.265329272      0.108962037    
  -2.41468143      0.292573541    
   1.06475389      -2.18031764    
  0.882583737       1.06761432    
   1.33415139      0.253931612    
  0.486926973      0.973716438    
 -0.634453177     -0.323651075    
   1.62114787      0.102031022    
   1.54170203       2.03629041    
 -0.973086119      0.503453255    
   1.42148995     -0.562366009    
  -4.48802672E-02  0.392185330    
  0.737051785       1.08546424    
   1.85657489       1.41185808    
  0.990032673     -0.353540212    
 -0.584249914      -8.98403227E-02
  -1.65247893       1.54663074    
  -1.36941659      -1.36403730E-02
  0.626408398      -1.31586390E-02
  -1.10403979       1.12547958    
 -0.794897318      -1.25506389    
 -0.442630529      0.163865700    
   1.09366584      0.945263207    
  0.813960493     -0.158376217    
  -1.46927059       1.21186924    
 -0.816777647      0.180773720    
  -1.33121507E-02  -1.38657093    
  -1.16943097     -0.931311190    
  0.211931080     -0.735644460    
 -0.670426071     -0.252113074    
  0.631109357      0.719447494    
   1.30787516      -1.14002597    
  0.138023108     -0.521611035    
  0.260177523      -1.47574878    
 -0.882603586       1.80898893    
   1.18002522      -1.82845950    
  0.587815821       1.42174041    
   1.37111616     -0.858166099    
  -1.66408765       1.71473026    
  0.235165477     -0.600258291    
  0.531293452      0.637301743    
  0.366228342      0.395267308    
  -3.94076519E-02 -0.120334074    
  0.254960150     -0.208453551    
   4.21778522E-02  0.583371758    
   1.45472670       1.03397179    
 -0.151651353       1.14465761    
  0.843953609      -1.97237515    
  -4.00061831E-02  0.274645239    
  -1.69521809       1.62986290    
 -0.115422063      0.860527098    
  0.502469003     -0.240676314    
  -1.52910757      0.800739884    
  0.331816465       1.61570001    
 -0.572845340      0.393483549    
  0.108877197     -0.603170097    
   9.72018614E-02 -0.135045201    
 -0.233448565       7.08673224E-02
 -0.846350729       2.31485271    
  0.389791161      -1.47200251    
   1.41473269      0.488351434    
  -4.18673642E-02   1.73282874    
  0.718664765      -6.54909834E-02
  -1.39159286      0.643622160    
 -0.596383452      0.389320135    
  0.396921039     -0.611189485    
  -1.43564892      -2.18382931    
  0.642578840     -0.101460084    
 -0.885400236       1.25046504    
  -1.97539628      0.759224296    
 -0.759226203       1.27611947    
  0.359220982      0.736147165    
  0.589594245      -5.02131619E-02
  0.360946655      -1.26700413    
 -0.108259417      0.708472967    
 -0.872363985       1.17583442    
   1.22357738     -0.412622035    
  0.110819012     -0.416268378    
   1.40453196      -1.03082955    
  -2.29631424      -1.81214571    
   2.13504839      0.128950685    
  -1.29754829     -0.970552802    
  0.876141131      0.469567835    
  -1.75705934     -0.736514688    
 -0.337900996      -1.46721733    
 -0.908466160      -1.57476020    
  0.142338231       1.62148392    
  0.150527909      -6.74570948E-02
   1.68525398     -0.494764149    
  0.264419377     -0.283314347    
  0.913645685      -1.04480112    
 -0.169911116      0.335669369    
   1.94108450     -0.547107756    
 -0.207233116      -1.56769180    
  0.144681498     -0.308676660    
 -0.250796169      0.402510643    
 -0.811856508     -0.617438972    
  0.343457520      -2.05072188    
 -0.474896133       1.19475750E-02
 -0.166368872     -0.831930637    
   1.12788689      0.897329688    
  0.744339585      0.939502656    
  0.908379316     -0.232255936    
 -0.330407321       1.31989706    
  0.816547453      0.292303801    
   1.27236092       1.23442817    
 -0.199175641      -1.26899314    
 -0.885756314      -2.52202439    
 -0.112438492       1.95640381E-02
   1.45025897       3.46091501E-02
  -4.18061353E-02  0.177756757    
  0.217763394      0.449733824    
  0.396647930       2.10826602E-02
  0.164725810     -0.117702566    
 -0.321527898      0.900180995    
  0.460351318      0.564773858    
  -1.06855989     -0.697626710    
  -1.76155639     -0.299962521    
 -0.894751847      0.265403867    
  0.329287559      -4.43389788E-02
  -1.09339535      -1.11615551    
 -0.474572629      -1.60037601    
  0.744005144       1.34496164    
   1.51645505       2.00829983    
  0.931060016      0.232430428    
  0.412584215      0.922101974    
  0.278488070      0.321281075    
   1.31070209      0.800787807    
  -2.11665082       3.58391777E-02
  0.235727936     -0.117144868    
  0.790488780     -0.924035013    
 -0.507659018      0.375143528    
  -1.14014769     -0.401794255    
 -0.455036014     -0.229589939    
  -1.61638446E-02  0.433677346    
 -0.103641063      0.388384521    
 -0.988157570      0.175402939    
   1.48488963       1.96249068    
  0.410685331       1.56838381    
   1.07977593     -0.998810828    
  -1.77445281       1.02487171    
  0.501182258     -0.134544149    
 -0.208867446       1.20639622    
  0.562253177      0.809560955    
   1.37988508      0.841577947    
   6.94811046E-02  0.551513612    
 -0.208251446      0.211329460    
 -0.992602527      0.502402484    
 -0.619932115      0.316843659    
  0.508310318     -0.547095656    
 -0.498856187       6.92829192E-02
 -0.246958345      -1.32459962    
  -2.05999827      0.417180657    
  0.329065382       2.20505571    
  0.739374757       1.41638839    
  -1.87033534       1.97947729    
   1.19363379      0.638077974    
 -0.636458337       1.08654940    
 -0.896301031      -1.33605838    
   1.47891891      0.777098954    
  0.852233469      0.421106517    
   2.10715103      0.318859756    
  -1.01785684      0.756779194    
 -0.853469372      0.398037970    
  -1.06353951     -0.615014315    
 -0.425910026      0.548199236    
  0.789509535      -1.35886157    
  0.161628008      0.698091567    
  0.939762175      -1.43212867    
  -1.04619455       1.04620779    
 -0.633388996      0.175123438    
  -1.60906184       1.55404794    
 -0.166267693     -0.763041437    
 -0.175710112     -0.733160973    
  -1.17507327     -0.292248070    
 -0.405517966     -0.446733773    
   1.20794582      0.810646832    
  -1.16426158       1.52397656    
  -1.08965278      0.462897450    
 -0.298230618      -8.58261362E-02
 -0.535160363     -0.204005539    
  0.128003672     -0.383029044    
   2.98519611       4.60625701E-02
  0.730087399       1.13938427    
   1.65289891     -0.629021227    
 -0.725842834       3.13196443E-02
  0.511736333     -0.388539881    
  0.664964736      0.126058102    
  0.169347957     -0.142825633    
  0.509122849       8.77807960E-02
  -5.73620833E-02 -0.430173814    
  -1.06534779      -1.68527246    
  -1.46843457      0.297962576    
 -0.922705233      0.115578257    
 -0.605874002       4.93146554E-02
  0.267764032     -0.462508440    
  0.143813670       1.16954160    
 -0.771441877     -0.707567513    
  -1.02993083       1.08663869    
   1.55169106      -1.09647262    
 -0.745123029     -0.401142776    
  -2.13606906      0.117780447    
   6.36885837E-02   1.04823661    
  0.339456975       2.23089719    
  0.430230737      0.873018563    
  0.135753378      -5.23072295E-02
   1.42319655     -0.119746797    
  0.928035200      -1.92940092    
  0.165738299       1.90459633    
 -0.984622180      0.139899090    
  -1.17205596      0.990009069    
  0.425415546      -1.13519394    
  -1.92712879      0.169583097    
  -1.03297126      -1.22887087    
  0.814603567      0.458102852    
  -1.71692073       1.12401640    
  -1.06532252       2.82234792E-02
 -0.837485909       1.07300091    
  0.922106564       5.08871861E-03
   1.39397430     -0.617216706    
 -0.336435646      0.302403182    
  -1.18437541      -1.71371472    
  -2.58091115E-03 -0.505906045    
  -1.44960403      -1.00207710    
  -1.23693144      -2.08346033    
  0.137471780     -0.311679870    
  0.636132717     -0.580671728    
 -0.517192125     -0.567222297    
   3.82195823E-02  0.352104515    
 -0.851498067     -0.163412243    
 -0.201926976     -0.866838694    
  -1.26548302     -0.829546630    
 -0.221947283      0.370950133    
  0.457140207      0.374808550    
  0.638572991      -1.26096356    
  0.412786067      0.207919553    
  0.527470767      0.985890806    
  0.282888532       2.30790401    
  0.556674778       1.12331700    
  0.345610082      0.223936602    
  -1.79609883      0.160481751    
  0.610294759     -0.523339212    
 -0.657197833      -4.23464626E-02
  0.878843844     -0.967697442    
 -0.675280392     -0.467361778    
 -0.344043553      0.365205109    
  0.790943623       1.45999241    
 -0.788921177     -0.320793241    
   1.21527982      0.598606169    
  -1.21650445      -1.63930523    
 -0.295099169     -0.247535482    
  0.344287097      0.160288036    
   2.58272958       1.51427710    
 -0.206244409      0.361296475    
  0.710448802     -0.357323140    
 -0.244957417      -1.52886128    
   1.10680079     -0.851402819    
  -1.27789414      0.208192229    
  -1.13796031      0.729997873    
  0.234029397       1.48908961    
 -0.854102969     -0.229177922    
 -0.100002445     -0.146419197    
  0.244084194      -1.86462259    
 -0.313349903      0.776471555    
  0.233819559      0.496559709    
 -0.272119999     -0.970465243    
  0.892580628      0.384895355    
   1.02299106       2.09641075    
   1.01702499      0.693971395    
 -0.322052509     -0.929297626    
  0.750629187      0.568627238    
  -1.33799734E-02  0.235793978    
   1.52889347      0.680753291    
  0.223949790      0.384340554    
  -1.28116262      0.464671254    
  0.497662306      0.982938945    
  -2.28251362     -0.620675504    
 -0.237708315      -2.40369320    
   6.89091207E-03 -0.296810627    
   1.12393630      0.628127933    
 -0.623000681       2.22220540    
  -1.59030581     -0.122622080    
  -1.03341663       1.17673898    
  -2.14296532      -1.52764094    
  0.137561902      0.952278435    
 -0.568705142       1.65237641    
 -0.847925305      -3.14770639E-02
 -0.140727460      0.834229946    
  0.456696987       1.59818769    
  0.230277628       1.92157996    
   1.63118291      -1.71267593    
 -0.470118046      0.954744935    
   1.00612319      0.531311214    
   1.42131996     -0.491615444    
  -1.31075692     -0.817015052    
  0.181269571       1.91016471    
 -0.126087129      0.413344532    
   1.30196726       3.44031379E-02
 -0.505757093      0.847757101    
  -7.63795450E-02  -1.29750490    
 -0.123353027      0.294341117    
 -0.547051251     -0.911138415    
 -0.374009430      0.178988814    
 -0.263685524      0.286780864    
  -8.66275281E-02 -0.702719748    
 -0.152873591      0.206409946    
   2.05386901       1.32935929    
 -0.654073894      -5.67687042E-02
 -0.129434466      0.234433070    
  0.748146713      -1.50662744    
  0.321815968      -2.00807881    
   5.97321726E-02  -1.63729024    
  0.622438550      0.797460616    
 -0.868850827     -0.652798235    
  0.578845322      -1.13031685    
   1.16849208     -0.117067553    
  0.346953094     -0.271953464    
 -0.396521300      -9.47132781E-02
  0.272517562     -0.711338162    
 -0.237938717       1.21383917    
 -0.133193731     -0.813045561    
 -0.774302423       1.94268000    
  0.541207910     -0.155106068    
   2.04525018     -0.435510516    
  -3.16793609      0.523970187    
  0.492320567      -1.75005436    
 -0.744508386      0.712228179    
   1.96164679E-02  0.192370385    
  0.847010672      0.349488139    
  0.648075283       1.13653767    
   2.58452892     -0.335805118    
  0.666946352      -3.21068913E-02
  0.386363924      0.529980898    
   1.37912381      -1.43964696    
  -1.40152144       1.38305461    
  0.967905104      0.792974830    
 -0.336386651     -0.696409166    
  0.225440249     -0.456620574    
  0.336178988      -2.17898750    
 -0.873067439      -1.13889289    
  -1.11584342      -1.33247375    
 -0.558767021      -9.07947347E-02
 -0.750860870      0.693184376    
   1.28275323       2.40665436    
   1.36080098      -1.73148203    
  0.955964327       1.09221733    
  -3.24299979      -1.84050572    
  0.275555581     -0.230417252    
  0.103678100     -0.857049108    
  0.960430801       1.02981973    
 -0.109212801     -0.923172653    
  0.429333717     -0.891955018    
 -0.995923996     -0.216801360    
 -0.750512898     -0.577182829    
  -1.14481258       1.41107702    
  0.391814739      -2.11856914    
   2.29375679E-02   8.01744871E-03
  -1.45014417     -0.707598090    
  0.577287614       6.36355653E-02
   1.02409208      0.479112715    
  0.489144087     -0.946770251    
 -0.973416030      -9.79528725E-02
 -0.117283344      0.392860502    
   3.90389711E-02  -1.41385937    
   1.06953764       1.02414024    
   1.82673800       2.77574396    
  -1.30585146       8.97674239E-04
  -3.55326105E-04  0.388307959    
 -0.418196291      0.891071022    
 -0.172255248     -0.860482156    
 -0.984584033      0.127600312    
   1.25949264     -0.589327514    
  0.108407326     -0.563856125    
  0.795172274       1.36052692    
 -0.677449763      0.299699008    
   1.20570505      0.171399459    
 -0.487570882       1.07468987    
  0.507119656       3.46064642E-02
 -0.125800252     -0.432498127    
  0.989551067       1.43490934    
  -2.48184514     -0.445807487    
 -0.560897708     -0.554141462    
  0.773418307     -0.669438422    
 -0.112835698      0.830437720    
  0.728380322      0.122023389    
   1.08917499      -2.04392719    
 -0.101121731      0.267953455    
   1.98733866      0.362549871    
  -1.00655258     -0.314961880    
  -1.77904475     -0.756979346    
 -0.349538445       2.35302711    
  0.456288338      -2.18322147E-02
   1.19385123      0.550133884    
  0.771435440      -1.27027500    
 -0.574312627       1.18187106    
  0.363376588      -1.77471526E-03
   1.11183572      -1.90065408    
 -0.285626709      -1.31000161    
  -1.08160663      0.920244098    
   7.70746246E-02   1.65031743    
  0.568105042     -0.411010802    
  -1.19915700       1.28916597    
 -0.686807930       1.17327619    
   1.91301119E-03  -6.04111366E-02
   1.74188721      0.672847569    
 -0.277072847       1.64377332    
 -0.636505723       1.26342332    
   4.98262532E-02   4.66422960E-02
 -0.326063514      -1.70581639    
  0.427998871       1.03621674    
  0.660620809      -1.63395071    
 -0.508933306     -0.112587027    
  -2.66953754     -0.101599701    
 -0.824359655       1.07608449    
  0.951857924      0.599383414    
  0.702406824      -2.36619091    
   4.66531068E-02 -0.817793369    
   2.40813303     -0.964545608    
  0.371436477       1.35848570    
  0.657857656      0.589465320    
   1.21322584      -1.11635673    
  -1.08900070      -2.25481223E-02
  -1.43437207      0.713875473    
 -0.618119359     -0.254486471    
  0.786998451      -5.35093658E-02
   2.22263670       1.86899757    
 -0.319060057      -1.22494924    
   3.25134325      0.343356222    
  0.344928980      0.352874726    
 -0.516643882     -0.215077087    
  0.711799204      0.603010237    
 -0.335295558       9.94643345E-02
 -0.116287187      0.893394828    
  0.381624788      -1.36939323    
  0.837222159       1.23690009    
  0.880429983     -0.270395458    
 -0.480642706      -1.72913885    
  -1.38888156       3.81892622E-02
   1.77196670      -1.62848592    
 -0.837470591       1.14069366    
 -0.977119565     -0.419146478    
 -0.360432625     -0.716778457    
 -0.309716016      -1.53120673    
  0.947476327      0.360090256    
 -0.543295383       1.48738039    
   1.42188227       1.38085938    
 -0.898289502       1.81596136    
  0.495195061      0.555343330    
 -0.689784765      0.981610060    
  -1.07275741E-02 -0.511116266    
 -0.818988919       1.32249407E-02
  0.384664416      -1.66470182    
  -1.51414979     -0.162691996    
 -0.314010412      -2.70750821E-02
  0.175186947      0.760700583    
  0.376481086     -0.212149993    
 -0.852985442      0.435518861    
   1.18812859      -1.73814940    
 -0.715584457      0.934923768    
   1.10261273     -0.972760558    
 -0.270345151       7.85622299E-02
 -0.724193931       1.26247478    
  -1.54631294E-03 -0.823025107    
  0.396030724      -1.77236176    
  0.987112224       1.34027672    
  0.377387613     -0.311857671    
   1.19887030     -0.748259842    
 -0.240598053      0.159390584    
 -0.451471627      0.687490165    
  0.873507202      0.561143756    
  0.965151489       1.24087012    
  0.965436816      0.346195221    
   2.95103621      0.888671637    
 -0.746320605      -1.08403099    
 -0.189571127      0.901858151    
  0.356353760       2.10179631E-02
  0.812445641       1.48078144    
  -1.09020782      0.311934412    
 -0.170565769      -1.82524335    
   2.10452175       1.11659753    
 -0.237748981     -0.878804624    
 -0.168545246      0.597706616    
  0.451292574       1.53630888    
  0.389705867     -0.767713487    
  0.565602541     -0.499982655    
   2.00750804      0.163886264    
  -1.53233695       7.97561482E-02
   2.13090587      0.101760618    
  -2.47044301      0.806676030    
 -0.293423831     -0.805986106    
  0.918389857     -0.785916984    
  0.720378578     -0.539521694    
 -0.946248174      0.802506089    
 -0.503990471       2.27131176    
  0.145764440     -0.574161530    
  0.464650959     -0.863842428    
   1.09688008      0.613287270    
  0.364877373      -2.42233253    
  -1.02960396       4.83210087E-02
  0.669156551       1.69929814    
  -1.44094181      0.554449201    
  -1.30511189     -0.103024766    
 -0.628258646     -0.589282095    
 -0.271732479      0.400328338    
   1.55543220       2.09384632    
  -1.25903332     -0.345402956    
 -0.532607138     -0.206089064    
  0.405383706      0.891907096    
  0.123780504     -0.215678751    
  0.185668170     -0.774741888    
 -0.902085245     -0.687558889    
  0.344572872      0.539599359    
   1.48125935     -0.248368189    
 -0.347395658      -1.34577248E-02
   1.68204308       1.89278638    
  -1.77764690      -5.61013222E-02
   1.24348104      0.560771346    
   1.40566754      -1.06716073    
  -1.28560305       1.16450393    
  0.667638600     -0.573966026    
  -2.37069225     -0.987109065    
  -3.13826847       1.02332616    
   4.49034087E-02 -0.398671120    
 -0.802965343      0.435790062    
  0.868389189       1.70613277    
 -0.570867538       1.74626946    
  0.340159506      -1.04198515    
   1.22778332     -0.478479803    
 -0.606210351     -0.204795927    
  0.655428231      -1.09746397    
  -1.20528984       2.75644753E-02
  -1.09121966      0.792560101    
  0.194904894      0.124708079    
 -0.288793474     -0.204188257    
  0.855532527      -1.06621313    
   8.68070424E-02  0.435649365    
  -1.49297178     -0.723550498    
   1.20195925       1.97123277    
  0.729952931       1.79938197    
  -1.87098861      0.348021895    
  0.867015958      0.562432945    
 -0.850369990      0.934909165    
  -5.25200777E-02 -0.330544561    
  -1.56296384      0.717978597    
   1.08433628       7.91251808E-02
  0.183488086      -9.64097157E-02
 -0.918279171     -0.637652397    
  -1.70816028     -0.194098026    
  0.323164344     -0.658268571    
 -0.293497115      0.540117025    
  0.219477609     -0.753303111    
   1.03263175      -1.24821436    
  -1.04236901     -0.503558934    
 -0.555638969     -0.581066668    
   2.39575434      0.672207117    
 -0.731990933      -2.26477194    
  0.333137661       1.59911191    
 -0.380319923     -0.486083567    
  0.671486557      -1.15447426    
  -2.11080360      0.199405506    
 -0.155202150      0.208914250    
  -3.85040231E-02  0.692504644    
  -1.66230130      0.971427560    
  -1.12847276E-02 -0.739911079    
  0.428042203      -1.05534625    
  0.360841274      -1.21570909    
   1.48140895      -1.65836489    
  0.957652509     -0.515508652    
 -0.911137104      0.385792613    
  0.355749816       2.67765236    
 -0.486118913       3.44255194E-02
   9.35657173E-02 -0.785942018    
  -1.20401406      -1.37204647    
 -0.349336982      0.168134570    
 -0.794391632       1.19293261    
  -7.49945864E-02  -1.45789516    
  -1.64244711      0.260559380    
  0.922314584      0.416973472    
  0.539888918     -0.228290215    
   1.22910786      -1.07811885E-02
  -6.41800240E-02  0.855779946    
  -2.06898332       1.46880555    
 -0.804930925     -0.873469651    
   2.09185958      0.517494977    
   1.32688761      -1.52653325    
  0.313827783     -0.895338833    
  0.159363329      -2.26434637E-02
 -0.728875399      -5.15227430E-02
 -0.172356576       2.70429754    
   1.54188180     -0.384483844    
 -0.303495079      0.427513957    
  -1.03920364     -0.449069321    
 -0.802034676      -2.03118976E-02
   1.04174149     -0.556308925    
   1.35778725     -0.219765723    
 -0.696851254      -1.73452508    
  0.834716856      0.376051396    
 -0.424214244      -2.25727534    
 -0.815419018      -4.01669787E-03
  0.122367069     -0.715477884    
 -0.245514080       1.00664330    
   1.36207843     -0.807055473    
   2.86515895E-03   1.40324616    
  0.378326416      0.505121708    
 -0.811465442       1.62380469    
   1.20999348     -0.294445455    
 -0.489093065     -0.453477234    
  0.543445289     -0.446705222    
  -5.97115159E-02  -1.94718599    
   1.27316308     -0.752840698    
   1.89030612      0.991147816    
  -1.26442719       1.06293237    
 -0.723766923     -0.468345791    
  0.762512922      0.471374035    
  -1.41675758     -0.708981693    
  0.858969510      0.468208551    
   1.62905586      -1.88643217    
 -0.914727986       1.33626390    
  -1.33101344     -0.964292228    
  0.517588556     -0.218256712    
   1.12346435       2.55574083    
   1.04620326      -1.66903782    
  0.839261532      -1.53875196    
  0.312476039     -0.803593814    
  -1.59843508E-02  -1.12506902    
  0.894356191      0.344287127    
  0.439337820       1.09708023    
 -0.621905804       1.45999539    
  0.500050068     -0.102539480    
  -1.68159330     -0.460013151    
   1.13489974      0.988951564    
  0.946365058     -0.731147289    
 -0.838015676      -1.40053821    
  0.272060871      -1.48622382    
  0.541102707      -1.89385462    
  -1.34975731       1.98123372    
   1.84656107      -1.18079031    
   8.21493715E-02  -7.47163035E-03
 -0.914834023     -0.563612998    
 -0.210277811      0.725021839    
  -1.24039841     -0.911401629    
   1.40575314       8.92468765E-02
  0.522131383      0.109501913    
  0.313215226       1.52325320    
   1.14196575     -0.805305779    
   1.65651190       1.97098982    
 -0.404487044     -0.780715108    
  -1.38696921      0.696476638    
  0.564201474      0.276789218    
 -0.801143169       1.25448048    
  0.524415135     -0.334941715    
  0.291514009     -0.167326674    
 -0.178250000      0.737665176    
   1.32804573      -1.66499519    
  -2.13665128     -0.407132387    
 -0.520215750      -1.64333034    
 -0.736140013     -0.661682785    
   1.07290411     -0.903380215    
  0.238112867     -0.613830566    
  -1.00918829     -0.813202560    
  -1.19399118      0.142846972    
 -0.436035991       1.01994109    
  -1.85641301      0.608846784    
 -0.693965256      0.529868007    
  0.150075749     -0.231405929    
  0.119563892      -2.12933826    
  -1.05994451      0.157563418    
  0.654832184      -4.08641882E-02
  0.710400164       1.90087032    
  -6.49206936E-02  -1.12175632    
 -0.293456525      0.336424261    
 -0.935392559     -0.771464467    
   1.20574927      -1.74989152    
   1.58724010      -1.13506114    
 -0.781134963      0.434315413    
   1.03379834      -1.57272327    
  0.333586693      -1.18583107    
  0.331681728       3.79149839E-02
   2.52670166E-03   1.72546947    
 -0.964180529       1.39989781    
  0.406403214       1.31495392    
 -0.633209348     -0.483812809    
  0.454783469      0.529887021    
   1.45422530      0.437377393    
 -0.884106457       1.61541176    
  -1.00739264     -0.764750421    
 -0.311739951     -0.239300594    
   1.68631518      0.299542218    
  -1.69022270E-02 -0.672105849    
  -1.14518988      0.531852007    
  -1.18815386      -1.68097460    
  0.468660921      -6.17955849E-02
 -0.477546543     -0.764917374    
 -0.566981018      -8.49741027E-02
 -0.792108357     -0.550839186    
  0.104756549      0.539074361    
 -0.291732132       1.19979894    
  -8.19530487E-02   2.60477972    
 -0.398609668     -0.926649153    
  -2.08281422      -1.35831332    
  -1.80200016     -0.612699747    
   1.83289385     -0.405618697    
  -7.83743430E-03  0.450387001    
 -0.957217932      0.370880187    
   1.35998106       1.14302945    
 -0.172922820      0.143067569    
   1.15232956     -0.418169081    
  0.753094196      0.185640037    
  -1.43554062E-02  -1.08909070    
  -1.59736288      0.775327623    
  -2.97064018     -0.604682684    
   1.37856090       1.34968233    
 -0.593709648      -1.42941558    
   1.59685445      -1.30823588    
 -0.248875648      0.123658247    
 -0.881865323     -0.817739308    
  -2.10668516     -0.478506625    
   1.27786016      -2.59203243    
   1.48072422     -0.152155831    
 -0.291069686      0.157966375    
 -0.280401528      0.226427242    
  0.787295759       1.51748443    
  -1.09028053       1.11861157    
 -0.371408701      0.926600099    
   1.22292197      0.612775922    
  0.941067755      0.836974561    
   2.25343633      0.400876999    
   1.39115667     -0.460546523    
  -1.29912388      -1.38189471    
  -1.63779211       3.53961968    
   2.77142096E-02 -0.683573306    
  0.199153990      -1.15129960    
  -1.10258651     -0.670915008    
  0.274528891       1.14844143    
  0.765619457       1.39450777    
   1.13376105       1.76139629    
  0.397440642     -0.383588046    
   1.52579331     -0.343849927    
 -0.106341064     -0.163721412    
   2.59291720       1.10167944    
  -1.11267238E-03  -1.00681019    
  0.224307314     -0.791964173    
  0.165854976      -1.00091755    
  0.519484282       1.81869638    
   1.96634233     -0.242658019    
  0.569208562      0.756602883    
  0.250846207       1.97320282    
  0.460346371     -0.172736838    
 -0.338414013       1.49429083    
 -0.233203620      0.953994513    
  -2.12808065E-02   1.24278545    
   1.74607575     -0.457536370    
  -1.16679752      -4.23889309E-02
 -0.181357726      0.606448174    
   1.32353687     -0.496416450    
 -0.891465783     -0.436235338    
  0.452049881       1.02914274    
 -0.468629122      0.151365578    
 -0.244593665      -1.75400412    
   2.49806309      0.693003714    
  -1.31221986       1.40905595    
  -1.83595717     -0.457650185    
 -0.769708335      -5.50778061E-02
  -1.48859048     -0.521894634    
 -0.106822945       1.28479767    
   1.02520049      0.658437014    
   1.83233249     -0.598585606    
 -0.467291236       2.16636777    
  -1.48707592      0.746816993    
  -1.36263895     -0.798468173    
  0.654409170      -1.32550073    
   1.23563492      0.174720168    
 -0.291664809       1.23468971    
   2.92332303E-02   2.21430469    
   1.59254003     -0.268823415    
  -8.88292566E-02  0.930845499    
  0.576969922      0.557002544    
 -0.118655987       1.04607390E-02
  0.699396968      -1.09509778    
  0.787224114      0.305567771    
  -1.83765209       1.31085622    
 -0.184057340     -0.940827191    
  0.945976079     -0.602398396    
  0.972073257     -0.862516642    
 -0.158785716      -1.70729899    
  -5.26030809E-02  -1.53927803    
  -8.09195638E-02  0.228831559    
  0.145341933     -0.364667624    
  -1.03374994      0.542707860    
 -0.411902755      -1.54431117    
  -2.00756168      -1.28085303    
   1.43369043      0.282317102    
  0.906219482     -0.410349369    
  0.866128087      -1.01973736    
   1.19455981       1.12522328    
 -0.883247137       1.17977297    
 -0.127095148      -1.17096829    
 -0.556134462       6.43937290E-02
  -1.76151609     -0.789234161    
   1.19749510     -0.678616583    
  0.541279018       1.83853936    
  0.971602380      -8.67239758E-02
 -0.735755444     -0.113019489    
  0.276599854      -1.31691813    
 -0.295980960       1.25273144    
  0.303329051     -0.644846320    
 -0.342823923       4.59679216E-02
  0.823296428      0.830824494    
 -0.447839051      0.663301766    
  0.467685074      0.475594312    
 -0.644566238     -0.298757344    
  0.853052855     -0.755207539    
 -0.353436142      -1.13260078    
  -1.80215295E-03 -0.368910164    
 -0.530348003      -1.35922253    
  0.406862348     -0.904427052    
  0.884192646     -0.447017431    
  0.557485104       1.43202186    
  -1.48769057       1.69831920    
   1.60415697      -1.31312418    
 -0.472944975     -0.965435684    
 -0.573683918     -0.151347697    
 -0.651680052     -0.630132556    
 -0.312065601      -1.02280748    
 -0.729866266      0.317672640    
 -0.708167195     -0.748245716    
  -6.56141937E-02  0.185685426    
 -0.273558944      0.851719975    
 -0.310194284     -0.410790235    
  -6.62844107E-02  0.621047258    
 -0.664065599      0.474211186    
   1.52763021     -0.211139426    
  -1.57595408       1.18845403    
  -1.73763549       2.22657418    
   1.47157764       1.14156613E-02
 -0.687498569     -0.189306065    
  0.645040274      0.327211380    
 -0.123530492       9.89317056E-03
   1.16443026      0.619493544    
 -0.855723023      0.512522936    
 -0.103699483      -5.02996668E-02
  0.452236921      0.698483229    
  -2.26512456      -1.40793848    
  0.740598023      -1.12649572    
   1.74172580     -0.812894225    
  0.873060167      -1.56791266E-02
 -0.154537037      -7.77578205E-02
   1.12824035     -0.596954644    
   1.07277775     -0.652535319    
  0.213095546       8.24081451E-02
  0.119354345       1.30150950    
  -8.54948629E-03  -1.98109262E-02
  -9.90664214E-03 -0.386123329    
   1.65895402       2.49960814E-02
 -0.196074545     -0.498982996    
  0.586582422       2.00995016    
   1.17974663      -1.29997182    
  0.712642193      -1.04641795    
   5.34736775E-02  0.172047988    
  0.657384217      -9.94865000E-02
  0.766907096       1.41206884    
 -0.159464478      -1.83353078    
  0.339457572     -0.415131718    
   2.38158321      0.616000652    
 -0.241648763       1.60799074    
  0.374063700      0.240022108    
   1.96859205      0.702103257    
  0.546313941      0.775830686    
 -0.359258056     -0.585448265    
  -1.61756587     -0.835901558    
 -0.906367481       1.74349535    
 -0.484325558       1.56013525    
  -1.86191154      0.443592489    
  -1.91448998      -1.47025383    
  -1.32969236      -8.11821073E-02
 -0.713697612     -0.321722150    
 -0.361651748     -0.116860226    
  0.778878510       2.11481547    
 -0.274973392      -1.53305817    
  0.518691182      -1.53274560    
  -1.45388997       1.03842080    
  -1.71177995       1.81673717    
  0.659644961      0.359582394    
  -1.09352398      0.353451490    
  0.785705149     -0.803341687    
   9.87802744E-02  0.450241029    
  -1.31033194      0.792798400    
   2.57889247      -1.01561391    
 -0.857480943      0.493848830    
   2.50229669      0.553253353    
 -0.125419751     -0.216448903    
 -0.332938075      0.596940696    
  0.561680436     -0.376928210    
 -0.250905663      0.122962967    
  -1.04401839      -1.88125527    
 -0.182141021     -0.879654408    
   1.40334809      0.368074775    
 -0.646268845       1.05241644    
  -1.16640770     -0.403942317    
 -0.714342713     -0.491750836    
  0.596058428       1.44999981    
  0.416434109      0.563295424    
 -0.258031160      0.495914966    
  0.796620667     -0.108613878    
  0.664637387     -0.730249226    
   1.73986018       1.07840240    
 -0.851365149      -1.46729970    
  0.764737070      0.927280545    
  0.183901727      0.706076205    
   1.85757446      -1.36889386    
   1.00499773       2.25213289    
  0.390820205      0.402053803    
 -0.945839882     -0.799169898    
  0.564477444     -0.705814779    
  -6.70438632E-02  -1.08291221    
 -0.746504366      -2.56721640    
 -0.958577991       1.05612445    
  0.755869329       1.03131604    
  0.715529323      0.263158768    
 -0.790827811     -0.260740250    
  0.709901094      0.312442452    
   2.50836492      -1.10946369    
  0.368208379       1.11278689    
  0.278884947     -0.832811356    
   3.68457101E-02 -0.241734266    
   1.50853705      0.692422211    
 -0.284792870      0.218066558    
  -1.99523711      -1.06232405    
  -1.48648989     -0.101104282    
 -0.364536732      -1.04656589    
 -0.414485723     -0.729231179    
  0.177699104      -1.83131540    
  0.473511696      -1.17363894    
  0.542268157     -0.697761059    
 -0.909044802       1.21453333    
  0.873244047      0.207292840    
  0.806017518       1.01914918    
  0.474404007     -0.825611949    
   1.44097996       5.21768332E-02
   1.58549023     -0.726459384    
  0.828161418      0.173492387    
 -0.301533908      0.168982536    
 -0.191911891      0.265975028    
  0.660750747      0.788264155    
 -0.798394024     -0.836644292    
  -1.42595339       1.51346922    
  -1.25163472     -0.450660825    
  0.585524321     -0.210278198    
   1.38317096      0.971831739    
  -2.10662961     -0.720126450    
  0.816842139      -1.86719644    
 -0.773441195      0.242913365    
  0.862399757     -0.119038105    
  -7.12484047E-02  0.249148443    
  -2.85123110      0.678514957    
 -0.313750118     -0.306079447    
  0.626981437      0.162595272    
  0.409001589     -0.953046799    
  0.914687574      0.557423413    
   5.63939959E-02  -1.07336140    
 -0.842184901      0.569523752    
  0.245433345      0.928782165    
  0.510197520     -0.591525674    
  -1.24605179      -2.14579773    
  0.889326274     -0.430910438    
  0.738815546       1.19710469    
 -0.863296986       6.22590967E-02
  0.457567811     -0.515985668    
  -1.50288343      0.628633142    
 -0.463662684     -0.137709707    
 -0.264781177       1.55602610    
  -1.01324272     -0.956532300    
  0.600991547       1.06816304    
  0.626607180       1.19548130    
 -0.730984807      0.488930315    
  -1.55878520      0.819769621    
  0.828544855      0.151486069    
  0.567728579      -3.67390923E-02
   1.32093298      0.491848737    
 -0.669588029     -0.568646908    
  0.326841176       2.39236355    
  0.461944938       1.76785254    
  -1.19581580     -0.204003677    
  -1.51939895E-02   1.10036099    
  -1.21041143     -0.161648408    
  -1.41765893       1.18625867    
  -1.15326798     -0.331416070    
 -0.598986566      -1.52129352    
 -0.925043464     -0.878919244    
  0.846628010       1.13843548    
  -6.60758540E-02 -0.216352880    
 -0.251427501      0.923031271    
 -0.235577032       1.13031447    
  -2.44224048      0.984232187    
 -0.386121839     -0.987178862    
 -0.856333256     -0.286307037    
  0.992034078      -2.25669169    
  0.883352518      0.988311529    
 -0.625005305     -0.185459480    
   1.53629589      0.472269475    
  0.429107159      -1.23510110    
   2.43489122       3.82981710E-02
  -1.93461990     -0.397097647    
  0.620761812      0.271021098    
  0.704992950      0.758830547    
   1.09571850     -0.774918020    
  0.880319655       3.38343275E-03
  0.604288697      0.225175738    
 -0.657927334      0.712271929    
 -0.224008024       1.02512026    
 -0.887240469      0.492746353    
  0.708326161     -0.478620082    
   1.43368626       1.81016791    
  0.872300923      0.195612147    
  -1.43241978     -0.772750020    
  0.804517031      0.622872949    
   9.51064378E-03  0.994350433    
  -1.42367733      0.307238460    
  0.679329515       1.37815356    
   1.49307668      0.786310673    
 -0.991666853      -1.68426764    
   1.06203842      0.957116365    
  0.861457944       1.87746632    
   4.84220544E-03  -9.99638066E-02
 -0.542993665      0.264995068    
  0.492732793       2.22481108    
 -0.487457752     -0.470845163    
   1.07198596      -1.94664955    
  0.525629759      0.499270111    
  0.654767096     -0.183856621    
 -0.718574226     -0.136379212    
  -8.90338272E-02  0.144526809    
  0.198765874     -0.279336244    
   1.04022348      0.371395886    
   4.89195399E-02  0.809819043    
 -0.847154438      0.563802004    
  -2.81639147       1.30053258    
  0.933407307      0.274400920    
  -1.34893143     -0.548374236    
  0.196568206     -0.193081781    
   2.06463170     -0.837323487    
   2.11291265      0.754751265    
 -0.803215683     -0.563015819    
 -0.994963348      0.404635072    
 -0.405143082      -2.35835552    
 -0.104117081       1.33859932    
 -0.953925073      -1.16807771    
 -0.130028844     -0.130411401    
 -0.540332019     -0.805651426    
   1.11034536     -0.866009533    
 -0.648954153     -0.754377425    
   1.39189231      0.554628432    
  -2.91128206      -1.25216448    
 -0.107226655      0.244938836    
 -0.237728581      0.546525836    
 -0.366267622     -0.359705865    
   1.46157122       3.33795398E-02
  0.580438673      -1.01097238    
 -0.445316583       1.13307822    
   3.55389677E-02   1.48964512    
   1.84534025      -5.34879602E-02
   1.07662892     -0.957698822    
  0.504119813      -1.38413584    
  -1.47996736       1.42929077    
 -0.207059756      0.284197569    
 -0.836293399      -1.16398871    
  -1.02933753      -1.25737965    
 -0.138184592      0.270611316    
 -0.602280200       1.51672935    
 -0.313737154      -1.23840678    
 -0.261647463       1.18011570    
  0.398435175      -3.18708345E-02
  0.601065040      -1.05193305    
   1.61272943      0.343946308    
 -0.467750162      -1.07413805    
 -0.568209410      -1.02732241    
  0.715523660      -1.03804922    
  -1.24005616     -0.517407417    
   3.07972040E-02 -0.358604878    
 -0.988499999     -0.941305280    
 -0.738461792     -0.288973808    
 -0.643475592      -1.83079410    
  0.639060020     -0.258415490    
  0.459184587      0.902576447    
  -1.60541177     -0.116575658    
  -3.39217710      0.900071859    
  0.732035398      0.664856374    
 -0.805096269      0.263732374    
  -1.39764082      -6.14400543E-02
 -0.579762936     -0.991810679    
 -0.253619701     -0.357953519    
 -0.928506374       1.00410700    
  -1.30704308      0.283538610    
   1.20244992      0.820030987    
   1.84566677       1.41370344    
  0.399836481      -2.86548996    
 -0.118704684      -1.11436868    
  0.517863512     -0.354938626    
  0.317119420      -1.12044132    
 -0.388482004     -0.138891459    
 -0.420679778     -0.521240532    
 -0.318881750       1.16769969    
 -0.405986249      0.353151709    
 -0.737801969     -0.602352321    
 -0.623135567     -0.194954246    
   2.36968231      -1.11772406    
  0.971177578      0.360305339    
  0.337027669       1.60544229    
  -1.94115376      -1.04565978    
 -0.432360739     -0.901277184    
   4.53400873E-02  -1.01555157    
 -0.768029153      -1.08427978    
  0.308710456      0.102554388    
  0.408864766     -0.718921363    
 -0.214267462     -0.811665118    
  0.424607009      -8.34133709E-04
 -0.250471056       1.35671008    
 -0.819963694      0.885089397    
 -0.618411660      0.243959352    
  0.667948306     -0.291941673    
 -0.879422128      0.725688934    
  -1.85981715      -1.20926785    
  0.836548448       1.02271366    
  -1.11983120      -1.62616563    
   1.46551621      -1.62810361    
 -0.980960488       1.85886657    
  0.245039284      0.180285722    
  0.855086684     -0.490063190    
  0.118469298     -0.144700348    
 -0.182243809     -0.222848505    
 -0.868875980     -0.316748261    
  -1.28326702      -1.39783525    
 -0.796618164     -0.371506810    
  0.802849650       2.09792495    
  -1.77300310      0.236983776    
   1.19336784     -0.837372482    
  -2.46513104       3.92904989E-02
  -1.78028047     -0.148150072    
  0.553768873      0.575329602    
 -0.338004619      -1.56428134    
  -1.11755657      -1.35825050    
  0.486470729       2.43153667    
  0.160717532     -0.220417589    
  0.406512678      0.590397120    
  0.263355374       1.64122128    
 -0.377007604       1.36914575    
  -7.63941705E-02  -1.67646611    
  0.107664555       1.45287830E-02
  0.557037771      0.297720730    
 -0.831015468     -0.820014834    
  0.704356432      0.623884737    
 -0.661364973     -0.463327825    
  0.615393162      -1.99609578    
   1.41159379      0.842845261    
 -0.141274273     -0.371082693    
  0.701169074      0.299817652    
  0.565930963      0.788829505    
   4.59616370E-02  -6.54113516E-02
  0.352580875     -0.240274161    
  0.828802228      -1.56731474    
  0.459705234     -0.776530981    
 -0.726235688     -0.407236934    
  -1.72199082     -0.354654849    
  -2.29089737       4.37680483E-02
 -0.781017482      0.201820225    
  -1.96427524      0.969886601    
 -0.631480217      -1.02930188    
  0.246840134      0.866674066    
 -0.509102821      0.714040041    
   1.18514574      -1.14482510    
   2.89753228E-02  -1.12676144    
  0.686079323      0.559249640    
  0.140495390     -0.536985397    
  0.419326931       6.23508766E-02
 -0.588900328     -0.367655545    
  0.984022021      -1.28491879    
  0.941352844       1.52895570    
   1.37294602       1.51688135    
   1.83960295     -0.408121645    
  -1.32862675      0.347690195    
 -0.262776434       7.81058446E-02
  0.584154546      0.292972028    
 -0.200421631      0.448888689    
 -0.324253172      0.708677828    
  0.705038548      0.906317592    
  0.434800774     -0.491988808    
 -0.589906752     -0.156462923    
 -0.545491099      -1.36364388    
   1.62745845      -1.93327463    
  0.390311629     -0.475759864    
  0.450362295      -2.20524549    
 -0.925803602     -0.905030012    
 -0.460878789      0.321197867    
 -0.879528224     -0.176201269    
   1.64665699     -0.212073952    
 -0.175705194      -9.08858702E-02
  0.634499788      0.338087976    
  0.529022038      0.933995605    
 -0.347009182      0.822446823    
  0.427374810      0.183936909    
 -0.123349488      0.700778842    
 -0.375980884      0.516720533    
 -0.205093667       4.61264104E-02
 -0.498769760       1.23788333    
   1.68145120     -0.276768357    
   1.19100261      0.300419539    
  0.538253307      0.242666498    
 -0.327438265     -0.776038826    
   2.21926737      0.360724866    
  0.195490256      0.729397416    
 -0.203815892     -0.526957214    
  0.389562935      0.515919864    
 -0.295522720      0.478079915    
 -0.254478902       1.35198390    
  -1.83677161       1.32447875    
   1.03911376     -0.530909777    
  0.202387780      -1.59250021    
  -7.53782019E-02   2.64842510    
  0.590034664      0.347647339    
 -0.555282891      -2.35692579E-02
  0.205772504       1.11410058    
   5.56179211E-02  -8.72776136E-02
  0.388254583     -0.998755634    
  0.111200511      0.330766886    
  0.582377613      -7.43072771E-04
  0.262133449     -0.207673162    
 -0.349214256       2.19685006    
  0.603881896     -0.832940400    
  -1.08460891       1.78578985    
 -0.512148678       1.44576523E-02
 -0.378530502      -1.62827945    
  0.330519706      -5.74354939E-02
  -9.34650525E-02 -0.774916649    
  -6.88430518E-02  0.642231286    
  -2.80775335E-02  0.332763284    
 -0.266765416     -0.251464128    
 -0.130265281      0.999930739    
   4.42254730E-02   1.18687820    
  0.374399036     -0.981618345    
  -1.99419248       2.73495245    
 -0.256669641      -2.25355530    
  0.227606729       2.19955087    
  -1.42331588     -0.900378346    
  0.495092511      -1.15438044    
   3.18216234E-02  0.786584437    
  0.280441225      -2.98840795E-02
  -1.00727856      0.309870899    
   1.29839110      0.802451134    
   1.56959379      -1.47154713    
 -0.756158650      -1.77724349    
  -1.49953473      0.559238136    
  0.121747516     -0.237674966    
   1.16386664       1.15150440    
  -2.62619518E-02   1.16356945    
  0.167248502       1.02613771    
 -0.867456853       1.75829268    
  -1.95036773E-02  0.658860803    
 -0.700541556      0.909769416    
  0.399927944      -1.70734000    
   1.04863143     -0.546241224    
   7.65177161E-02   1.19035256    
  -1.19669878      0.523799300    
   1.07329309     -0.256054014    
 -0.473368496     -0.364091426    
 -0.596726775     -0.675496936    
 -0.977191806      0.443807036    
 -0.629261494     -0.868892789    
  0.407702535      0.443486899    
 -0.219096988     -0.149634778    
   1.10148585       1.13516951    
 -0.488457412       1.60356534    
  -2.75652651E-02  -1.10247326    
  -4.30249311E-02   1.67795110    
 -0.229797348      0.754374683    
 -0.485439450      0.268398970    
 -0.387063980     -0.449443489    
   1.36153698      -2.11042166    
   1.71805060      -9.03675631E-02
 -0.323728740       7.42040873E-02
  0.414795965      0.765256882    
 -0.329861134     -0.710646808    
 -0.323912323     -0.491818547    
  -1.76726377     -0.679990351    
 -0.539223552     -0.537694216    
  -1.41670907     -0.572555959    
   1.11457205     -0.252928942    
   1.87662089       1.71375299    
 -0.771121562     -0.280037373    
   1.29804397       1.53367889    
  0.360531867     -0.495339721    
  -1.54135597     -0.280774564    
   1.11337161     -0.600416660    
 -0.300872743       2.14595580    
  -2.10300279     -0.174829289    
  -2.56303382       1.35710359    
 -0.108521879      -2.94720411    
   1.72276068     -0.847547174    
   1.44246888       2.01130891    
 -0.510304034      -1.07737994    
  0.174866289     -0.729110956    
  -1.16294467      -1.81354320    
 -0.125430942     -0.281944752    
 -0.476517648       7.75543302E-02
  0.388609886      -1.65237451    
 -0.431297362      0.438391119    
   1.59321296     -0.157919183    
  0.188072771      0.397498041    
  0.904510021     -0.641120851    
  -1.81388676       4.94521149E-02
  0.359064847      -1.67119825    
  -1.95996416      -5.24178781E-02
  0.102674700     -0.131186098    
  0.573142290       1.42477691    
 -0.117172815     -0.168822408    
  0.371693134     -0.381188542    
  0.420270145      0.967646301    
 -0.633355200      -6.66425973E-02
  0.565288424      0.158688501    
   1.27453196      0.542348385    
  -1.72436416      0.671796322    
  -2.04216409     -0.936703384    
  0.690439343     -0.118909091    
   7.09802061E-02  0.347814500    
  -1.40516901     -0.633179367    
 -0.858046412     -0.252158910    
 -0.746382773     -0.568617761    
  0.843265831       1.02487373    
  -6.18998669E-02  -1.15706754    
   8.82078409E-02 -0.661992192    
  0.250536054     -0.694358647    
  0.891226888       6.77323639E-02
  0.374609888      0.486786455    
 -0.761798024      0.270197630    
   1.28322136       2.34805870    
   1.59175420      0.261279106    
  0.393677384      0.628160834    
  -1.66640854     -0.382689476    
   1.18148005       1.47683465    
 -0.778488934      0.698036790    
  -1.46784806      0.602581143    
   1.44964767     -0.403617918    
  0.575798869      0.779709756    
  0.575553536      0.356909037    
  0.665697873      0.345239490    
  0.556198835       2.09553099    
  -1.45464742     -0.534052014    
  -1.38806665     -0.934831917    
  -1.23481166      -5.74021302E-02
 -0.174988553      0.624761462    
 -0.196879774       2.38678791E-02
  -1.66187525     -0.662867725    
  0.258885592      -8.86134803E-02
  -1.10647297      -4.44294363E-02
   1.59452739E-03  -8.96445066E-02
   1.65019262     -0.567517638    
 -0.768308997      0.206888855    
  0.111145712      -1.48709488    
 -0.408925772     -0.816381276    
   4.00525555E-02 -0.245581150    
 -0.164724037     -0.123367600    
 -0.871592700     -0.769186139    
 -0.446046799     -0.498831898    
  -1.67967463       1.14791000    
  -2.04426646E-02  -1.17835784    
  -5.44074737E-03 -0.233850330    
  0.908841074     -0.823649943    
  -1.32678497     -0.339345902    
  -1.00842869      0.340750933    
 -0.116857655     -0.974564850    
 -0.387535363     -0.204993919    
  -1.32070827      0.803764641    
   1.06287181     -0.618072093    
   1.68881106      0.101331674    
 -0.204265743       1.25075889    
  0.172078028     -0.286054790    
 -0.222369462      0.989313126    
   1.20925987     -0.969883680    
  0.260342896      0.975864947    
  0.290416479       5.97180128E-02
   1.25805700     -0.813938856    
   2.06027865       1.40578234    
 -0.506967127     -0.668356895    
  0.670576215     -0.734712124    
  0.729889929     -0.981495082    
 -0.460583478     -0.823696733    
  0.911228418     -0.825972974    
   1.56662881      0.615474403    
 -0.122474462      -3.17077227E-02
 -0.652135074       1.71093035    
  0.538989782      -1.20857430    
  0.112774469       1.06526756    
  0.435843527     -0.360151708    
   7.85889477E-02  -3.85868028E-02
 -0.467842549      0.340126097    
 -0.750184894       8.92689750E-02
  -1.38067126       1.30841589    
  0.636520743      -1.26336491    
  0.743582487      0.481799185    
  0.107069857      0.732036829    
  -1.39382422     -0.599802434    
  0.836655557       2.59009719    
 -0.780533671     -0.200904444    
  0.166632146      0.430660874    
  -2.41548109      0.889235377    
  0.105018243      0.159966499    
   1.45137978     -0.324335337    
  -1.03427410      -1.33582437    
 -0.606955588       1.01020527    
  0.367789745     -0.252874732    
  0.344521672     -0.605386198    
 -0.685786426      -1.50796711    
  -2.99698925     -0.513288975    
  0.792032301      0.970574200    
  -1.08499455      -1.50514936    
  0.190331414      0.763073683    
  0.590888023      0.226607755    
   1.13002956     -0.784391701    
  0.639746487      -1.21707869    
  -2.08903599     -0.383408129    
  0.265252590      0.282652646    
   1.88642716      0.464995354    
 -0.345194042     -0.828226626    
   1.70846641     -0.643733084    
  0.197946146      -1.60999572    
  0.198798984     -0.345891714    
 -0.252108186     -0.459187120    
   1.93206751     -0.697645903    
 -0.219897121      0.711056828    
   1.09794927       1.00150228    
  0.314019680      -1.19119656    
 -0.255125761     -0.453287363    
   7.03367665E-02   1.51788163    
 -0.739763498      0.273181260    
  0.262127399      -8.23557973E-02
   2.58487725      -1.02161229    
   1.26658201      -2.17744446    
   1.43104517       1.10106230    
 -0.187935993      0.829932690    
   1.57149172     -0.787167549    
  -8.16977024E-02  0.661653161    
 -0.591722667     -0.904940903    
   1.44893956       1.46666491    
 -0.543746054      0.133172050    
  0.633412778      -1.22427464    
 -0.170627713       1.91835690    
  0.833249867      0.345246255    
  0.796631634      0.295244694    
  -1.47020185       1.64145935    
 -0.400877118       1.30769551    
   8.12534615E-02  0.702871382    
  0.997859597     -0.330771536    
   1.50302374      -2.43019366    
  0.120114528     -0.379106611    
 -0.778459311      -7.36471862E-02
 -0.507191598     -0.263784230    
  -1.19759035       1.36342072    
   1.28150558      0.720417082    
 -0.590027690     -0.872973740    
  -1.16559362      0.623975337    
  -1.07045567      -1.03462029    
 -0.917285025     -0.235175833    
   1.41149604       2.49453092    
  -1.92805004     -0.652348101    
  0.124226540      -1.23525977    
  -1.05244565     -0.352199763    
 -0.775323093       1.36902010    
  0.214189142      0.481793731    
   1.82532258E-02  0.156459257    
   1.28438365      -2.10958314    
  -6.36925502E-03  -3.20951603E-02
   1.62833929      0.273948431    
  0.345433891      -1.99781430    
  0.959668577       1.34212887    
  -9.82101657E-04  0.129647106    
   3.06536222       1.73345268    
   8.18124488E-02  -1.95517123    
   7.32530141E-03   1.07321906    
 -0.108133398     -0.891725063    
   3.44078615E-02  0.553696871    
  0.664290130      -2.27098949E-02
 -0.684623539     -0.562984228    
   1.02917314      0.355890244    
  -1.22885954      0.871828258    
 -0.371165961     -0.796906292    
 -0.313232243     -0.475642145    
  0.668467224     -0.525256038    
  0.607290924      -1.55657089    
  -1.49936545     -0.276725739    
  0.595295787      -1.09925556    
   1.40602493       1.91853714    
  0.254698902      0.294391900    
 -0.120012507      0.212268054    
   5.14327325E-02  0.427767456    
 -0.767980814     -0.105108187    
   1.08875728     -0.793431878    
 -0.426292747       7.59563968E-02
  0.687300622      -1.31559086    
  -1.13341486      0.491259903    
  0.260940284     -0.540224314    
 -0.671691358      -1.25554788    
 -0.815183580     -0.884237766    
 -0.386259556       1.12033319    
  0.336951315      0.873567879    
   9.95772928E-02   1.10441208    
   1.31933475      -1.88425386    
 -0.926800668      0.921328366    
  -1.43470871       1.11750126    
  -1.12433338      0.277418375    
 -0.896761596       1.09356272    
 -0.531682134     -0.260455519    
  -1.17701268      -1.01591349    
  0.370807827       2.14575815    
   5.45294434E-02 -0.530932903    
   1.61872029      -7.53303990E-02
  -1.17325878     -0.216090009    
   1.93477488      0.409575641    
   1.27906799       1.53285897    
  0.296103448      0.669647276    
  0.178326651     -0.470668018    
  0.617452145     -0.945958674    
  0.149757162      0.894104183    
 -0.222646341      0.250870854    
   2.35120989E-02  0.432145983    
  -2.33956671     -0.149627075    
   1.41743016      0.730862379    
 -0.271803141      0.429585934    
   1.45616794      0.761468470    
   1.67359948     -0.445662409    
   1.63208163      -1.40713847    
  0.347388774      0.804078162    
   1.51991200      0.146678269    
 -0.126684129       2.90913534    
   1.83059192      0.147949710    
  0.945667684      0.376837194    
  -2.31158996      0.305854082    
   6.01705648E-02  0.347750932    
 -0.634919405      -1.30748594    
  0.847752452     -0.730667353    
   1.97302234      0.285118401    
  -7.13536143E-02   1.14177775    
  0.156167239      -1.14282823    
  0.370171875      0.285798073    
  0.622842908     -0.714874625    
   1.28398049      -1.08299446    
   1.32947874     -0.473673671    
 -0.547203362     -0.895920515    
 -0.106851630     -0.452026457    
  0.905725121     -0.202389851    
  0.798589647       9.59126800E-02
 -0.374536574     -0.235901624    
  0.417890638      0.584546685    
   8.45335051E-02  -1.17220938    
   1.05268455      0.821955383    
 -0.968532681      -1.09872568    
  0.919582307     -0.576520562    
 -0.416220844      0.229681790    
   1.60135543      0.294126511    
  0.703756392      0.825961888    
 -0.258083463     -0.366970420    
  0.144379511     -0.515617609    
  -1.60007598E-03  0.205949172    
  -1.22775280       1.23672545    
 -0.745153069     -0.910524249    
   2.18596721     -0.753587186    
  -2.40371394       5.90695441E-02
 -0.391266257      -3.65900993E-03
  0.123226106       1.08565795    
 -0.684211075      0.947862506    
 -0.370812386       1.59557664    
  -1.32309783       1.30680561    
   2.08394003      -1.14211166    
  0.848760903     -0.523907959    
 -0.706868708      -1.96904689E-03
 -0.520223796       2.25148845    
  -1.11457431     -0.372890741    
 -0.920107424      0.782237589    
 -0.210649401     -0.495111823    
  -1.46851977E-02  -1.20554614    
  0.105299667      -9.30149928E-02
 -0.222120404      0.614691257    
  0.534561515     -0.685853899    
  0.263510287      -1.02148712    
 -0.838062704       1.77733767    
  0.678675354       1.54170191    
  0.341418773     -0.478981882    
 -0.270234555      0.533231199    
 -0.332198650      0.386020213    
  -1.14558363     -0.506295919    
 -0.110941477      0.954849422    
   1.46920717       1.91324127    
  0.182659000      -9.98238623E-02
  0.862091482     -0.517459571    
  0.478961945       5.95250912E-02
 -0.130773336      0.211280093    
  0.719200015     -0.584499896    
   1.80878460      -1.00104928    
  0.863237977      0.109687313    
 -0.329118907      0.928660035    
   2.68773007     -0.640404046    
   1.42338133      -1.09148359    
 -0.434898704      -1.24037468    
  0.831922710       1.01394916    
 -0.876572073     -0.298955947    
  0.661084354      0.177859589    
   1.56084323      0.468562871    
   5.19076325E-02 -0.723008811    
   2.96207257E-02 -0.499922067    
 -0.678944528     -0.115403436    
   9.79373008E-02 -0.409582257    
  0.603430092      -1.35351956    
  0.462883383      0.676965415    
  0.153996542      0.416595399    
  0.419764757      0.118956327    
  -1.66198194     -0.909724951    
   1.37435019       1.57803404    
  -1.41843188      0.246553019    
 -0.835386038     -0.344978958    
  -1.28331017E-02 -0.836379528    
  -1.05211926      -1.71914423    
  0.697267354      -1.50270069    
  0.537191629      -2.22554445    
 -0.268754810      0.229385689    
 -0.341500312      0.482337147    
 -0.525301039      -1.48988259    
   1.74670815       1.18638384    
  -1.81894422     -0.129421681    
  -1.39965713     -0.315764099    
   2.36870313       1.41741562    
  -1.15835452     -0.995038986    
   3.63119803E-02   1.18456327E-03
   1.23072338     -0.297588527    
 -0.658232450      0.915659547    
  0.579261184      -2.78811836    
  -1.48560488      0.493424058    
   1.24700046       2.29357409    
  0.842067361      -1.36132169    
  -1.17608392      0.571977913    
  0.356288761      -1.82172537    
 -0.476503283       2.16444778    
 -0.726605952     -0.614762425    
   1.49388576      -1.86168969    
  -1.50463140      0.989811122    
   2.23027039E-02 -0.313889533    
  -1.52998853      -1.00802302    
   1.98907030      -1.12107265    
   1.78662252     -0.753298998    
  0.298341244     -0.788891017    
  0.286783040       1.48171568    
  0.513176382     -0.285975605    
 -0.369547457      0.545606494    
  -1.66222310      0.322903842    
 -0.764533937       1.53516901    
 -0.753924191     -0.577782869    
  0.182475850      0.412761629    
 -0.469832510     -0.348474711    
  0.556523442      -1.57345688    
 -0.339507282       1.97061634    
 -0.257687539       1.36876488    
  0.247667030      -1.26430523    
  -1.16529083      0.776507318    
 -0.162777469      0.439091980    
  -1.06492865      0.552425504    
  -2.61813331     -0.197653666    
 -0.531057656      0.579003036    
   1.49554622      0.532486975    
  -1.12855685     -0.390699148    
  0.951787591      0.608130157    
  -1.04301155     -0.213276893    
 -0.631981909     -0.361734688    
   1.11478436      -1.31353962    
 -0.801188707      0.501978457    
  0.993869483      -1.20996070    
  -1.84560239     -0.332797438    
  -1.43317199     -0.818349004    
  0.488430351      0.268128514    
 -0.192828462      0.941304624    
  -1.53429234      -1.40781581    
   2.09135795      0.117513895    
  0.838822305      -2.09359717    
 -0.200353876       7.17078820E-02
   1.87093949      0.167346418    
  -1.48222637      0.210972801    
   1.26290894       1.54567754    
  0.240565211     -0.155466050    
 -0.843189478       1.00710082    
  0.308379024      0.544678092    
   1.36429524      0.350282043    
  0.738669097     -0.842330933    
   1.47190428      -1.89430821    
 -0.759508491     -0.244947284    
  0.503106177      0.404443353    
 -0.423532635     -0.765996039    
 -0.907406330       1.65349793    
  0.118682139     -0.679901242    
  0.756246090     -0.925894320    
 -0.301161528      0.406771898    
  -1.88293982     -0.132744059    
  0.330029190      0.824770391    
  0.639329314      -1.06903636    
   1.33239710      -2.45994759    
  -1.70234895       1.80653298    
 -0.446186632      0.277034163    
  -1.13428199     -0.246708557    
   1.39539409     -0.706044912    
  -1.25897110      0.463449091    
  -9.70883667E-02  0.842507422    
  0.144739777       1.67631102    
  0.131995961     -0.215932429    
  -1.90118122     -0.354132056    
  0.872423947      -1.25391853    
  0.919233263     -0.292238504    
  -1.89179564     -0.884548843    
 -0.751116514       1.62465084    
  0.199924335      0.778533399    
  -1.61882198      0.630998135    
 -0.135523155      -1.43057084    
  0.895329714       1.15823662    
  -1.20264006     -0.418560743    
  0.270928085      0.993460894    
 -0.631002784      -1.18401742    
 -0.885849833      0.627458155    
   5.77849895E-02  0.267308712    
  0.601418018       1.64710236    
  0.669289529      0.615826607    
  0.566747427      -1.66089487    
  -2.39100885     -0.152947634    
 -0.833534598      -2.56093311    
  -4.77454439E-02  -1.71211194E-02
  0.150458097      0.546365976    
  0.674436390       1.29522097    
   1.10105586      -1.34796441    
 -0.249131724      0.365661889    
  -1.33369034E-02 -0.435830683    
 -0.898535192      0.280144781    
  0.146513492      -1.36360168    
  -1.12278485     -0.652477086    
   1.83607674       1.32901108    
  -1.26685107       1.76282859    
 -0.747490048      -1.18846798    
  -1.69129038      0.880073309    
  0.376652181     -0.253716797    
   1.88351166      0.766493797    
   1.31363523      0.564757288    
  0.227296099      0.771871686    
   2.47677732E-02 -0.183219895    
  -1.15718925      0.265087575    
  0.341665030       1.82060719    
 -0.769212544      0.910168469    
  0.466771692      0.360370010    
  -9.86784324E-02 -0.158258170    
  -1.20092225     -0.547661901    
  0.575328052     -0.219605789    
 -0.208301231       1.33192742    
   1.75054371      0.865372658    
   1.14236462       1.11939132    
  0.781390727     -0.909108460    
  -5.66376001E-02  0.369179577    
   1.02070987      -1.02980649    
 -0.636824727     -0.268294990    
   1.09405291     -0.793053210    
  -1.40813363      -1.92824364    
 -0.740070522      0.387093991    
 -0.687918544      -1.42491925    
  0.587078571      0.601688325    
 -0.863459468       9.30960476E-02
  0.302677959     -0.712668538    
  0.329292715      0.890137613    
  0.179935336     -0.877393842    
   1.03446472     -0.683805466    
 -0.699386895      0.751775205    
  -2.28282905     -0.142275780    
  0.822797179       7.75200501E-02
 -0.235044986     -0.983195364    
 -0.170539945      -1.02777302    
   1.12590051      0.336878777    
 -0.588469148     -0.704634130    
  0.260243267     -0.737594426    
 -0.252880275      -1.23148787    
   1.10789597      0.323945493    
 -0.536344945      -1.47262394    
  0.881294429      -1.51311374    
  -1.05392647      0.104319900    
 -0.269518733       1.83296323    
 -0.289259762       1.14063036    
  0.604265749      0.400057644    
  -1.59598100       3.76983639E-03
   4.67471126E-03   1.06179380    
 -0.365129769      -1.59230232    
  0.795009375      -1.53001189    
  0.663669705      0.330772102    
   1.13380003     -0.419932753    
 -0.329670012      0.643610835    
  -8.17429498E-02  -1.14994442    
  0.402271688     -0.274495214    
  0.647795916       5.11538237E-02
 -0.251418412      0.781266809    
  0.869818687      -6.99765086E-02
  -1.43566453     -0.624225855    
   9.20291841E-02  0.815094054    
 -0.826201618       2.09691739    
   3.24095786E-02  -1.02049220    
  0.290679276      0.486557037    
 -0.628228307     -0.383759648    
   2.48715043      -1.19217479    
 -0.899388134      -1.47667813    
  -1.80825973      0.238803253    
  -1.48284376       1.43875670    
 -0.451010227     -0.277593344    
  0.376798540      0.540361404    
 -0.872732699     -0.485763133    
  0.916305304     -0.687936604    
 -0.328193903      0.402137041    
   1.28587747      0.412484795    
   1.12921238      -1.89925826    
 -0.599426508      -1.29827368    
  0.482872009     -0.758798420    
 -0.185299963      0.713774383    
  0.945237994      -1.38856518    
  0.719399750     -0.711283147    
   1.92341256      -1.00443935    
  0.227987930      -1.50082767    
  0.710603297      -5.85881900E-03
 -0.451887548      0.670213461    
 -0.227641746      0.667820990    
 -0.312633306      0.965367675    
 -0.185762823      0.257483184    
 -0.920679927      -8.93169641E-02
  0.377395660      -1.67761445    
 -0.528740346      0.413702399    
  0.229628101     -0.178667799    
  -1.11264729     -0.741026044    
 -0.153939605     -0.860884428    
   2.11747193      0.689528406    
  0.539678514      -1.13030863    
 -0.474209487     -0.377753615    
   2.17401791       1.14738214    
 -0.506532669     -0.236581609    
  -1.48285890       1.30564332    
   1.16053653     -0.315423012    
  -1.38932872      0.693909407    
   1.09307086     -0.988271832    
   1.36436641     -0.431617379    
  0.932197452      0.452112257    
   8.72754902E-02 -0.286862999    
   7.83095583E-02   1.40394926    
  0.141961798     -0.800920665    
 -0.953882098       1.30750382    
   1.83673418     -0.747422159    
  0.384134591      0.203868911    
  0.763361692      0.664234936    
  0.287138104     -0.927329004    
  0.211193562     -0.484594494    
  0.294313073      -1.13596690    
  0.680174470      -2.26345325    
   1.01839840      -2.13020539    
  0.407558888      0.652749658    
  -1.11531091     -0.669706106    
  0.408771664       1.18852675    
  -2.46041155     -0.148476630    
  0.923580945      0.693793952    
  0.621674716      -1.10013008    
  0.911396921       1.46021378    
 -0.708759785       1.78756642    
  0.100345157     -0.812254548    
  0.421548963       3.62640166    
  -1.06493926      0.816233099    
 -0.286308855      0.592307210    
   1.63717449       1.42992723    
 -0.698117614     -0.500647485    
  -5.87917753E-02   1.47340715    
  -1.90493119     -0.288015634    
   1.58911180E-02  -1.87325001    
 -0.579511940       1.70185423    
   4.73515205E-02 -0.452050656    
  -7.84143582E-02 -0.415023625    
 -0.996943176       3.73159908E-02
  0.934182167       1.50584018    
  0.774848521     -0.344824046    
 -0.772817492      0.975909948    
 -0.541005433       1.65050805    
  0.223943502     -0.102138087    
  0.160431683      0.760837793    
 -0.620779932     -0.491024226    
  0.326572627     -0.682123065    
   1.16753972      0.258073211    
  -1.30174243     -0.897409320    
   1.50461745      -1.41734445    
   1.40231001      0.351264387    
  0.470138341      0.153759986    
 -0.425405830      0.126257285    
   1.26583493       2.05103252E-02
   1.21115055E-03   1.10675085    
  0.250612438     -0.294615120    
   1.56694448     -0.727105618    
  0.888323605      0.511608660    
  -2.42370939       1.52218592    
  -1.02714825       1.66354001    
 -0.481783092      0.367698729    
  0.679683387     -0.472415835    
 -0.777152538      0.354071945    
  -4.76633385E-02  -8.93729255E-02
 -0.518690288     -0.525201976    
   2.92008501E-02  0.587852001    
   1.11306238     -0.938913405    
 -0.740281641      0.362181485    
  -1.10968041      0.271234423    
   1.53013313     -0.712630630    
  0.340248674     -0.506950796    
  0.278592378      0.658592165    
 -0.176596776      -2.17958212    
   1.10986686      -1.64956033    
  -2.01862216     -0.448958963    
 -0.388393313       1.03477979    
 -0.486053944     -0.514205754    
 -0.174116760     -0.799397826    
   3.54138538E-02  -8.56226310E-02
  -1.15776968     -0.567598939    
  -1.20800209     -0.250223458    
 -0.950165510       1.84627903    
  0.712446094       1.45574617    
  -2.41784286     -0.978368700    
 -0.363090545     -0.536017120    
 -0.196846455       6.56814948E-02
  -1.14946783      0.307727903    
   1.86505091      0.782752156    
  -1.77034402     -0.447089165    
  0.213504449     -0.322295189    
  -1.23491693       8.27933401E-02
  0.298857540     -0.896515250    
  0.279539287       1.05119288    
  -1.63452458       1.29555249    
  0.890539289      0.440112978    
   2.21112275     -0.338812351    
   1.89353418      0.738432527    
   2.15590906      0.873201966    
   1.05545163     -0.554401934    
  -9.69668198E-03 -0.196117371    
  -1.54296231      -1.13898432    
  -1.36611044     -0.284837514    
 -0.771272123      -2.52962637    
  0.143111184      0.931697369    
   2.65542412      0.795645356    
   2.12252069      -1.34418511    
 -0.999686837      -1.60570872    
 -0.155818090       5.83972931E-02
  0.994350135     -0.381235063    
  0.434723854      -1.30301630    
  0.623194396      0.396351963    
  0.525530457       1.10842431    
   5.91330118E-02  0.685588062    
 -0.701739669      -1.13536394    
 -0.289623201       1.26578844    
 -0.658357382      0.575017571    
 -0.399344951     -0.706163645    
 -0.957665861     -0.172842503    
  0.642466784      0.163846940    
 -0.216155633       2.78714858E-02
 -0.930753052     -0.344666362    
  0.970451236     -0.229235381    
 -0.136157468      0.607584357    
   3.30107957E-02  0.439788282    
  0.241569847     -0.115912624    
  0.359784842     -0.758536935    
  0.223609969      0.423155129    
  -7.22556710E-02 -0.500743389    
  0.104777604      -1.29312301    
  0.314450592      0.336703181    
  -1.47527218     -0.590318918    
 -0.795580149     -0.474137813    
  0.771743298     -0.812441051    
 -0.426589191      0.493007541    
  -1.83517468     -0.303945571    
  0.274493426      -1.43710113    
  -1.51503959E-03  0.690255463    
  0.260805041     -0.100298844    
  0.557592213      0.133187220    
   1.44191730      0.171822950    
  -1.34463489      -1.32445180    
  0.696532905     -0.710858583    
 -0.953432679     -0.348523915    
   1.06396711     -0.890069306    
  0.670298100      -1.37956107    
  -1.59099483      -1.19135106    
 -0.930770636     -0.108549744    
  0.221363828      -1.04150856    
  -1.45468414       1.72514164    
 -0.146127984      0.440070242    
   1.51127529     -0.131839171    
  -1.60147345       1.57129085    
  0.826552033      0.605043471    
  0.459645540      -1.09619558    
 -0.692263424       1.33799255    
  0.594570160       2.83318806    
 -0.522809029     -0.141808122    
  0.564305961      -1.94612265    
 -0.667889118     -0.273312151    
 -0.136276662     -0.224098459    
  0.282185048     -0.495441228    
  -1.83666503       1.23310590    
   2.72906590     -0.957156539    
  -1.38380432     -0.447460651    
  -1.09046602       2.47953415    
  -1.57151687       8.05556774E-02
  -1.28763282     -0.672759593    
 -0.592577219      -1.50766516    
 -0.706519008       1.26481175    
  0.553239048      0.551630795    
  -1.07616603      0.123074874    
   1.28333521     -0.672360957    
   1.53771460     -0.430107474    
 -0.214702234      -2.32707858    
 -0.503604412       2.26195145    
  0.275692284      0.388677776    
 -0.566281080      0.178615138    
   2.14766145     -0.205575332    
  0.307630241      0.282804757    
  0.141409442      0.376974106    
   1.35770321      0.986273527    
  -1.08579242      0.101412624    
 -0.392982483     -0.296068251    
 -0.766526461      -1.01628101    
  -1.41196883       4.61223051E-02
  0.103250884     -0.798476040    
 -0.286527514      -1.91836488    
 -0.164215654       2.47630215    
  0.543736339       1.16191280    
  0.897727847      -2.20222831    
  0.251958281      0.227647424    
  -3.98651791      -1.12990868    
   1.27835965     -0.806043863    
   1.05801153      0.944034576    
  -1.26407003       4.64503281E-02
   1.41361463     -0.415466547    
  0.292746067      0.340045482    
 -0.150002301     -0.209570810    
   1.26920545       1.39991307    
 -0.946074963     -0.414696246    
  -1.40294230      -1.32680345    
   4.27575372E-02   8.59030932E-02
  -1.77039671      -5.50648198E-02
 -0.671157181      -1.23285496    
  0.972459078       4.05360200E-02
  0.533897579     -0.871212006    
 -0.346500218       1.76561594    
  -2.55368924      0.619164586    
   1.27784646      0.795771003    
  -1.76823521      0.942589581    
  -1.98255360      0.383019596    
  -1.74771285      -2.32989454    
   7.63158649E-02 -0.164218873    
 -0.413097143      0.503580093    
 -0.330417782      0.300324053    
   1.52900052     -0.314799249    
  -8.51259232E-02 -0.973985374    
   1.04488337      -1.49186480    
  -1.00508681E-03 -0.652694881    
   1.12127995      0.535358369    
   1.77786815     -0.445209593    
  0.202357978      -1.05204296    
  0.229616612      0.458225787    
 -0.568860173     -0.296580344    
   1.80827487     -0.997051120    
  0.905881345     -0.820154130    
  -1.16312373      0.557122171    
   1.27138197       1.26307452    
 -0.275952190     -0.377970397    
   1.59742188      0.314337343    
   1.13904202      0.438644528    
 -0.451694399       1.09752703    
  0.996825397       1.36601126    
  0.670500398     -0.661298394    
  0.559752524      -2.23788810    
  -2.06320167     -0.865408659    
 -0.497910678      0.659778357    
 -0.779504776      -1.37303734    
 -0.705452442      0.770837426    
 -0.964718223      -1.68329668    
  0.145037845       5.63074313E-02
   1.44664407      0.533797801    
  -5.11188572E-03 -0.882661223    
  0.144793883      0.246753186    
   1.46173644      -1.68069136    
  -1.42739701       1.31027639    
 -0.926491976      -1.37469649    
  0.285159051      0.213844657    
 -0.138599068      -1.31596768    
 -0.278467774      -1.56752610    
  0.238934025      -1.71732020    
  0.958326042     -0.613022447    
 -0.236925617      -1.18621063    
   3.21299993E-02   2.39991188    
 -0.769754291      0.790700197    
 -0.288610935     -0.747134626    
  0.373093575      0.859380603    
 -0.178553745      0.394696057    
   1.63372958       1.19656086    
   2.17814231      -1.41236269    
 -0.548551381      -1.16255844    
 -0.438641876       1.07213843    
  0.985886335       4.51515652E-02
  0.499158084       1.22567153    
  0.474698663       1.29082501    
 -0.205516234      0.148450226    
  0.821509838      0.112703644    
 -0.405488640      -1.25592756    
   1.47787106     -0.751776993    
   4.13802229E-02  0.413739145    
 -0.168668270      -1.67605054    
 -0.281230360      -2.18628788    
 -0.597439289      0.312765390    
 -0.929266155     -0.666875362    
  0.566161036      -7.41031021E-02
   1.13689578       9.59381908E-02
 -0.200766057       1.44509888    
  0.337156892     -0.127302989    
  0.888760448      0.525822937    
  -1.18239021      0.104110815    
 -0.273539543      0.410529763    
  -1.03906178      0.403443277    
   1.18231833      0.600367963    
  0.924192965      -1.21253121    
  0.640895605      -1.48371840    
 -0.670829415      0.243119702    
 -0.252384722     -0.455276221    
  -2.66110754      -4.20920700E-02
 -0.737169206      -1.34019637    
  -1.20021760      0.450646967    
  0.846063673       1.61651897    
 -0.934177577     -0.203424007    
  0.291314155       1.90280128    
  0.331872046      0.385262728    
 -0.218705118      -3.86030748E-02
  0.682267785      -1.48382378    
  0.471954525      0.127602398    
  0.278277069       1.65865207    
  0.640811086      0.518972516    
   1.07432628      -8.50125998E-02
 -0.587219119      -1.97485723E-02
  0.233383730      0.245874435    
  0.213070452      0.351769269    
   1.04451835       2.16243958    
 -0.306765348     -0.685687184    
 -0.670498371     -0.484876215    
   1.22566521      -1.47522315E-02
  0.324095845      -8.69894400E-02
  0.760265827     -0.379850566    
  0.906824708     -0.817609906    
  0.947585404       8.07594508E-02
  -1.20386600       1.61445940    
 -0.246505558      -1.71158636    
 -0.196120352      -1.66248453    
 -0.952478051       1.36997592    
   2.02538967       1.02691746    
 -0.622107565     -0.406107187    
   1.69139850      -1.55410838    
  0.193620697       4.12794836E-02
   2.86064036E-02 -0.678393304    
 -0.549767613     -0.860616863    
  0.821920991      0.632704139    
   1.53753865      0.541837633    
  -1.08998132      0.912466466    
 -0.460917681      0.549623430    
 -0.117515594      0.727848470    
 -0.441921622      0.148258612    
  -1.92179656     -0.563727796    
 -0.162798792      0.704389215    
  0.283773780       4.67884131E-02
  -4.52671610E-02 -0.283239007    
  0.867409885     -0.246077120    
 -0.110850200     -0.282053649    
 -0.356201172     -0.786487520    
  -5.62787876E-02 -0.426682532    
  -1.37910879      0.252932787    
   1.94509506      -2.25815940    
  0.262868106      0.547898650    
  0.660337269      -1.07120645    
 -0.379632682       3.86167020E-02
  -1.21489791E-02  0.861800432    
 -0.792265892      -2.25406432    
  -2.06390047       5.43615781E-02
 -0.567069650      0.385104328    
 -0.167220876      0.563306332    
  -6.18210509E-02  0.502915978    
  0.463884234      0.190234959    
 -0.547417223     -0.773166776    
   2.15144062      -1.23214376    
 -0.965539753      -1.12197351    
  0.465286434      0.734681308    
 -0.508540630      0.912365735    
  -2.21308470       1.71726346    
   1.81294596      0.623203933    
 -0.746827722     -0.136381671    
  -6.81338832E-02   2.23653269    
 -0.100018747       9.04366747E-02
 -0.581379712       1.37297225    
 -0.237088531       6.17368706E-03
   1.02349627      0.225385770    
  0.800559103     -0.167687893    
  0.300100982     -0.240784824    
 -0.848668814      -1.42817903    
  -1.06183207       2.34776998    
  0.353957534       1.25588870    
  -1.40606356       2.25122428    
 -0.714177072     -0.450250298    
  -1.38878059      -1.06609952    
 -0.927307904      0.263041168    
  -1.18403530      0.629105747    
 -0.742050886       1.22930801    
  0.269268900     -0.603055954    
   1.35831332       1.87417805    
 -0.309435338      -3.71049270E-02
  0.234649509     -0.318936765    
   2.57747676E-02   1.02434182    
 -0.215473816     -0.201012850    
   1.55425704      -1.85511720    
   1.68383157      0.999448717    
  0.519028604      0.168933377    
  0.534394324     -0.102320448    
   1.75516951      0.643247008    
  0.544323325     -0.142807305    
 -0.271077096     -0.558951795    
  0.772597492       1.14131784    
   1.90080869      -1.30615687    
 -0.297199011      -1.46874261    
  -1.56868243      -1.63654041    
  -1.55682731     -0.913592458    
  0.511408567     -0.501904488    
  0.887987554       8.71715322E-02
  0.208408266     -0.360939056    
  -6.72929548E-03  0.321572691    
  0.174341843       1.26153684    
  0.824002206     -0.679359019    
  0.620540977      -1.56372356    
  -1.22945666      -4.36016880E-02
 -0.759453058     -0.786783695    
  0.557913244     -0.323328495    
   1.03591943     -0.531722486    
 -0.670296729       9.14712995E-02
  0.431530565     -0.338121116    
   1.39441180      0.824413359    
  -1.17281663       1.21571636    
 -0.769316852      0.257463157    
 -0.587016702     -0.691568255    
   2.65571833      0.528344512    
 -0.545172930       7.44970515E-02
   1.03262091       1.86522937    
   1.29197836      0.331206203    
   1.95689774       1.34655213    
 -0.164145604      0.865081072    
 -0.525426984       1.13239348    
  0.777218699      0.916313350    
 -0.496407211     -0.367514163    
 -0.182484820     -0.753144264    
  0.876056135     -0.731551170    
   1.26196837      -1.57218528    
  -1.63189518      0.711098909    
 -0.331014305      0.194142044    
  0.678714275      -1.21676004    
  0.222582281     -0.379112720    
  -1.76075339      -5.17439842E-02
  -3.69764641E-02 -0.870337188    
 -0.251513034     -0.969508350    
  0.804821610      0.935078800    
 -0.490137190      0.923836231    
 -0.342981696     -0.920215845    
  0.616463423      0.849093020    
  0.450692385       1.09745431    
 -0.208520874      -2.48560309    
  -8.15200359E-02   1.30672967    
  -2.33923626     -0.575842798    
 -0.272942454      0.154651746    
   2.71065943E-02  0.676650167    
 -0.526701391      -1.91150391    
  -1.46685815     -0.668619931    
  0.573081136     -0.162563831    
  0.957302451      -2.76246166    
  -2.40265083      0.893096507    
  -1.07846272     -0.685917139    
   1.03540242      -1.87960029    
  0.596078634      0.778586507    
 -0.350220710     -0.232597351    
   9.49442908E-02 -0.388194323    
  -2.03388381     -0.116051696    
  0.154515207       1.00681114    
 -0.333587021     -0.200229093    
  0.252528936     -0.243736938    
  0.296390623     -0.615022063    
  0.630933046      0.221277803    
 -0.891835451      0.280272454    
 -0.285137951      -1.25144696    
  -1.21020591       1.06869733    
  -1.32936382      0.896509171    
  0.763608754      0.384453684    
  0.663145959      -2.28838587    
  -1.31406999      0.767122269    
  -1.81982768      0.635265112    
  0.114988871     -0.283289194    
  -2.45480943      -1.94416070    
  -1.62361574      0.698580742    
 -0.426136464      0.907408893    
   1.81401467      0.512891471    
   1.55597746      -1.61711919    
  -1.06477165       1.43512797    
  0.893681705      0.164028227    
   1.34298360     -0.632850289    
  0.669213712      0.545433104    
 -0.860697091     -0.181455702    
  0.704657197       8.92127380E-02
 -0.211725548     -0.492050678    
  0.323463410      -1.11470282    
  -1.05700004     -0.492766112    
 -0.387301266      -1.54616404    
  -1.11479545      0.788674295    
 -0.986111343     -0.184525922    
 -0.407148004      0.393791556    
  0.616665542       1.69013643    
 -0.762882054      0.429552257    
  0.234555423       1.27078271    
   1.35642684      0.625125349    
  0.217774868     -0.283463657    
  -1.94650352      -6.29612878E-02
 -0.113381743     -0.307576388    
 -0.272700161     -0.862201750    
 -0.781439602     -0.955128074    
   1.07880855     -0.875324428    
 -0.503229260       2.03180432    
 -0.291234225     -0.381829202    
 -0.734482467     -0.172534674    
 -0.919776738      -1.45851421    
  -1.93530715      -2.72763038    
   1.39141333      -1.40058553    
 -0.316681802      0.899733365    
  -1.10101080      0.186343238    
  0.514643729       1.38186455    
  0.219782442     -0.807579339    
   1.10619426     -0.114107102    
 -0.357601643       1.10683674E-02
  0.511300802      0.587853372    
 -0.863877892     -0.895108759    
 -0.443721563      0.634548664    
  0.127267957      0.162896514    
   1.38789654     -0.308459491    
  -2.54126549       2.44852161    
  0.918716908     -0.522803783    
 -0.135871693     -0.741080880    
 -0.681551874      0.955720603    
   1.49253857      0.132125542    
  -1.42942810      0.898869216    
  -1.68428206     -0.112370521    
 -0.171495214      0.463460207    
 -0.901447177     -0.252534270    
 -0.900199652      0.205790251    
  0.316734284       1.54186559    
  0.936468661     -0.830736160    
   1.59687722       1.22372472    
 -0.444180995      0.852208555    
 -0.740393937      0.419819653    
 -0.298002124      -1.22058272    
 -0.718202770       1.63674355E-02
  0.930989385       1.34824491    
 -0.516664207      -1.20663011    
   2.07357502      0.529523492    
  0.326967508      0.339757979    
  0.268392652      0.415070862    
 -0.160072878     -0.233955726    
  0.938616097       3.17156053    
   1.26129055     -0.863716364    
  -1.34369624     -0.570165813    
  -1.24702299      0.659611642    
  -1.43870103      0.166790888    
 -0.419218034      0.414785117    
 -0.813156068      -1.39973235    
 -0.821608365     -0.737437308    
  0.551288486      0.322532266    
 -0.964383125     -0.870710909    
  -7.38488287E-02  0.235586688    
 -0.336953610      0.867250741    
  -1.20554233      -1.54042542    
 -0.702194929     -0.297733665    
  -1.29882216     -0.856812060    
  -7.85532445E-02  0.475782484    
  0.131530613      0.173443317    
  0.181739032      -1.65598643    
  0.730974257      0.353572190    
 -0.260563910      0.174845755    
  0.389245778     -0.476038724    
   1.56814969      0.195479050    
 -0.115979150     -0.310183108    
  0.506453454     -0.553069592    
  -1.05725682     -0.288062453    
 -0.222817615      -1.03702962    
 -0.270938456      0.185100272    
 -0.462349445       1.23665690    
 -0.617121100       2.75868320    
 -0.843897939       1.73055995    
   1.00739264     -0.790752411    
  0.373170346     -0.497283190    
   1.54312563     -0.586591363    
   1.22170436       1.12880361    
  -1.72625817E-02  0.603598595    
   1.45524931     -0.488043696    
  -1.26247728     -0.126362368    
 -0.553171277       1.61998951    
   1.16125262      -2.73762202    
 -0.316927224       1.33059859    
  -2.34298372      0.876911640    
 -0.355108649      -1.23371911    
  -1.53286731       1.38496530    
  0.133672744     -0.296548426    
 -0.224141121       1.22739196    
  -1.56254995      0.172698483    
 -0.506912649       1.63100958    
 -0.889612436       1.12031410E-02
  0.799926996     -0.482058525    
  0.589711785      0.394036740    
  0.402190655       1.00218618    
  0.860804975      -1.16006768    
   1.94390106       1.73219061    
  0.646221042     -0.673591018    
   1.16209495      -1.52375460    
 -0.165140703      0.522166371    
  -1.32644379       1.25448477    
 -0.376813352      0.926093459    
 -0.794517279      0.999616742    
 -0.128588125      0.925208211    
  0.524119914       1.30087996    
   5.61603233E-02   1.31386387    
 -0.546483934       1.06892824    
  -2.13910294     -0.632020473    
  -6.75184131E-02   1.31442916    
  0.376342207     -0.999537230    
  -1.99832935E-02  0.953571677    
  -1.20151448      -2.83496715E-02
  0.978808761     -0.449989587    
   1.45255148      -1.65080465E-02
  -1.53975070      0.716970265    
 -0.263655573     -0.828610778    
  0.524941504      0.114786722    
  -3.87698598E-02 -0.699408889    
  -2.13772011      0.898083806    
  -5.08370474E-02 -0.273291171    
 -0.125768557      0.743261099    
  -1.97905290     -0.649808705    
  0.449128121      -1.77608371    
   9.10164118E-02  0.672107458    
  -1.35671651       6.58120364E-02
 -0.513973415      0.265279680    
   1.03679633       2.36369278E-02
 -0.526231408     -0.866409004    
  0.517777681      0.340273738    
 -0.573552549     -0.994257510    
  -1.31766152     -0.757429659    
  0.571863949      0.138284132    
  0.828677058     -0.425784856    
  0.357694179     -0.847544134    
   2.09833908     -0.786757529    
  -7.94615969E-02  -4.65068370E-02
  0.183166608      0.288242519    
   1.62978458      -1.31184518    
 -0.492257386      0.581516087    
 -0.626517951     -0.661210179    
 -0.868587792      -1.48835480    
  0.419797927       1.03476584    
  0.223561421      -1.04309297    
 -0.646052420      -1.34895539    
  -2.58836007      0.850651741    
  0.895444870      -1.03776217    
   2.66253233      -1.29617393    
  0.813008964     -0.692527473    
  -1.59401333     -0.384144008    
   1.81375779E-02   2.17425585    
   1.54736567     -0.536996782    
   1.08186054       5.83208017E-02
 -0.480533242      0.120954372    
   1.66426802      -1.06238687    
  -1.72410190       1.25004041    
  -4.11306806E-02  0.220263913    
  0.411236614     -0.467061728    
 -0.429744154      0.646066844    
  -1.35978198      0.651300013    
 -0.643346250       1.21742916    
   2.98114195E-02 -0.142651886    
   1.00485027     -0.269751519    
  0.973131537     -0.273986459    
   1.28975809      0.642134368    
 -0.132687360       1.28694189    
 -0.370798737      0.829164445    
  -7.54625276E-02  -1.43626094    
 -0.185336456       2.03836203    
  0.472374111     -0.687756658    
   1.58770823       1.05812214E-02
   1.02062345       1.33299780    
  0.493708491      0.156304836    
  0.339767158      -1.26071191    
 -0.359645516      0.205474481    
 -0.931211889       1.76720798    
  0.634173274     -0.335365295    
  -7.58865057E-03 -0.354400843    
  0.410094112     -0.705031157    
   4.44423892E-02 -0.561273396    
  -1.41885614     -0.215530351    
 -0.541143537      0.113432862    
 -0.925894976      0.131204948    
   1.00584340     -0.793116391    
   1.14581776      0.711714149    
  0.355948091     -0.532244682    
 -0.258773386     -0.239226118    
  -1.00795805      -1.00104523    
   1.86525788E-02   7.72418454E-02
 -0.570419073     -0.246152058    
  0.248482004     -0.281648993    
  0.495144993      0.952794373    
 -0.655763268      -7.04476312E-02
 -0.508747816      -1.36698818    
  0.607404172      0.348549902    
 -0.315080494      0.747361541    
  -1.51128137     -0.682046711    
  0.884855807      -2.28771782    
  -7.15544149E-02  0.248496816    
 -0.379411727      -1.73127949    
 -0.508467734      0.391634524    
   1.54818392     -0.201899394    
 -0.176274523     -0.261472255    
  0.479700029       1.00586057    
 -0.700364470     -0.625089288    
 -0.381712854      0.815999150    
 -0.183454961       1.87013090    
   1.24457002     -0.877794802    
 -0.459565073     -0.772639811    
 -0.369456381      -1.03824353    
 -0.294941097     -0.221080944    
 -0.443836659       5.65338284E-02
 -0.253106296      0.136808828    
  -1.26484847     -0.745272219    
  0.970405042      0.745869279    
  0.122676767     -0.377371639    
  0.236515939     -0.249983206    
  -1.65113795     -0.128459677    
  -2.30361605      -1.64473820    
   1.42036772       1.23220623    
   1.69592488      0.765476644    
  -1.28973162     -0.862466514    
   1.49252403      0.700701058    
 -0.993925512      0.517916381    
  0.168345928     -0.609342933    
  0.674748421      -8.37549344E-02
  0.636560440      0.746482253    
  -1.55185854      0.221130013    
   1.50622284     -0.889563262    
  -1.09768689      -1.50926769    
  0.412603050       1.47006857    
  0.731331885      0.543305635    
 -0.708029509     -0.857924342    
   1.25848949       1.01692164    
   1.73453009      0.618815660    
  -1.38584530      -4.98767535E-04
  0.364169598      0.198478162    
  -1.45373189      0.102264233    
 -0.369836926     -0.295351177    
  0.794083834      0.669880509    
   1.81884360      -1.00711083    
   2.25133395       1.13691592    
  0.154027373      -1.45373654    
   1.09056461     -0.250809342    
 -0.689724326     -0.157163307    
  0.434767962      0.208608463    
 -0.271081924       1.07285905    
   1.70732677     -0.955054939    
  0.580372870       4.98024411E-02
  0.977341831     -0.262826324    
 -0.901292562     -0.461756021    
  -1.33623886       1.65344238    
  0.962049484      -1.67909861    
 -0.902995050       8.07279050E-02
  0.447089493      -1.19211888    
  0.412916481       1.39850068    
 -0.689324498       1.31109476    
  -1.09553361      0.370245636    
 -0.755785644      -2.06536293    
  -2.05248976     -0.832779944    
 -0.175391898      -1.29611552    
   2.87650514      0.525719941    
  0.830050528     -0.418536425    
  0.689101517      0.406200409    
 -0.316056222     -0.872238457    
   3.30076218     -0.635068834    
   1.47236208E-03   1.55322182    
  -1.42181242      -1.02183771    
  0.767084897      0.367469370    
  -1.10287547      0.882928729    
  0.468321025     -0.550539553    
   1.06389952     -0.112435400    
  0.138635248     -0.656016886    
  0.344246715       1.44145799    
   8.36296752E-02  -2.20989251    
  -1.86643265E-02  0.582044244    
   6.31019250E-02   1.41699779    
  -1.47474551     -0.496392280    
  -1.54711688       1.49985063    
   1.76926231      0.320690632    
  0.399478495       1.83446050    
   2.88367961E-02   2.06077051    
 -0.807828724     -0.864342153    
  0.357330889     -0.314917803    
  -5.89492805E-02  0.790079176    
  0.195712015      0.878492355    
  -2.18445015       1.70290470    
  0.974714220     -0.739408314    
   1.37603581      0.715172172    
   1.16719019      -2.27236223    
 -0.411110193      -1.28463292    
  -1.66887057      -8.35011993E-03
  -1.96019765E-02 -0.908995152    
  -1.41420078      0.823853850    
   5.80282807E-02 -0.853333294    
 -0.777844965     -0.127517760    
   1.54725993     -0.139617682    
  0.159359410      0.709494710    
  -1.14065289     -0.782666922    
 -0.115960307      -1.15075815    
 -0.157949194      -2.32142043    
  0.539320886       1.42395961    
  -1.16007888     -0.702298343    
  -2.14752071E-02  -6.13241717E-02
  0.434509397      -3.53605390    
  -1.24399126      0.553077936    
  0.886649847     -0.263496190    
  0.572564125     -0.411295563    
   8.69971737E-02  0.754834414    
 -0.568742037      0.428519189    
 -0.305811554       8.85094181E-02
  0.631717205      0.950771630    
  0.686939657     -0.289184600    
  0.198124617      0.788185179    
 -0.170509174      -2.44767690    
  0.161780089       2.00946903    
 -0.133128718     -0.737420738    
  -1.76942384       1.00125051    
  0.515941679      -6.69313148E-02
  0.402115673     -0.248241216    
  0.394829839       1.07959700    
  0.272083431      0.454736918    
  0.226345465      0.371297896    
  0.649155319      -1.41820073    
   1.59518838     -0.187682316    
 -0.227127209      -1.76466560    
  0.926884115     -0.765038073    
 -0.140185580      -1.77278340    
 -0.495460868     -0.365863860    
  0.533036530      0.389664084    
  0.140029222       3.46852684    
  -4.40334417E-02 -0.907191515    
  -1.15107238       1.20661783    
  0.519411206      0.368573457    
  0.950020432     -0.253201216    
  0.426701725     -0.425962746    
 -0.563454449      0.478034794    
  0.689014614      0.994823933    
 -0.688887417     -0.658684611    
  0.464435399      0.321268529    
  0.676814258      -1.07175839    
  -6.40194938E-02 -0.533904076    
   1.15970743       1.02199101    
 -0.216279343      0.178765774    
  0.200216204     -0.354825526    
  0.842819929     -0.773270190    
  0.660212815      0.480025917    
   7.65703321E-02 -0.153642952    
  -1.09123671      0.390531570    
  -1.31911278      0.491569608    
  -1.31086922     -0.351884335    
 -0.690478444      0.281874120    
  -1.42694736      -1.86474574    
  0.740324318      -2.34570988E-02
  0.282212168      0.131978631    
   1.42353082     -0.197921023    
   1.03438950      0.118665203    
  -1.74053419       1.04423451    
   5.06940633E-02   1.91176331    
   1.26038027      0.218832433    
   1.43306470       1.74925208    
  -1.29121482      0.133317456    
 -0.552616298      0.621789753    
  0.434812337      -4.07243967E-02
   1.86503506       2.63937712E-02
 -0.306150526       1.72422493    
  0.750903010      0.501645029    
  -1.14153981      0.341898024    
  0.886806786      0.302852929    
  -1.41364801     -0.811397970    
  -1.46609378      0.273641437    
  -2.00892186       1.17783761    
 -0.223517597       1.27095532    
 -0.670511246      0.667999268    
 -0.203015223      0.356306225    
 -0.791828573     -0.880757630    
  0.133301631      0.398709863    
   1.26585710      -1.72610080    
   1.76925397      -1.90262711    
  0.574283361      0.866353452    
  0.369080245     -0.298330247    
 -0.481590390      -1.30961931    
  0.870845735       1.31503129    
 -0.396200061      0.959418654    
   2.04362988       1.07471168    
  0.458786339      0.726153910    
 -0.130874902       1.78100574    
 -0.770114064      -1.16953683    
  -1.39095211       2.58321786    
  0.552177489       1.86731553    
  0.895261347      0.515959680    
  -1.52542782     -0.763753176    
  0.525154591       1.32163763    
  0.839516938      0.150862709    
  0.360755950     -0.312451303    
 -0.891555488      -1.42102170    
  0.754962742       1.64667284    
 -0.384079456     -0.378468573    
   9.34816971E-02  0.633773208    
  -2.87737036      0.638318062    
  0.929891765       2.22815536E-02
  -1.42258894       1.39433527    
 -0.942155361      -5.47513925E-03
  0.346868902     -0.810381949    
   1.78812993       8.32115412E-02
  0.264319658      -1.48557031    
  0.407995731      -1.81554139    
 -0.111856632      -1.26715767    
  -9.45053622E-02  -1.95233178    
 -0.791546643      0.829509437    
  -2.01117921     -0.280600786    
   1.72625792      0.278881848    
 -0.880316377       1.18503618    
  -1.85179210     -0.793351293    
 -0.321918666       1.03040814    
 -0.427673042      -1.34072161    
   6.90452754E-02  0.570288718    
  0.204970166      0.614478648    
 -0.260450155       1.75403798    
  0.277484864     -0.459103882    
  0.566096365      0.572784364    
   1.23565555     -0.921884477    
  -1.36266768      -1.67003000    
  -2.13944674      -1.51554871    
 -0.384478241     -0.146955982    
   4.08975920E-03 -0.272082508    
  -1.26113427       1.53948462    
  0.471580923      0.310727596    
  0.482291669      0.690126538    
 -0.991522491       1.68953669    
  0.641570449      0.266554147    
  0.823403895      0.156718239    
  0.454876631      0.916534305    
  -3.31371117     -0.509018362    
  0.430876493     -0.627185285    
   1.28005862      0.409654498    
   1.73740768     -0.884388685    
  -1.39946020       1.68761623    
   1.46106798E-02  -1.85649216    
  0.774401248     -0.770540595    
  0.311668515       1.43278587    
  0.202531099       1.31738365    
  -1.90695381      0.156766653    
  0.206112668       2.14330602    
  -1.68118536      -1.35104966    
   5.46355918E-02 -0.894299686    
  -1.33681941      -2.10206008    
 -0.110488288       1.77721441    
  0.701288342      -1.67325401    
 -0.452991188     -0.877681136    
   6.91051930E-02  0.703371167    
  0.328004003      -1.23758209    
  -7.99157768E-02  0.981023550    
  -1.88183737     -0.590744793    
  0.523233414       1.47423398    
 -0.872143507      0.463829815    
   4.70347852E-02  -1.17287683    
  -1.55583036       1.17464983    
  -1.12620509      0.822120905    
  -7.47636482E-02 -0.244495884    
   1.08968115      -4.92908284E-02
  0.356259197       1.32345688    
  -2.46034956      0.630901217    
  0.492544204     -0.707297385    
   1.45385087      -1.58823812    
  0.752849519      -1.23918712    
  0.416697711      0.265872031    
  0.960775912      -1.13887024    
   1.44128859      0.532176256    
  -1.40459800     -0.418306142    
 -0.331323296     -0.674607515    
  0.903739691       1.19941103    
  0.411078066      0.428897917    
  0.483579129      0.497298628    
 -0.591079831       2.09074879    
 -0.252483279       3.71544412E-03
  0.812043011      0.727226436    
  -4.60105203E-02 -0.135727376    
 -0.531496048      0.239985153    
 -0.204218477      0.340175390    
 -0.637987256       1.35309565    
 -0.686755180      0.439576507    
 -0.941676676      0.677886128    
  -2.19708920      -4.03163806E-02
  -1.50932074      0.848343134    
   1.73353124      0.304416537    
 -0.334947467      -1.98480165    
  0.797891140       1.14483988    
  0.984289587      0.182156175    
  -1.69209447E-02  0.939744592    
  -1.06869423     -0.810963750    
  -5.45949675E-02 -0.284268320    
  0.657786548      0.393002838    
  -1.39350629     -0.127276525    
  0.742661059      0.400412381    
  -7.00454712E-02   1.02031255    
 -0.981789827      -4.02172990E-02
 -0.267468899      0.498122931    
  -1.01315451       1.19400465    
 -0.526074231      -1.33208644    
   1.09580326      0.593684256    
   1.88615501      0.290989637    
 -0.123802938     -0.176816002    
 -0.399911582      0.373107165    
   1.00095928      0.693982661    
   1.21702790       1.72685087    
   7.81088471E-02 -0.658834279    
  0.460631520     -0.423587322    
  0.359107524      0.697817743    
  0.865794897      0.797487140    
  -3.23111378E-02   1.15057468    
 -0.442161262      0.510809183    
   1.10007489      -1.85814297    
  -9.63087082E-02 -0.181588739    
  0.355491519      0.159876153    
   1.92988908      -1.81696939    
  -1.23952675      -1.54642236    
  0.326651186     -0.913973153    
   1.12642181       1.11190212    
   2.20260072      0.938558817    
 -0.751248240      -1.01436543    
 -0.987569928      0.939131320    
  0.355920136     -0.158112824    
  0.821257949      0.126183152    
 -0.928031981     -0.334523231    
  0.270753026      0.122593105    
 -0.505611002     -0.755525649    
  -1.33354568     -0.215607986    
   1.12005687      0.493414640    
   1.95526826      0.477465332    
  0.676613271      0.912352145    
 -0.405347496       5.26977889E-02
 -0.385063380      0.595815599    
  -1.30007327      0.407374829    
  0.467235118       1.02713537    
  0.258558452       1.97203028    
  -1.96430099      0.158520445    
  0.513874412       1.52102113    
  0.509844899     -0.222770572    
 -0.339265734      -1.03588820    
  0.711979270      -1.08436275    
  0.361346364     -0.966405332    
 -0.537066221     -0.364505053    
 -0.484398901     -0.146096885    
  -4.45367731E-02  0.973937392    
 -0.453191817     -0.861913860    
 -0.659482419     -0.571954012    
  -1.84699273       1.36215317    
  -1.02350640       1.03575838    
  -1.49474585      0.156605735    
  -3.64663675E-02  0.610609293    
 -0.506394625     -0.457681775    
 -0.946729958     -0.459168762    
 -0.277349204     -0.264001966    
  0.733495533     -0.203701332    
  0.998277068      0.518723667    
 -0.276756883      -2.68878546E-02
  0.468191415     -0.349141091    
  0.145668298      -3.97325158E-02
   2.60985518      0.746755302    
   3.25675941     -0.998727918    
  -1.80767405       1.14017594    
   1.25799751     -0.146868631    
 -0.637032986       1.54039836    
  0.988258302       1.09626818    
  0.497444421      -3.34118903E-02
 -0.993976891      0.330783218    
 -0.245220676       1.63265431    
 -0.463552952       1.39363492    
   2.09816623     -0.692445517    
 -0.911731422       1.34157825    
  -2.13895154      0.282360047    
  -1.38641346      -7.06164464E-02
 -0.655629277      0.176666021    
   1.15858901     -0.404293001    
   1.40804815      -6.65594591E-03
  0.413730472     -0.685792565    
  -1.63624763      0.750912666    
  0.650464714       1.35540724    
 -0.414454699      0.486468822    
 -0.829513490      0.587131619    
 -0.679820478     -0.547778249    
   9.68822390E-02  0.412967563    
  -2.04908013      0.924249589    
 -0.451223880     -0.124547608    
 -0.667598009      0.611801088    
 -0.935165286      0.426958084    
  0.215184972       1.95440912    
 -0.908592701      0.387743086    
  0.464485377       1.08368027    
  0.483738780      0.155846894    
   4.18467782E-02  -2.07837725    
 -0.171977758       4.07447703E-02
 -0.387442946      -2.03949642    
 -0.313359320      0.528105795    
   1.54851735       1.14005446    
 -0.419020683       2.06960464    
  0.612208009       1.77384472    
  -1.36963665       2.72075272    
   2.23292542      0.320095986    
   1.22071147      0.418254137    
   1.20500875       6.53187707E-02
   1.44994199       1.09285092    
 -0.912322462     -0.284835219    
 -0.949783444      -1.94513237    
 -0.184439018       1.06896293    
  -2.01839153E-02 -0.160411075    
  0.566667438       1.63068748    
  0.209731162     -0.342253894    
   1.71883857     -0.998092353    
  -1.42394638      -8.12026262E-02
  -2.03336167     -0.236014783    
  -1.08087432      0.430204183    
 -0.274315536     -0.263930798    
  -1.53897309      -7.44592696E-02
 -0.878776908      0.897985399    
 -0.646170855      0.674337208    
  -1.78916764      0.591695666    
  0.434253275       1.43881989    
  0.364002466      0.193852767    
   1.28449094     -0.186107323    
  -1.10494792     -0.169826075    
   1.46444476     -0.951365054    
 -0.982652187      0.749514103    
   1.22395480     -0.879489303    
 -0.501510739     -0.652306318    
  0.302873880      0.219682291    
   1.58611083     -0.107383460    
 -0.106716916      -1.42723644    
 -0.418454379      0.331827551    
 -0.742737353       1.21242726    
 -0.770301163       1.47272134    
  0.551924884       1.69919813    
  0.634210587      0.651890934    
  0.111207202     -0.144445419    
  0.804979801      0.231627166    
  0.429650337      0.995493889    
  0.285708070      0.437900066    
 -0.983992457      0.194350600    
   1.35880840      -1.16370559    
   1.65025687       1.08482361    
  -1.89591193     -0.270276397    
  0.240294933      -1.33982241    
   1.20859253       3.45209908    
  -1.35870767       1.44890547    
 -0.822639704     -0.560363173    
   1.62398601      0.489368349    
 -0.292715371      0.342075586    
 -0.290449172     -0.185290664    
 -0.188944370       7.34306797E-02
  0.590008795      -1.14812481    
   1.26683354      -5.76797649E-02
 -0.600578666      0.146337762    
   1.10129833     -0.688130140    
   3.18589881E-02  0.371754110    
 -0.148580581      0.913203895    
 -0.257444471     -0.973548412    
  -1.72394049      -1.41338229    
   6.05431236E-02  0.714045167    
   1.01031268      0.478159100    
  0.850014269      -1.37744069    
   2.69711947      0.940882504    
   4.45298404E-02   5.94641417E-02
  -1.30414021      0.781821847    
  0.339643806     -0.216734067    
  -2.18518806       1.68039691    
  0.412770599      0.223327696    
  0.683650374      -1.88067710    
  -2.07225513     -0.411383212    
   1.06249821      0.298416704    
 -0.759674907     -0.900661528    
 -0.504294753      -1.33469093    
 -0.668808103       1.14681756    
  -1.08988905      0.672086954    
  0.459218681      0.390934497    
 -0.692514479     -0.982278883    
  -1.09219551      -4.95619662E-02
 -0.292826355     -0.858548820    
  0.765424967     -0.640168428    
  0.368325561       2.23287251E-02
  0.225892395       1.91593504    
  0.361187845       1.98634028    
   1.39203095      -1.04580736    
  0.200624719      0.527026057    
 -0.792536318      -1.52683616    
  0.741673946       1.18681633    
  0.541826904       2.35327148    
  0.169357017     -0.267761588    
   1.36861408      -1.44958901    
 -0.229392156      0.901053369    
  -2.21424341       1.23799098    
   1.04849041     -0.666712403    
   1.00318348      -1.29206264    
   1.35850060      0.634110212    
  0.448247522     -0.578858972    
  0.824277043      -6.20126128E-02
   2.04622746      -1.23284554    
  -2.68063731E-02  0.505781233    
  0.449359119     -0.693050504    
   1.27008963     -0.805656731    
  0.134238169      0.351706684    
 -0.741444707      0.809913516    
  -1.11297488       2.68069029    
  0.286090553     -0.932526886    
  0.212804392     -0.163060367    
 -0.250946641     -0.749913335    
  -4.87940274E-02  0.657164097    
  0.285339266       1.52994323    
 -0.299064070       1.75249684    
  0.418847889       1.20710874    
  -4.54007573E-02  0.238286629    
  0.698187292      -1.02996099    
 -0.431659222      -1.50899577    
 -0.801874101       1.08096945    
   5.37411049E-02 -0.308327168    
 -0.965702355     -0.378703207    
 -0.996373892     -0.128372520    
   1.99652600      -1.40344834    
  -1.25529408     -0.655480325    
   5.29897176E-02   2.01882577    
  -1.66072214      0.609733343    
   1.67145801      -1.46032703    
  0.321603000     -0.418622285    
  0.884802163      -1.42917287    
 -0.574625611       1.60155392    
  -1.33374476      -1.11138284    
 -0.683560610      0.886893392    
  0.286755443     -0.260386974    
 -0.286763519      -5.41624893E-03
 -0.500687659     -0.131143630    
 -0.154679269       1.05716205    
  0.335600317      0.312069505    
   1.30263138     -0.535768211    
  -1.91788697     -0.665437281    
  0.334438264     -0.917497456    
   3.35285850E-02 -0.859774768    
   1.70154893      0.658274531    
  -1.01013386     -0.517073214    
  -1.15187418     -0.735638499    
  -7.59422258E-02 -0.561147511    
  -2.08516192      0.779485881    
  0.904830933     -0.589687586    
  0.889023483     -0.374375165    
 -0.513571560      0.295215935    
  0.698755443       9.18863416E-02
   3.11992988E-02  0.581386149    
  -2.16164470      -1.08990657    
  0.235399380       1.41358054    
  -1.80970311      0.704336941    
  0.910324872       4.29977961E-02
 -0.321341157      -2.17310214    
 -0.103547849     -0.518079460    
   7.35085905E-02   4.38318215E-02
  -1.78697002     -0.142266482    
   1.52094650      0.654238403    
 -0.393579900      -7.54041299E-02
  0.352437645      0.630283654    
 -0.334009409      0.493420690    
 -0.977466583      -2.04727892E-02
  0.340973407      0.241783410    
  -1.29859018      0.351162732    
  0.547457159       1.35588551    
  0.230337158      0.179554909    
 -0.136382654       1.21157646    
 -0.163378283     -0.510628819    
  0.155503616      0.278857470    
   1.96240044      -1.02468395    
 -0.248097852      -1.72839129    
  0.626567662     -0.153352574    
  -1.29614747     -0.910982132    
 -0.699890196       1.14251244    
   1.01459968       6.32274076E-02
  -1.87486160       2.28308606    
  0.591303647       2.45000339    
 -0.317809820      0.229211345    
   2.05214676E-02  -2.17091608    
  0.612570584      -1.75037217    
  -1.23492217      -2.74272114E-02
  0.392561078      -1.06258965    
   1.75584912      0.588445723    
  0.267665237       1.96926272    
   1.03422236       1.83105087    
 -0.674711704      0.691007614    
 -0.151760891       1.93293488    
 -0.274172395       1.29009283    
  0.142997652     -0.184153751    
   1.16593540       4.22012508E-02
   1.21607685      0.772686601    
  -5.17919250E-02 -0.193994045    
  0.581548691      -1.12761366    
 -0.450159103      0.293082207    
 -0.443553805     -0.682245493    
 -0.919395387     -0.550517976    
  0.741346836       1.62245262    
   1.25732517      -2.36256289    
 -0.746801436       1.54834330    
   6.79631084E-02 -0.685876787    
  -1.28451395       1.49260879    
   6.68322528E-03   1.10909212    
  0.375084579      -1.84965754    
 -0.136229306      0.388996512    
  0.383979678      0.989250481    
 -0.341651857      0.380465537    
  -7.94205666E-02   1.68456876    
  -6.16102554E-02 -0.520368576    
 -0.733062744      -1.76951718    
   1.53997290     -0.168540031    
  0.889641941      0.897445440    
 -0.328008264       3.49905640E-02
  0.199605227      -2.23013902    
  0.710845828      -7.17366412E-02
  0.265351623     -0.497274488    
  0.617607832       1.75787902    
   1.43171573      -1.06888819    
  -1.75080657     -0.161284029    
  -1.27744234      -1.05420506    
 -0.325922042     -0.115706652    
  -1.52045512     -0.125818327    
 -0.855088770       2.48646164    
  -1.80319381     -0.484764516    
  -1.27763569     -0.438888729    
 -0.564262688      0.326887935    
  -2.10755610      -1.56800747    
  0.583742976       1.17887175    
   1.65468848      0.817005932    
  -2.23088264     -0.798720300    
  0.616566539      -1.27614522    
   2.65039951E-02 -0.127813831    
 -0.263430238      -1.64456677    
  0.872747421     -0.321753502    
  -1.32442093       9.71002579E-02
   1.55714238       1.27859938    
   2.15962052       1.54859269    
  0.607526004       1.74719846    
   1.16314709      0.407652169    
 -0.175259039      0.460604280    
  0.807733238       1.61104444E-02
 -0.430229902     -0.714251161    
 -0.604970098       1.39134479    
  -6.67463839E-02  -2.69736480E-02
  0.934779406      0.231014773    
   4.87931706E-02  0.206750154    
 -0.994762838      -1.12118709    
  0.299533546      0.595998585    
   8.09977874E-02 -0.233176932    
  0.798735917       2.79755378    
   1.18051338      0.190942883    
  0.548368692      0.349923104    
 -0.328238279      -1.21707249    
  0.363121867      -1.89103794    
   1.37278402      0.292325675    
 -0.534295678     -0.957087874    
  -1.97499728      0.345267504    
  0.703912318      0.958487630    
  0.276586741       1.01541793    
  0.182248235     -0.583903313    
 -0.738796830      -1.31460810    
 -0.427019209      0.617403746    
  -2.05719566      -1.42479789    
  -9.14111659E-02  -1.04571807    
   1.04853594      -2.11624861    
  0.408007145     -0.783252597    
 -0.668918312     -0.381388813    
  0.474446803     -0.330518365    
  0.168102130      0.943903267    
 -0.882297099      0.888151169    
  0.450254798       1.86615229    
  -1.13477612      0.500837266    
   2.02506483E-02  0.966594577    
  0.646358490       1.03885388    
 -0.397252768      -1.17984378    
 -0.542387426       2.16137218    
  -2.07897949       1.29355872    
 -0.502427220     -0.822873175    
   1.47312570      -1.64913571    
  0.868306339      0.851463437    
 -0.353554845     -0.103004597    
   8.45532119E-02   1.16595817    
 -0.324739903      -9.37378928E-02
  0.686218083      0.690525532    
  0.289801240     -0.422538966    
 -0.219856039       2.04590106    
  -2.16188908      0.299921960    
  -2.23104310      0.125945494    
  0.636134565      0.823994756    
 -0.955546319     -0.500059307    
   1.04766858     -0.898914754    
  -1.42981505       4.49997187E-02
   1.03558779      0.223220184    
  0.151344255     -0.183437183    
 -0.596351862       1.32878363    
   1.37514400      0.487761259    
  0.159360334      -1.79625642    
  -6.54669553E-02  0.621343672    
 -0.225677669       2.00553942    
   6.18194304E-02 -0.124372140    
 -0.754310966      0.735596418    
  0.607648194      0.222732693    
 -0.731764913      0.854052901    
   1.57270372      0.605461478    
  -1.28558767      -3.04672997E-02
 -0.810131431      0.320355177    
   7.73145631E-02   2.08915877    
   1.23624047E-02 -0.361277491    
  0.630918205       9.82114747E-02
   1.13130248     -0.417669713    
 -0.605083704      0.826560855    
  -6.67587742E-02  -7.77919367E-02
 -0.386878550     -0.256396979    
   1.33392894     -0.941715717    
 -0.694569826     -0.174268767    
   1.11434948       1.42938340    
  -1.35443485      0.650468230    
 -0.791259050       4.83250022E-02
  0.167775869      -1.28530025    
 -0.298603863     -0.835933447    
  0.731411934      -1.05532682    
  0.701426387      -7.36765787E-02
  0.976575315     -0.911822319    
 -0.247171894      0.912076712    
  0.241251335      0.513017058    
  -5.01756147E-02  -6.81105778E-02
  0.966848195      -1.78984892    
 -0.234540015     -0.188734144    
 -0.443984479       2.07980964E-02
 -0.598412275      0.865241468    
 -0.106154300      0.140676528    
   2.39018989      0.136201054    
   1.38574445      0.710831344    
  0.159153804       1.55985463    
   1.62201440       1.24051428    
   2.99440026E-02 -0.946017742    
   2.12095165      -1.12216818    
  0.947399676      0.390814900    
  0.471787989     -0.121285297    
 -0.252431720      0.468476921    
  0.499780655       2.15360475    
  0.740166187       1.62645411    
   5.38236126E-02   5.72792813E-02
 -0.296524256      -1.55941093    
  0.813367248     -0.175007254    
   1.94888794     -0.831546128    
  0.291395068       1.00044477    
 -0.124246411     -0.742314160    
   2.15206718      0.332255334    
   1.06948471     -0.570586264    
 -0.735827029      0.773956597    
 -0.206306264     -0.187333852    
 -0.195382580     -0.607324123    
  0.654115736      0.945366621    
   3.53528783E-02 -0.548465312    
   3.17834616      -1.59454131    
 -0.465785474     -0.734624147    
 -0.685242414     -0.774055958    
  0.152601242      -2.87820578    
   1.62902713      0.694580257    
 -0.871881843       1.46955538    
 -0.783851564      0.758985817    
 -0.337837070      0.591300189    
  0.636087775      -1.09313703    
   1.56721699      0.194301516    
  0.256548315      0.599149764    
  0.434719533       1.59835744    
   1.81430686       1.99906802    
   2.27074528     -0.305063099    
  0.527221262     -0.835073829    
   1.10150731     -0.269828826    
   1.10278285       1.60674453    
   9.13436338E-02 -0.298955441    
   1.10847700      0.539947450    
  0.758804142     -0.405477047    
   1.14045477     -0.781541169    
   1.48225677      -6.07507341E-02
  0.726832747     -0.522512078    
  -1.00383556     -0.462187707    
 -0.612332404     -0.319114059    
  0.676748753       9.26410779E-02
  0.549275696     -0.806212962    
   1.67858922     -0.544226110    
 -0.245985374      0.281453848    
  -1.56605530     -0.499284297    
  -7.38599598E-02  0.814227343    
 -0.722430468     -0.100900076    
 -0.516465127      0.947002053    
 -0.164950401     -0.887863219    
 -0.173358813     -0.535939515    
  0.534310758      0.392043680    
  0.212315440     -0.176417828    
  0.538084328     -0.503864288    
  0.634852827       1.19264078    
   7.89026320E-02  0.560470581    
 -0.956463695      -1.17820263    
 -0.634525776      0.356777370    
  0.661316097     -0.596419156    
 -0.569190204      0.888320208    
  -1.25931907      0.587362051    
  -1.73100054     -0.547032654    
  0.136006713      0.355757177    
 -0.377394557     -0.414317429    
  0.698524117      0.786027551    
 -0.349254519     -0.521297574    
   1.07843018     -0.156085670    
  -1.24424732     -0.586098313    
 -0.300283611       1.36655533    
  -2.13991618      0.971362114    
 -0.765017271     -0.423619032    
 -0.156171605      -1.12177956    
   1.85067618     -0.954813600    
  -1.37377036       1.23421671E-02
  0.373715580     -0.336149812    
  -8.34518075E-02  0.515468597    
 -0.860528588     -0.593089759    
   1.04700196     -0.462027043    
 -0.883052647      0.881894112    
 -0.262723565      -2.27848125    
 -0.992747188      0.496770769    
  0.350695670      0.494609803    
  -2.24982262      0.676822186    
  -1.17630827      -1.00400198    
  0.313663393      0.260913581    
   2.20702338      0.248329476    
  0.121270537     -0.451430202    
  -1.08023524      -2.37494230    
   1.63761842       2.16766130E-02
  -1.30923438     -0.811465621    
 -0.488149911      -5.41061237E-02
  0.816897273       2.20056200    
 -0.102127783      0.217287391    
   1.33200884     -0.864973783    
 -0.451212257     -0.531287313    
  0.627074957     -0.238063812    
  0.618051946      0.267445683    
  0.213797554       2.32188892    
   1.12123394     -0.642018199    
  0.485517055     -0.479685932    
 -0.737118900     -0.544700444    
  0.659540594       2.46689224    
  -1.33703816      0.991433680    
   1.23655462       8.04218203E-02
  -1.23434365     -0.494049966    
 -0.423589200      -4.84325737E-02
  0.853519917     -0.348450959    
  -1.09090769      -1.29760146    
  0.215380281      -1.17680573    
  0.291705310     -0.943915367    
 -0.532687902      0.175924063    
  -6.01748750E-02  -1.47196579    
 -0.837646663      0.224282578    
  -1.90779626      -1.73250985    
 -0.268040687      -1.09896994    
 -0.616739213     -0.828209281    
 -0.615855455     -0.336668164    
  0.795090973      -1.00610876    
   1.83374274      -8.42958987E-02
 -0.146137685     -0.513141215    
  -7.02392729E-03 -0.120372154    
   2.08659649      -3.92110944E-02
 -0.262156755      0.787730634    
  0.538942575      0.283426404    
  -1.17111411E-02   1.13207054    
 -0.979068279      0.413932323    
  0.605805159       1.01536894    
   8.62387195E-02   1.13661194    
   1.33106387     -0.554703355    
  0.377383739      -6.64442778E-02
  0.652200520      0.271729678    
  0.749980927     -0.493652642    
   1.21820354     -0.752113760    
 -0.379760921      -1.15495992    
 -0.889762282     -0.611817181    
 -0.288976520     -0.113660313    
 -0.170598164      0.541404545    
  0.269367665      0.898332953    
   1.65692210      -9.39066485E-02
  -6.91583827E-02 -0.849557579    
 -0.258342981      -6.37598336E-02
  0.937715650       1.91453552    
  0.310488433       1.99158216    
 -0.303910822       1.78557587    
  0.992692471     -0.210719749    
  -7.88766891E-02  0.288380116    
  -1.42383909     -0.656254351    
 -0.816787958       1.92841756    
  0.823120236      0.282631993    
 -0.904087365      0.460283637    
  0.839360297       1.46058023    
  0.238086343      0.766309261    
  -1.13354540      0.584923565    
   1.86242723      0.497336805    
  0.603625536       7.02704675E-03
 -0.137327403      0.579705060    
 -0.287620157      -1.01386714    
  -1.36743343      0.295521051    
  0.527536094       1.26455605    
 -0.127226263     -0.455360383    
  0.470750421      -1.19048393    
  0.993738949       2.14139149E-02
   1.17723250      0.403456599    
  0.610428333      -5.88042028E-02
  -2.70618889E-02  0.669238448    
  -1.25796628       2.10043928E-03
   2.05359769     -0.951578140    
  -1.53712845     -0.313755870    
  0.156034738       1.76590133    
  0.715872943     -0.684889317    
  0.328289926       1.87393475    
  0.632944465      0.458908498    
 -0.383062363      0.985009730    
 -0.168600902     -0.362757325    
  0.309056938     -0.458298147    
   1.10683870      -1.16949356    
 -0.382029742      -1.23377740    
  0.176922247       8.12590793E-02
 -0.564481497     -0.256800920    
  0.172909066      0.660921335    
 -0.451677531      -2.22242141    
  0.498303324       1.83854568    
  0.179051787      0.543464959    
  0.231711775     -0.959874570    
 -0.255522549      0.537062109    
  -1.27832663       8.24033692E-02
 -0.724235237       1.80823898    
   1.20169377       1.41003120    
 -0.441712052      0.417575836    
  0.235308364       1.07280076    
  0.537474215      0.763280332    
   1.32006240     -0.326394260    
   1.50458193      -2.21900058    
  -2.25394392     -0.847629070    
  0.615381777      0.148416802    
 -0.176405057     -0.321624517    
  0.683986247     -0.345907450    
  0.503905833      0.772432029    
 -0.468204439      0.546162605    
 -0.347499102     -0.774670899    
   1.43811476       1.44723225    
  -1.05082107     -0.856588900    
 -0.464590043       2.11597919    
  0.944367051      0.143846750    
  0.925412118      -9.84879490E-03
 -0.961643159       1.84451890    
 -0.402124673       1.10358572    
  0.547056079       6.38467446E-02
   1.96768809E-02   2.60377884    
  -8.75386521E-02  -1.81445740E-02
  -1.30377102      -2.24929738    
   1.81917346      0.369601756    
  0.370668858      -4.48598014E-03
  -2.03877616     -0.495317668    
   1.24622178     -0.264620483    
 -0.121328920       3.02719975    
   1.90451097      0.675307512    
   1.05279577      -1.21327770    
   1.42698777      0.203621075    
   1.39363205      -1.82323945    
   1.76752603      0.282993436    
  -1.89402711     -0.354047328    
 -0.676710188     -0.332573742    
  -1.47387886       1.07228065    
 -0.534739852       1.22719991    
   9.57534388E-02  0.343369007    
 -0.967403889      -1.34280717    
   1.16402769     -0.147595346    
  -8.02887827E-02  -1.29644716    
   4.23429273E-02 -0.651567817    
   1.21605122      0.544382930    
  -1.04119372       1.40391266    
 -0.374791354      0.832814455    
  0.925375223      0.514559388    
 -0.659646511      -1.17452264    
  0.685900271      -1.15245950    
   3.49893719E-02 -0.827532589    
   1.95289993      0.225998431    
 -0.204848558      -1.07294464    
  -1.41782236     -0.376248091    
 -0.375180721     -0.605731308    
 -0.852007329     -0.884964049    
  0.529405236     -0.269563824    
 -0.373006701       1.23793221    
  -1.63093555      0.249804959    
 -0.643355370      0.106496982    
  0.775760710      0.264499903    
 -0.471734345       1.05019271    
  -3.98403332E-02  -1.21726668    
  -5.49885631E-02   8.31777975E-02
 -0.134496868       1.34983301    
 -0.147914782       1.06266057    
 -0.150580555      -1.41728914    
  -1.64330852       1.32395136    
  0.422022343     -0.536763310    
 -0.524688184     -0.288257569    
  0.463563412      -2.46209741    
   1.15708089      0.118452318    
   1.13430500      -2.40920987E-02
   1.31280982      0.816698253    
  -3.15163374       3.76993902E-02
 -0.836259842       1.23331070    
 -0.538701355     -0.328902274    
 -0.182055786      -4.48368900E-02
  -1.88309336     -0.908217430    
 -0.358123302      0.235023618    
  0.756388187      0.846873224    
 -0.645590186      0.621991873    
  -1.27377951     -0.912335455    
 -0.757141531      0.152106583    
 -0.647518337      -1.08393943    
   4.05204855E-02  -2.13367486    
  -1.54706669      0.376597673    
  0.669814765       1.65898752    
  0.331518322     -0.644147515    
  -2.50664091     -0.117924996    
 -0.136874378       1.75293779    
  -1.00736654       1.66854072    
 -0.197080255       1.17943573    
  0.268895179     -0.932751238    
   1.26688337      0.308450460    
  -2.26064777      -1.36252081    
 -0.426460356     -0.456818730    
  -1.27258086      0.345123887    
  -1.62910879       1.09642684    
  -1.12899387     -0.504048765    
 -0.944316030     -0.637450576    
   1.75317574       1.47402954    
   6.46802858E-02   1.42495167    
 -0.881870210     -0.450960964    
  -1.47491324      -1.19866419    
  0.557408869       1.00399864    
  0.626652479       1.35756636    
  0.570371211      -1.22259855    
  -1.03261673      0.427154034    
   1.31818879     -0.517061055    
  0.170703739      -2.36753583    
 -0.294346362      0.207298160    
  -1.49000192       1.49117231    
 -0.424139798      -1.00791180    
 -0.432715923     -0.661480963    
 -0.330031812     -0.727322638    
  -1.35097134      0.794452727    
  -1.29755485      -1.20211101    
   1.55031919      0.254749179    
  0.873203397      0.275837392    
   1.81195760     -0.371506304    
 -0.896602094     -0.459009618    
   1.06561519E-02  0.476719886    
   1.24512291      -1.08566368    
  0.805532813      -1.56252885    
  0.141966060      0.394628614    
 -0.247738913       1.13523233    
 -0.634992123       1.02402639    
   1.03652298      -1.24309576    
  -1.98989189      0.726294637    
  0.970743597       1.20818436    
  0.632068038       2.55558640E-02
  0.240718365      0.452307433    
  0.533848703       7.45240226E-02
   7.05784783E-02   1.18829191    
 -0.786954880      0.393281460    
  0.576365173       4.67269160E-02
  -1.02352583      0.582435071    
  0.582396507      -3.36739831E-02
   2.16791368     -0.659306765    
   4.70923334E-02   8.20402279E-02
  0.939280331       1.00400519    
 -0.288983881     -0.430481076    
 -0.321030140      -1.25612179E-02
  -1.73104024       1.10141730    
   1.02285874       8.58228803E-02
  0.935985744       3.41083296E-02
  0.416218609       1.82581949    
 -0.764204144      -1.58358181    
   1.96869349     -0.854540884    
  0.858850658     -0.181611747    
  0.687982678      0.484088928    
   1.15580988     -0.318558633    
  0.279018253       1.47305310    
  0.620790303     -0.496125370    
 -0.471685201     -0.917566776    
  -1.37961555       1.02129364    
 -0.695194602      0.824735224    
  -5.30824848E-02   1.27576089    
 -0.487444669     -0.296211332    
 -0.541849911     -0.590216219    
 -0.613745511     -0.169385344    
 -0.172704786      -1.28349864    
  0.291497976      0.710654020    
 -0.560103655      0.442157656    
  0.691494584      0.530629098    
 -0.441072464       1.93461664E-02
  -1.72286677       1.55608606    
 -0.504155695      0.309908509    
  0.258965969      -1.65016365    
 -0.243401632       7.29254261E-02
  0.641629517      -1.00964332    
  0.719927073      -6.54319078E-02
   2.10259748      -7.87434354E-02
 -0.800580978      0.376627386    
  0.158307940      0.251104265    
  0.830685198      0.572842538    
 -0.798378229     -0.940945148    
   1.79028761      -1.07791555    
 -0.932055712      -1.12033486    
  0.323647559      0.316456854    
   1.13488388       1.22116160    
  -1.55961442       2.04698944    
 -0.955085278      -1.71199214    
  -1.77672887       2.21514562E-03
  -1.23957121     -0.713835657    
 -0.641740203      0.737421632    
 -0.693553150      0.243019581    
  -6.49495721E-02  -1.28488493    
  0.373652071      0.145374835    
  -1.36181951      0.247777641    
   1.83919334      -1.90274799    
   2.78987980      0.948649228    
 -0.801506221     -0.187987596    
  0.141289160     -0.847735047    
 -0.888980865     -0.923191309    
  0.206321537     -0.700943112    
 -0.483799726     -0.591812193    
 -0.266899943     -0.746044815    
  -1.67867589      0.983623981    
  0.391918391     -0.543789208    
  0.642227769     -0.773711085    
   3.84887774E-03 -0.959043562    
  -1.41206145     -0.101444341    
   1.50479639      -1.74398106E-02
  0.536430538       1.02784970E-05
 -0.814623237      -1.33888650    
  -1.05722404      0.399937034    
  -1.82696927     -0.110278226    
   1.13062453      0.637677908    
   2.41897488     -0.294986099    
   1.13856459      -1.80051017    
 -0.958141446      -1.83779746E-02
   1.15980613      0.357092351    
 -0.187465787     -0.518256128    
 -0.162652209     -0.263680547    
   6.16972968E-02 -0.716431201    
   1.00173974       5.16624860E-02
   1.17329419     -0.683498859    
 -0.349520296       7.39588141E-02
   1.05664980      -1.07846129    
 -0.291169375     -0.885913789    
  0.839273691     -0.609500170    
   7.23208264E-02  0.463451296    
   1.93061388      -5.56491539E-02
   7.20934197E-02   1.59783876    
   9.28780735E-02  -2.33010459    
   1.29650033      -4.76340987E-02
   1.05027592      0.629979193    
  -1.76719334E-02   1.14393437    
   1.80813694      0.848404348    
  0.444078922     -0.669663906    
  0.427285552       2.10820365    
  0.552522123       1.58176970    
  -7.34159127E-02  -4.37755547E-02
 -0.293654710      -1.18068588    
 -0.449081719      -1.64235818    
  0.454460680      0.865785718    
  0.527165473     -0.749764919    
  -2.33186837E-02  0.136101171    
  -1.73661196       1.81777322    
  -6.10660799E-02  -2.14890361    
 -0.777554929     -0.206255287    
 -0.431693763      0.767262578    
   1.83048165       9.82764587E-02
  0.796927571       1.52474475    
  -7.99883977E-02  0.898896635    
   1.00429225     -0.839337707    
  0.292707026     -0.479232490    
 -0.160733804     -0.548166871    
  -1.33298469      0.318085074    
  0.233383954      0.327985018    
  -6.28022701E-02  0.506604731    
  0.153847083      0.240820944    
 -0.109852560     -0.458227843    
  0.857244551       3.11003681E-02
   2.90943924E-02   1.44635308    
 -0.559227467      0.713540018    
 -0.456933677      0.678704679    
  -9.51123685E-02  -3.11807767E-02
  0.809327781      0.386729389    
  -1.49757445     -0.568462968    
  0.713510334     -0.268839866    
 -0.639136910     -0.305177689    
  -1.47044027       4.42337850E-03
  0.181877226      -1.29139268    
  -1.04608738       1.16247833    
   1.49088907      0.246766120    
   7.78556243E-02  0.968285024    
  0.618469536     -0.964586377    
 -0.728522956       6.93755895E-02
 -0.685825765      0.889719248    
  0.257408977     -0.175306141    
  0.451590836     -0.662489295    
  0.106376432      -2.44603419    
 -0.607844114     -0.442123324    
  0.999850690      -1.23916602    
  -1.13497210      -5.89506812E-02
 -0.194668248     -0.952942431    
 -0.862829030     -0.290284544    
  -1.39269805      -1.39840221    
  0.689355493     -0.974636674    
  -1.05386555     -0.707495093    
   2.12549138      0.321908236    
   7.32048079E-02  0.504702091    
  -2.45327856E-02 -0.199426174    
   1.08052957      0.251311988    
 -0.587546825       1.05975401    
  0.958701134      -1.08194363    
  0.457440615      0.758377254    
  0.111650631      -1.38154781    
 -0.437267065     -0.434116900    
 -0.390795171      0.434322476    
  0.732606411       1.02612841    
   2.45135641       1.50015783    
  0.122050397     -0.123053484    
 -0.682940722      0.134802237    
   1.67244041     -0.578877389    
  0.340639949      0.103029810    
  0.602100909      -8.19076002E-02
 -0.127579138     -0.931310177    
 -0.138241962     -0.736749649    
  0.276640743      -1.22440159    
   2.29927897      0.943230331    
 -0.128188759       1.15419018    
  -2.22685742      0.267174453    
 -0.617407262       1.37427080    
  0.951237261      0.882465303    
  -1.04934156      0.627910197    
  0.156745225     -0.202089176    
 -0.105505988       1.61172676    
  0.385313600     -0.316161454    
  0.996591926      0.700439751    
   1.95883286     -0.924247026    
  -1.66176319     -0.275371164    
  -1.23863220       2.16889596    
  -2.00085282      -1.37130171E-02
   1.38212180      -1.02271509    
  -2.14204672E-04  0.821205080    
 -0.293854952      0.250772178    
  -1.12736380      0.349269420    
 -0.939122617      0.776700318    
  0.904100835      0.433627248    
  0.571935952     -0.496915579    
  0.524244428     -0.512266815    
  0.763186574      0.485246003    
  0.652926862      0.154554412    
 -0.450175405      0.570803702    
 -0.598880231       1.35292447    
   1.41511786      -1.22176874    
  -1.02594364      -2.47356391    
 -0.587710202       3.65506792    
   1.26830375       1.00663376    
   1.59343696     -0.267663360    
  0.419384867       1.02975643    
  -1.06167781      0.246101752    
 -0.939766765      -3.13717313E-02
   1.06250000     -0.140383497    
 -0.270930260     -0.839117646    
 -0.273947537     -0.286268651    
  0.348273098      -2.33890247    
 -0.833056569      -1.79445791    
  0.627653599      0.830215335    
  0.767647386      -1.12639856    
  -1.18760085       2.16412425    
 -0.226001441      0.558445752    
 -0.270244479      0.443690717    
 -0.948439777     -0.222368896    
  -1.19505131     -0.535845041    
 -0.191850781     -0.824382484    
   1.11733150     -0.957368433    
 -0.519799292      0.828872383    
   2.24557447      -1.63743830    
 -0.543599188      0.421706200    
   1.61580908      0.124501772    
 -0.435014814       1.72866750    
  -1.44839633      -1.08725631    
  0.105984621      0.854738712    
 -0.534486294      -1.75012350    
 -0.115597002      0.344672143    
   1.41759777     -0.910164297    
  -1.78813088     -0.900919020    
  0.639569700      -1.30230713    
   1.32211852      0.747649252    
  -8.73430595E-02 -0.368757397    
  0.548404872       6.87177628E-02
   1.32122922      -1.18204618    
  -1.45586050      0.346053720    
 -0.873433113       3.89207304E-02
  -6.14745505E-02 -0.762077093    
   5.76881021E-02 -0.419921756    
 -0.224155813     -0.666594803    
  0.280620813      -1.45244026    
 -0.866718411       1.80466056    
  0.389857113      -1.10954177    
   1.42325282     -0.115486063    
 -0.579347789      0.887139380    
   1.51226699      0.193596572    
   1.34357762      -1.64957762    
  -1.10824168      0.580383599    
 -0.734989762      -1.71416390    
   1.15569353      -1.59470439    
   1.37414050       1.05324125    
 -0.250816792     -0.993216872    
  -1.22523618     -0.194682851    
   1.92655265       1.37674344    
   2.12211823      -1.11719191    
 -0.304553837     -0.325642616    
  0.875790715      0.126614794    
 -0.391144007      -8.17367360E-02
   1.04455709       6.51445389E-02
  -7.64918402E-02  0.380166620    
   2.07029891      -1.24777389    
 -0.367815197     -0.957577109    
 -0.179435775     -0.990806699    
  -1.05339098      0.163544804    
 -0.300131679      -1.97662807    
  0.481234372      0.830757499    
  -1.69695008      -1.19756174    
  -1.66360867      0.264310926    
   8.82185102E-02 -0.394477814    
  -1.19750130     -0.736213386    
  0.614579737      -1.04002905    
  -1.30876660      -5.24365008E-02
   1.55760598       2.40949243E-02
 -0.360398799       2.30073810    
 -0.887022376       2.10029387    
 -0.129990146     -0.597143471    
 -0.387851745       1.03845131    
 -0.617407322       2.25662756    
 -0.938099265     -0.647448540    
  0.465812773      0.136367798    
 -0.620223165      0.999185443    
  -8.67073704E-03 -0.535072923    
  -8.30956474E-02  0.534664571    
 -0.888836503      0.229121283    
   3.02838422E-02  -5.28930984E-02
  0.333052218      -1.19648349    
  0.766219676     -0.685006857    
  -8.32849517E-02  0.377833724    
  0.682040751      -1.09753776    
 -0.513477564       1.21284652    
   1.59593439      -1.32021141    
 -0.713115156     -0.154137552    
  0.890474081     -0.181711823    
  -1.28301084     -0.800995469    
  0.326801419     -0.449031651    
  0.344027847     -0.458933860    
   1.01639378     -0.258212298    
   9.14544612E-02  0.374101520    
  0.189498991      -7.83926696E-02
  -1.11436653       3.31368521E-02
 -0.626325488     -0.508311152    
 -0.202478543      0.556508422    
  0.137097612       1.12037516    
 -0.565423787      -1.21751869    
  0.111624822       1.58504403    
   1.34916413      -1.18920398    
  0.135528237      -1.46592677    
 -0.466310829      0.947070003    
  -1.42548609       1.72431564    
  0.748869717     -0.853200376    
   1.09841108     -0.194169760    
   1.84073162      0.447484940    
  0.188113362      -4.96760421E-02
  0.119618632      0.814593792    
   7.48634562E-02 -0.531156838    
 -0.896261513      0.262452960    
   1.16939723     -0.899827421    
 -0.648724318       1.24878430    
 -0.151525900      0.540909290    
  0.369050413       1.42464662    
 -0.133462891      0.300096750    
  -1.26446644E-02 -0.683768272    
  0.378582418       1.32369483    
 -0.109797642      0.613069773    
 -0.453925759      0.818866909    
  0.328209460     -0.866514385    
   2.43421888      0.122613162    
  0.603803098      0.228634074    
 -0.426127732      -1.07228112    
 -0.137838840     -0.632154822    
   1.94525886      0.501292467    
  -1.23121881     -0.975764394    
  0.253792197     -0.141775727    
 -0.203108370       1.72316253    
   8.99020508E-02   1.41962934    
  0.674795032     -0.996203423    
   1.48414350     -0.597602725    
   1.57339025      0.143813998    
   5.45984097E-02  0.138404518    
  0.306385934      0.593278170    
   1.32769644      -2.14111134E-02
 -0.651086152      0.318928808    
  0.499833345      0.936491609    
  0.838043749      0.143548787    
 -0.142519012      -1.10865045    
 -0.664752662     -0.660109997    
  -3.52377184E-02 -0.283111960    
   1.12677133      -5.10754436E-02
  -2.26651549      -1.08055460    
 -0.249786675       7.35000968E-02
  -1.49832094     -0.525323153    
   1.58322072      0.227828950    
 -0.849939406     -0.212310910    
 -0.552322745      0.475134283    
   1.61154628      0.608723819    
 -0.328195214      -2.88951993E-02
  0.808113515      0.267340422    
 -0.531318665     -0.595300913    
 -0.857540309      -2.17891097    
   1.16930270      -9.85505432E-02
  -1.61573195      0.411268204    
   1.43731546     -0.511025548    
   1.11647189     -0.735303342    
   4.85111177E-02 -0.175332129    
  0.601190627      -1.66819847    
   8.44601244E-02 -0.142631143    
  0.164009169     -0.413293898    
 -0.317158073      0.848859251    
  0.152624965     -0.305589795    
  0.487716258      -1.05636835    
  -3.97056080E-02  0.473587811    
  -2.06788257E-02 -0.491934717    
  -2.13213444      0.207928866    
   1.82635438      -1.22202134    
  0.547708750      -1.13728354E-02
   1.67476571       6.60306513E-02
   1.17283857       9.07099620E-02
  0.124162883     -0.439241409    
 -0.564561069      -2.92671180    
   1.20952582      0.212140322    
  -4.31889668E-02 -0.700505197    
   1.54223239       1.08751833    
  -6.89591095E-02  -1.88118017    
 -0.256539971      0.134306043    
 -0.978289843     -0.664890826    
  0.589792430      0.928719580    
  0.261521280       1.93178356    
 -0.628618121     -0.875230074    
  -9.77743715E-02   1.38627660    
 -0.762703598       1.30210710    
  -1.96988308      -1.16192329    
  0.960186720      -1.45019269    
  0.958906710     -0.777616918    
 -0.346478522      -1.26147306    
  0.144292921       7.44266361E-02
 -0.396685511      -2.05991585E-02
 -0.581589222      0.765741527    
   2.57324600      0.363844275    
   1.58315074      0.441469312    
  0.957075536     -0.379606843    
  0.643240035     -0.463830650    
  -1.30985284     -0.867898405    
  0.685854852       1.17292285    
  0.350005567      0.599288762    
  0.307309538      0.697535455    
  -1.38218117     -0.700365603    
  0.451494783     -0.943461478    
   7.71852955E-02 -0.753727555    
  0.289625376       1.72686291    
 -0.713051021      0.952231824    
 -0.158982411      0.918992817    
  -1.69107890       1.06933713    
   1.45453012      -2.28005573E-02
  0.190668195      0.215711772    
  -1.18218505     -0.455505997    
  -1.01613390      0.755004704    
   3.68579105E-02 -0.195073798    
  0.740345597       1.29678357    
  -1.23307097       1.69574376E-02
 -0.620516300      0.834263444    
 -0.140571788     -0.501888216    
 -0.549910188     -0.937334478    
  0.831537843     -0.880910516    
 -0.297684461       1.52565908    
 -0.417944521      -1.58662665    
  -5.07849418E-02   1.92321765    
  -1.08187044     -0.414043963    
   1.25615156      -1.07596469    
  0.773406863      -4.51714359E-02
  -1.13697422      -1.33656323    
  -2.93757772      0.365063906    
   2.38619828      -1.47384810    
 -0.234692350      0.578647673    
  -2.18453503      -2.00867295    
 -0.153571412     -0.976215959    
  0.720842540      0.627414227    
 -0.124465831     -0.243733227    
 -0.824724197      0.586965859    
  -1.95916796      0.328219771    
 -0.717900753      -2.50005312E-02
  -1.08189857       1.53503847    
  0.754632771       1.57206404    
  0.149674997      0.246239066    
  0.257519007      0.944937468    
   2.00153518     -0.252306253    
   1.20366251      0.260596275    
  -4.87671867E-02  -4.09025364E-02
   1.36798549      0.663832486    
 -0.881953001      0.277280897    
   1.99848378       8.22543502E-02
  -1.08213687      -4.24560765E-03
  0.648650467      0.104180947    
   2.09888530      0.698055089    
  0.346480459      0.872219682    
   1.40712464     -0.411201358    
 -0.949068129      0.363632172    
 -0.500644326     -0.677565038    
   1.59071839     -0.694709599    
  0.368613869     -0.604653478    
   1.47335315     -0.208089918    
  0.175368756     -0.352479875    
  -3.78400050E-02   1.13569081    
 -0.285875738      0.644589722    
   1.51419437     -0.876717210    
   1.02227044     -0.404629678    
   2.93716693      -6.55269548E-02
   1.60509682       1.97295284    
  0.850715101      0.509795547    
 -0.616487682      0.371209472    
  -1.44038570      0.731933117    
  -1.98976290     -0.976550341    
 -0.965376973       1.44422436    
  0.318247169      0.703287125    
  0.958853126      0.131140873    
   7.44577721E-02  -1.41546381    
  0.109788939      0.500814438    
  -1.40100348      0.530975223    
  -1.21810591      -1.12597644    
 -0.628948510       9.79733318E-02
 -0.584255993      0.167020366    
   1.95776594      0.468442887    
  -2.30522418      -1.20215225    
 -0.940189481     -0.950811684    
   1.00499821       2.46005096E-02
 -0.777490437      0.823834002    
  -7.58309942E-03  0.381122321    
  0.524394631       1.64019394    
  0.878644347       2.64662147    
   1.52005041     -0.457328200    
  0.200908706      0.859278560    
  0.255728006     -0.657949030    
   1.61533344       1.30946589    
  -1.29128683      0.197248980    
  0.780539393      -4.73390259E-02
  0.733182251      0.334454566    
 -0.483996511      0.254591137    
 -0.126872271      0.348631024    
  0.688825667       1.02029395    
  0.729072452      0.950759292    
 -0.520130277      -2.30085969    
  0.241245329      0.600938141    
  0.373226792      0.833140671    
  0.738287032      0.155239373    
  -1.10422409      0.846665323    
  0.436272353       1.94993634E-02
  0.801605701       1.18831217    
  0.169613287      -1.16624594    
  -1.12969041      -1.70958614    
   1.96016061       1.63025308    
   2.52883378E-02  0.307353616    
 -0.612161934      0.174635053    
  0.785473287     -0.561045766    
 -0.226358324      -1.54580963    
  -1.15443075     -0.601459384    
  0.927060366       4.67464812E-02
  -3.56179923E-02   4.93993685E-02
 -0.317793369     -0.421847403    
 -0.339795351     -0.906176805    
   1.95482981     -0.204542145    
  0.979986012      -2.30875874    
 -0.232022554     -0.588033140    
  0.883463860       1.12197137    
  0.808993995      0.990127146    
  -1.92424262     -0.741269052    
 -0.555490851      -1.55684829    
 -0.665929914      0.432310402    
 -0.853608489      0.972238600    
 -0.774178326     -0.588688433    
  -1.11924756       2.35277677    
  0.595916927     -0.714960158    
  -1.30023170     -0.368724138    
  0.552052855       1.54982526E-02
  0.686602950      -1.02827704    
  0.176293358      -1.34064174    
 -0.218398601     -0.903932333    
  0.663674235       2.23958325    
  0.104411341     -0.384253919    
   2.02747107      -1.06635249    
 -0.217406482      0.717694938    
 -0.102571145      -1.04477644    
  0.156424135     -0.216397837    
  0.531568408     -0.639992356    
 -0.305714041      0.157746002    
  0.634840727      -1.72680140    
  0.335131258     -0.806280673    
  0.171103463      0.360885233    
  -2.83115860E-02  -1.28989005    
 -0.147011325      -1.04262900    
   4.86450382E-02  0.376989573    
   2.51867747     -0.791502178    
  -1.75249708      0.233497798    
  0.323000103      -1.35337758    
   2.81431042E-02  0.997831166    
 -0.393081784       1.25226474    
 -0.691106498      -1.92319667    
 -0.812788308     -0.342173129    
  0.622660756       9.98574570E-02
   1.51687729     -0.343189180    
  0.720178604      0.503877938    
  -2.59856987      0.926415503    
  0.146286294       3.03223634    
  -1.39791012     -0.307016850    
 -0.639005601      0.967522681    
   2.29432249      0.818511426    
 -0.216053277       1.11756015    
   4.97802198E-02 -0.268282354    
 -0.356836110      0.115057491    
  -2.05692434      -1.23069191    
  -1.00300646      -4.56536151E-02
  0.610399365     -0.254851192    
  0.936859131       1.98557091    
   1.29933214      0.123411149    
  0.226266861      0.710875154    
  0.678190827     -0.602981031    
   1.66331851     -0.764206946    
 -0.869948566      -1.31001580    
  0.559741437       2.24311805    
  -1.86827779      0.639517069    
   1.31702352       9.22740772E-02
  0.379641116      0.253387541    
   8.64947289E-02 -0.408872038    
  0.259956092       5.97425140E-02
  -1.67593980      0.563079059    
 -0.567780852      -9.14640427E-02
 -0.976654232      -1.46216440    
 -0.288634926       2.10115623    
  0.978166759      -2.31015730    
  0.679760575     -0.846094489    
  -1.73124719       1.15897727    
   1.47785544      0.700276375    
  -2.72839379      0.428321451    
  -1.04091275      0.863791704    
   9.69346985E-02  0.344078660    
  0.139189050      0.421141207    
 -0.727537811     -0.498612255    
  0.865489066     -0.631994605    
 -0.562681615      0.583848298    
  0.247305930      0.562350631    
 -0.164033085      -1.54161513    
  -1.09290278     -0.947734952    
  0.956152618     -0.125070021    
 -0.486406386      0.385264575    
   1.39387345       1.23096335    
  -7.08202943E-02   1.92998266    
  0.478644729       1.59329653    
   2.03745818     -0.142265484    
 -0.417331576     -0.717017770    
 -0.773159444      -1.25103557    
 -0.206663981      -1.00836086    
  0.530136704      0.785257995    
 -0.999489188     -0.478122503    
   2.46808887      0.820905685    
 -0.655218542     -0.600166798    
   2.43958545      0.302377462    
 -0.131079540       1.00434530    
   2.78316941E-02  0.261660993    
  -1.43383718       1.30173028    
  0.967074335     -0.618100762    
 -0.944678366     -0.974404514    
  -1.23332477      0.194610536    
  -1.12340498       1.83578253    
 -0.677446008     -0.539371252    
  0.530574501      0.490303606    
 -0.729664266     -0.554549575    
  0.324915320       1.29322934    
  0.400894135      0.483764648    
 -0.739591300     -0.748147786    
  -1.02263284     -0.300909638    
 -0.434990019      0.911771119    
 -0.868748605      -1.26780176    
 -0.586335897      0.445263684    
  0.735975683      -1.22032285    
   1.20404088     -0.786933005    
  -7.04350621E-02  0.466967940    
  0.238275424      0.216156855    
  -1.50272882      -1.28035593    
   5.41849211E-02  0.510535479    
  0.809388280       8.40896368E-02
   1.36927176       1.82676899    
  0.679271221     -0.217588067    
  0.569289446       3.40126343E-02
 -0.390297771     -0.659802675    
  -1.40188003       1.45087922    
 -0.156733528     -0.554948449    
   1.58416164      0.228555366    
  0.746557653      0.479967445    
 -0.566085756     -0.227001280    
 -0.652175307      0.863272667    
   1.10816848      -4.21373211E-02
 -0.543940067     -0.529748619    
   9.09463465E-02   1.60252321    
  -8.86668861E-02  -8.38066339E-02
   1.57879686     -0.970121503    
  0.888465643     -0.925686836    
  -1.68530273       1.62234449    
   1.19231164     -0.434981376    
   1.13618815      0.790563822    
  0.332829624      -1.14188933    
   1.15081811      -1.29894972    
   1.05781245      0.752047360    
   1.81186175       1.02772069    
  0.957899511       3.06096729E-02
 -0.825111926      0.475100189    
  0.429303408      -1.10061884    
  -1.47933221       1.30163169    
 -0.980023384      -2.36537957    
  -1.21334183      0.990210652    
  -1.73953640      0.553326368    
  -1.04614091      0.110126525    
  0.633849502      0.124370039    
  0.992616296      0.655185103    
  0.128959686      0.439958513    
   8.74881225E-04   1.38789225    
 -0.197537720      0.171084896    
 -0.372204602     -0.428927988    
   1.48319888     -0.380218863    
  0.661337376      0.223222569    
 -0.246877521       1.62552273    
 -0.798524201     -0.994280577    
   1.36875272       1.61768019    
   1.12427890     -0.329119384    
  0.802074313      -1.29368758    
 -0.671313047      -1.88750541    
   1.29578114       1.07811999    
  -1.62998760      0.854928434    
  -1.87459135      0.198579714    
  -1.93601322     -0.173415154    
   1.36849988      -2.37452030    
  -1.36722994      0.458309680    
 -0.183333844      -1.72178221    
 -0.348561138      -1.43214941    
  0.750599265      0.465722591    
 -0.676784694     -0.991400123    
 -0.578852534      -1.26500583    
 -0.402806818      -1.62630570    
   1.48387277       1.77455628    
  0.665650904       1.29785657    
   1.89103746     -0.419683456    
  0.572969735       1.11460543    
 -0.101304002      -1.17775619    
   3.98896746E-02  0.919727862    
 -0.679056585      -1.70493186    
 -0.272723585      0.355971009    
  0.789400578      0.415994853    
   1.15191495       1.06982934    
  0.355650067     -0.503133178    
  0.959705830      -1.52606273    
 -0.715408981      0.248671040    
  0.609092951      0.931325853    
  -1.24067700       1.44227934    
  0.560338676     -0.340416938    
 -0.741657495     -0.686418951    
   1.09328008      0.727916479    
 -0.619090378       1.09379315    
  -2.05250454      0.259451449    
  -2.03473520      0.566459477    
  0.516238034      0.393250614    
   1.00074935     -0.102269337    
 -0.101935007      0.505725682    
  -1.01427829     -0.871339202    
  0.178561389       2.29883957    
  0.793838501      0.580751300    
  0.286425859     -0.700276017    
  0.490694016       5.42055182E-02
  0.445838660       1.75218582    
  0.723891139     -0.262017578    
   9.97568853E-03 -0.629954159    
  -1.76587152      -1.50637376    
  0.426058084       1.93449533    
   1.73005235     -0.582394779    
   1.02568746      0.149117351    
  -1.12371492     -0.753984451    
 -0.101400539      0.153973579    
   1.20576394      -1.20245445    
  -2.28360558       6.28697174E-03
   4.04517949E-02 -0.556919694    
  0.126092225     -0.689046919    
  0.286410809      0.266088247    
 -0.222456247     -0.531862974    
 -0.581436038      -1.17187619    
  -4.72546928E-03  0.407549798    
  0.959037602      0.207330555    
 -0.887711644       1.71572483    
  -1.27476931     -0.314036578    
 -0.817473471       1.07225168    
  0.386057109       2.59002614    
  0.728762031     -0.531376421    
  0.160063460     -0.362420976    
   1.44076276      0.245315239    
 -0.334375203       1.72623670    
 -0.871499777      0.130841300    
  0.594960034      -1.24728835    
 -0.397698998      -1.88999212    
  -1.05409718      0.691245317    
   1.43129182     -0.830655277    
  -2.42790914       1.16840661    
   1.79789066       1.68415534    
  0.548093617       1.88957620    
   2.09352756      0.404823750    
 -0.943029821       8.03369656E-02
  -1.05467081       2.48985815    
   2.65886617       8.47514719E-02
  0.514699340      -1.28756535    
  0.636809468      0.300753534    
 -0.564955235      -1.73142087    
 -0.100559667      -2.23168087    
  0.785034299      0.808287323    
   1.27954769     -0.196697026    
   1.11205125      0.538506210    
 -0.181664586      0.623044908    
  0.755390346      -1.00475931    
   1.62358356      -2.12205982    
  0.413768917      0.185381830    
 -0.220903829     -0.280276954    
   1.82464492       1.38539660    
  0.696181655      0.685466886    
  0.523808360      0.588405967    
  0.288328171     -0.179626733    
  0.223775685     -0.210536182    
  -2.54239552E-02  0.932388723    
 -0.762539268      0.807957709    
  0.547002375      -1.14112091    
 -0.633793890     -0.306722403    
  0.984808028       1.02363896    
 -0.989992023      -1.71712387    
  -1.28051078     -0.694559634    
  -1.13049901      0.833164811    
  0.637904704       1.28789794    
  0.625083566       1.52222574    
 -0.785786033      0.756504118    
   1.27028942      0.921787202    
 -0.482514352      0.864261806    
  0.552136719      -2.38849640    
   1.62231255     -0.701089382    
  0.762719214      0.634399474    
  0.485027343      -1.24417925    
  0.835759282     -0.154079959    
 -0.275780439      0.578179479    
 -0.311305583      0.587386608    
 -0.911323011       1.26901209    
 -0.615243852      0.864041924    
  0.627054334     -0.108954363    
   1.31820667     -0.521525323    
  -6.69150334E-03 -0.142499924    
  -1.06291342      0.841624081    
   1.28920043       2.63144135    
  -1.63726234      -1.62513471    
  -3.99392424E-03 -0.946857750    
  0.606456161     -0.280240387    
 -0.303435236     -0.155523896    
   2.84611964      0.351082116    
  0.971628904     -0.214998960    
 -0.851583242       9.45963562E-02
 -0.500933170       1.07254791    
 -0.585342109     -0.347778559    
  0.684383988     -0.271180540    
   1.29229879     -0.161011338    
 -0.475137621      -1.36241615    
  0.334247202     -0.912482560    
  -2.74286754E-02  0.103117153    
  0.951317549      0.744443417    
  -7.73993134E-03 -0.547186434    
  0.585447788       4.62798886E-02
 -0.946778357      0.613761365    
 -0.807085752      -1.84737802    
 -0.556641579       1.39356279    
  -1.36639035       2.02202797    
   1.54156291      0.563208878    
  -1.23333669     -0.331091166    
  0.968292415       1.53796387    
  -1.16543841      0.590442061    
  -1.42759836       1.23405588    
  0.698480666      0.130867153    
 -0.862587750      -1.24332511    
  0.393847257      0.518965602    
 -0.988330603       5.18033057E-02
 -0.813340068       1.36001658    
 -0.321663231      0.184089735    
  0.260222405       1.04494727    
  0.263727874     -0.705954969    
  -1.17840958      0.837651253    
 -0.428626269       8.01663287E-03
   1.67659700      0.417018414    
  -1.40992761     -0.190552264    
  -1.04756844     -0.894590080    
   1.53499603      -4.20418419E-02
 -0.623748183     -0.800258160    
  0.163386628      -2.61062365E-02
   1.89682782      -1.96543074    
  0.106523089     -0.681750238    
  0.606473505      0.910704374    
   6.56776503E-02  -1.11664999    
  0.316807747      0.432130039    
  -1.03015995       6.80808648E-02
  0.253916979     -0.376320481    
  0.774451733     -0.623333395    
  0.513344109      0.148779288    
 -0.618139982     -0.622058213    
  0.167036831       1.01305473    
 -0.219640255      0.908473432    
   2.31541348     -0.137245491    
   1.65758085     -0.786312878    
  -1.24205112     -0.915928125    
 -0.821397543      -1.25018024    
 -0.984600484      0.296818465    
 -0.354343981      0.730808437    
  0.750596046       7.90594295E-02
  -1.51849818       2.01073027    
  -2.23902798      -1.21173060    
   1.49079454       4.65236455E-02
  0.593868792     -0.392508149    
  -1.42720318      -2.27150297    
  0.609264612       1.37919390    
 -0.185685247      0.794258893    
  -1.05738580     -0.543332934    
  0.807788491     -0.125337005    
 -0.184218094      0.366562903    
  0.536589921      -2.05830097    
  0.841473520      0.444311023    
  0.251209378     -0.614892840    
  0.230003700     -0.240244180    
  0.528093159       1.95893955    
   1.47527361     -0.530309737    
  0.456136554      0.729180694    
  -2.21895110E-02  0.671417654    
  0.657968998      -1.55720651    
  0.958269536       1.68748772    
  0.343623400      0.765257835    
  -5.60088176E-03   1.38169646    
 -0.187111542      -1.19889057    
 -0.393921793     -0.433130413    
  0.872406542     -0.328341216    
  0.144578382      -1.17801940    
  0.538526833      0.143738732    
 -0.583946824      -1.03179324    
  0.592642665      -1.22319520    
  0.686800778     -0.131853119    
 -0.650521338       4.37778458E-02
  0.255506784       1.36022079    
 -0.257234037      0.878962278    
   2.85741836E-02  0.675037682    
  0.791292548       1.25463474    
  0.817892194      -1.47485590    
 -0.872079194      0.734118879    
   8.31178650E-02   1.24850428    
  0.318871319       1.80466557    
  0.847712457      -1.10165334    
  0.486372679      0.274840683    
 -0.309459656       7.92731196E-02
  0.291796952      -1.34002501E-02
   1.09628856      0.883494139    
 -0.538238466       1.02487981    
   2.26590204      0.728828192    
  0.601003170      -1.42055607    
 -0.281241387       7.00644497E-03
 -0.817859828     -0.242285177    
 -0.346863538      -1.09899712    
  0.269642532     -0.409277350    
  -2.32045031       1.20306993    
 -0.102324441       1.23740208    
  0.479374409      0.697760761    
   1.29049945      0.464866966    
   1.78091812      -1.09226501    
  -1.73337758      -8.09775442E-02
 -0.363884240      0.685166299    
 -0.317210764      -1.10823798    
   1.45244241     -0.221677378    
   1.45723546      0.582600355    
   1.38738978     -0.757949769    
  0.224941909     -0.125652209    
 -0.463499725      0.634510040    
 -0.474183202       1.10343349    
  -1.83222306      -1.05822027    
 -0.192476362      0.621036708    
 -0.512402296      0.566854775    
  0.450148046      -1.54934096    
  0.540238619      0.272016227    
 -0.631722987     -0.679348469    
  -1.43665063       1.47944260    
 -0.394215047      0.789579511    
  -1.00106347       2.08659792    
  0.360614210      -1.46352565    
  -1.19416690      0.306264520    
   1.25395262       1.82693955E-02
   1.51317167       1.30356336    
  0.571162164     -0.424569905    
 -0.750695467      -1.57566381    
   1.48444271       1.20176291    
   1.11628115     -0.590852201    
  -1.64594817     -0.905349970    
  0.490554422      -1.29513872    
  -1.53584886      -1.13042760    
  0.316315532       9.35612246E-02
 -0.531129599       2.17994308    
  -1.45508420     -0.961357236    
   6.48677498E-02  -1.82653737    
 -0.989424348      0.171881482    
  -1.16158593      0.961303174    
 -0.192122713     -0.783985198    
  0.797202289      -1.37565899    
   1.19503987      0.295954436    
   2.56278729     -0.469587564    
  0.765573084      0.253843635    
 -0.531968653      0.448369533    
 -0.368933380       1.74307275    
 -0.274939358       9.69394594E-02
  0.264449686     -0.304775983    
  0.531950772     -0.650217175    
 -0.781971812      -2.15521846E-02
   1.09153986     -0.933699250    
   6.18310273E-02  0.196644813    
 -0.276542246     -0.493362635    
 -0.817416430      0.704732358    
   9.50429812E-02 -0.279227138    
 -0.203054264      0.247937322    
  -1.81857920      -2.10851169    
   1.90767646E-02  -1.52228568E-02
 -0.800115645     -0.376289189    
 -0.287899792       1.88038528    
  -1.86019278      -1.88347948    
 -0.969490349      -1.13345337    
   1.64484096     -0.180472776    
 -0.435344905     -0.651474297    
   1.03866875      0.575944662    
 -0.428598791      0.859044671    
  -1.49455845     -0.984713197    
 -0.760458827       3.12058851E-02
  -1.22501814       1.05054629    
  0.640815973     -0.609565854    
 -0.299568415     -0.381654084    
  0.146914780       1.42786443    
  0.564789116      0.495208681    
  0.119611666      0.170956776    
  0.937631905      0.542524815    
 -0.735483170      0.588076234    
  0.615288317     -0.198401093    
 -0.191742316      0.390055239    
  0.793983877      0.466350466    
 -0.435260296       1.37681377    
 -0.735770643      0.963047862    
  -1.03685153     -0.907097518    
 -0.743052721     -0.288178980    
  0.205753356      0.680745482    
  0.197225854     -0.943874002    
  0.122369587      0.891433179    
 -0.114680305       3.65358107E-02
  0.217839330     -0.438787133    
  -1.69820952      0.311648518    
  0.479824930       2.81279478E-02
   2.31417251       5.08949943E-02
  -3.04190014E-02  -1.63387454    
  0.451600492      0.905510426    
  -1.05313265     -0.503658235    
 -0.559865415      -1.20004547    
   1.09273052     -0.957848489    
   4.42984328E-02 -0.581111670    
  0.375711620      -2.32890916    
   1.35720539      0.225363091    
  0.763689101      0.732387900    
  -1.09207785      0.568234265    
  -1.47820282       4.78441454E-02
 -0.541157365      0.235456809    
  0.587893426      0.172251791    
  -1.02815509      0.130097270    
  0.949468136     -0.626890481    
   1.76328266      0.518330991    
   1.15976655      0.117806397    
  0.449499995       2.61402059    
  0.856470048      -1.53226614    
  0.509676814      -8.32840577E-02
  -1.77154338     -0.882889986    
 -0.529342115     -0.631350815    
  0.374115616       1.96021211    
 -0.169041470     -0.328622431    
   1.39839556E-02  0.823421419    
  -1.86015797      -1.41905117    
 -0.809399068     -0.538684309    
 -0.474748850       1.23388743    
 -0.477752090      -3.15958932E-02
 -0.555180490       7.80916661E-02
  0.291459084       2.99841452    
   1.31677568     -0.437570453    
  0.740983129      -1.43361437    
  0.533587694      0.598293543    
  -1.51219141     -0.484848738    
  -1.15599036     -0.238430545    
  0.978893518      0.221450955    
   1.34881556      -1.88803077    
  0.174969614     -0.834586442    
 -0.630312979      0.257314891    
  0.138038963       1.65659940    
  0.331719637       1.84332538    
  0.485015661       1.73181021    
 -0.486061901      -1.17628968    
  0.335305750     -0.608922422    
   1.76977468      0.925508976    
  -1.37721229     -0.752559781    
   1.23120689      0.138778269    
  -1.59273362     -0.467286050    
  0.900469959      -1.19317412    
  -1.30746150      0.425005317    
  0.193027020      0.102335706    
 -0.107868694      0.166110128    
  0.676281333      0.783086061    
 -0.551101983     -0.972357213    
 -0.832107544       1.40326905    
  0.600676835      0.921828508    
  -1.71480572      0.557224691    
  -1.93953192      -1.54932117    
   2.81337108E-02 -0.330856532    
  -1.15657115     -0.657415867    
  -8.04918706E-02   1.39420438    
  -7.83868358E-02 -0.294537872    
  -7.53559172E-02   1.52065802    
  -6.28556088E-02  0.179251105    
  0.667525709     -0.410519123    
  -4.90723327E-02  0.947075248    
  0.631949961      0.487477422    
 -0.437862188      0.511943340    
  0.366215348      -1.00467241    
 -0.916611016     -0.927098215    
   1.67016280       8.18594173E-02
  -1.11004293      0.522878110    
  0.987348378      -1.87208438    
  -4.43266779E-02   9.89500955E-02
  0.545417070     -0.627838075    
  0.985511780       8.15557614E-02
  0.284317315      0.335317343    
  0.395431429     -0.591457605    
  0.290116966     -0.409007490    
 -0.450377494     -0.450958401    
 -0.394567639      0.867133975    
   1.10699177     -0.309118301    
   2.91104130E-02   1.25003505    
  -1.23204672     -0.350425690    
 -0.517702639     -0.250489712    
  0.465755939      0.920483351    
   1.03622484      0.239403889    
  0.310175955      0.624261796    
 -0.727194011      0.570956826    
 -0.354585230     -0.101462014    
   1.66259825       2.33949161    
   1.53162873       7.59549588E-02
  -1.18725669      0.315412223    
  0.822245359     -0.211346820    
 -0.936765075      -1.06292045    
  0.812259376     -0.306559771    
 -0.982002795      -1.80692506    
 -0.421758384       3.70380171E-02
  0.678221524      -1.14601078E-02
   1.50447369     -0.870809734    
  0.516465008       1.44572854    
   2.46110463     -0.305104434    
 -0.344107121      -7.50993714E-02
  -1.82832658      0.590522885    
 -0.168112352      0.684211791    
 -0.672512472      0.901003122    
   3.57505822      0.636193812    
  0.185292900     -0.518640697    
   1.70900631      0.270015776    
 -0.669982910       4.89272550E-02
  -1.17880666      0.217352599    
 -0.478886962     -0.464599192    
 -0.140263841      -7.13668540E-02
  0.717233062     -0.976746142    
 -0.113343574       1.01479244    
   1.26100147      0.323952734    
  -1.00717318      0.453042954    
   1.53938591     -0.471843183    
  0.255234420     -0.214678869    
 -0.646217167     -0.178105399    
  0.477834731     -0.490499526    
  -1.30279768      -1.06168938    
  0.238483444      0.896322668    
  0.971049964       1.28066242    
  0.267560154      -9.65413079E-02
  0.906844199       1.02790201    
  0.499684453     -0.130009234    
  0.833974481     -0.503411949    
 -0.537472665      0.998162448    
  0.751369298      0.142889857    
  0.192048371      0.155656204    
 -0.448671281      -1.55704761    
 -0.577886879      0.260347277    
  0.660321116     -0.611989081    
 -0.602178395      -1.14110196    
  0.586710811     -0.371261179    
  0.215620250      0.732902765    
   1.76038110       1.23061799E-02
 -0.105032414      -1.34550321    
 -0.590308130       1.41700780    
  0.598224163       1.07152414    
  0.117230520      0.122226693    
 -0.805252492      -2.20759320    
  -2.05082631       1.12691283    
 -0.295920730     -0.234183088    
 -0.873699129       2.04537439    
  -1.65855610       1.10642135    
   1.33407366     -0.536061406    
   2.29959846       1.54261243    
  -1.99219918      0.215855926    
 -0.749099910       2.17425370    
   1.33224678      -1.60526645    
  0.755431890       1.20024645    
  -1.33796477      -7.84461498E-02
 -0.922929227       5.31602837E-02
   5.26162460E-02  -1.09124959    
 -0.972837985     -0.201127857    
   4.80233952E-02  0.269837528    
   1.88846624       8.28439295E-02
 -0.104134463      -1.96277344    
  0.292770833     -0.748148322    
 -0.540118396     -0.911716640    
  0.362094790       2.23717713    
 -0.397630304     -0.805165350    
  -1.11148047     -0.635176480    
  0.761583567       1.60801554    
 -0.116139233      0.437085360    
   1.72565901      0.899745643    
  -1.53747272      0.758393347    
 -0.140140429     -0.190110624    
  0.224876970      0.862550914    
 -0.659703851       3.20168883E-02
   1.20341694      -1.63049436    
 -0.183008894       1.16360092    
  -6.54743314E-02  -1.11805403    
  -7.70798251E-02 -0.782400906    
   1.82445037     -0.558541834    
  0.392837077       1.15647697    
 -0.983809114     -0.859645069    
 -0.173989877      0.309774429    
  -3.74189541E-02   2.62802821E-02
 -0.862760425      0.125410795    
  0.546297848      0.504687488    
   1.89347398      0.656344116    
   1.52401721      0.509308815    
 -0.644945204      0.522302270    
  0.798536062      -3.25392056    
  -1.41818702      -1.20374572    
  0.681553125      0.203089774    
 -0.816717088     -0.509819329    
   1.09214652      0.598136365    
 -0.357109010       1.14732957    
  0.527613342      -2.11676621    
 -0.504643381       2.28573438E-02
 -0.587908208       1.56878042    
 -0.836669803      0.776101291    
  -1.41983128      0.215552524    
   8.68185908E-02  0.803782284    
   1.67597282      0.453474313    
  -1.85305464     -0.595218658    
  0.786184669     -0.404993594    
   1.22059286       1.84955931    
  0.771038592     -0.584461391    
  0.731708944      -1.36363423    
 -0.602907836       1.18307042    
 -0.575716794       1.34524798    
 -0.127503604      0.448316425    
  0.344023496       2.07794094    
   1.19380784      0.555075049    
  -1.38190198      -1.29236691E-02
  -5.31714223E-03  0.926215649    
  -2.61442780     -0.255416811    
 -0.337117463      0.495019525    
  -1.83901882      -1.60552716    
  0.702924728      -2.48348784    
  0.594631970       6.38365522E-02
 -0.753206253      0.471037149    
 -0.417963356      -1.27281773    
   1.54352402E-02 -0.814810395    
 -0.340448081      -1.05589879    
  0.129282191      -1.33118927    
 -0.728040159      0.185790330    
  -2.17269874     -0.629743755    
   1.20922673     -0.391227007    
  0.321915895      -2.66337347    
   6.59056082E-02  -1.80877388    
 -0.471808940      -1.00317085    
 -0.812852979      0.492170393    
  0.247812301      0.534183383    
  -2.01817304E-02   2.11033726    
   2.53660583       1.07798147    
  0.510449708      -1.98603749    
  -7.42591918E-02 -0.356535792    
   2.00587487       1.36052728    
  -2.20279264     -0.290795177    
   2.95078921      0.476597935    
 -0.312852323     -0.133091226    
 -0.103339843     -0.120977692    
  0.517077744     -0.353540599    
 -0.786974192       1.29106307    
 -0.699243546      0.181056052    
   1.39804077       1.09893453    
  -5.87306358E-02 -0.143021777    
  -1.07986581     -0.633692324    
  0.993002534      -1.03639364    
  0.352138519     -0.491224617    
  0.174697876       1.25107145    
  -1.50451708     -0.571766317    
   1.53625011     -0.588022411    
  0.148677722       1.51728904    
 -0.989848971      -1.61108458    
  0.561001360     -0.884469926    
  0.565134466     -0.413106024    
 -0.285444468      -1.15736365    
 -0.846669436      -1.18023455    
   1.30359948      -1.05210841E-02
 -0.272670448      0.979352713    
  0.976426959     -0.873081386    
 -0.489432454     -0.286670357    
  0.627030134      0.593499660    
 -0.233141690      -1.51023817    
   1.42430317     -0.408527762    
  0.805067420      -1.35437226    
  -2.38949561     -0.546464622    
  -2.67545247      -1.59109104    
  -6.67332858E-02 -0.427909136    
 -0.213240638     -0.286206186    
   1.32610476      -1.38539040    
  -5.08465581E-02  0.329374731    
 -0.635522902       1.43576837    
  0.685189843     -0.183172852    
  0.433630884      0.737821460    
  0.710704744      0.583877206    
   1.39568830      0.764456511    
 -0.419343919      0.451636344    
  -1.27656066      0.273573428    
 -0.442644328      -1.49792182    
   2.47065687     -0.782727897    
   1.92069653E-02 -0.727735400    
  0.489185750     -0.355309606    
  0.999717593      -1.63063979    
  0.275192797      -2.53370309    
  0.168321684     -0.994229257    
 -0.412314773      -1.11663556    
 -0.159316704     -0.262062162    
  0.452551156      -1.13356769    
  -1.88151193      0.189567894    
 -0.730777502      0.923867941    
   1.52963006      0.493989170    
  -3.22460271E-02   1.49950898    
  0.944570124     -0.156500548    
 -0.470439404      0.274702162    
  -1.15130949      0.377382159    
 -0.114144713       1.37755263    
  -1.66800225     -0.634554565    
 -0.424655139     -0.507284284    
  0.997363567     -0.333567500    
 -0.493512392     -0.468581587    
  0.432473630      0.588093042    
  0.548139751       9.98675525E-02
  0.996136904     -0.615080237    
   1.74040937      -2.25414467    
   1.78286231     -0.500109673    
  0.618094027      0.586840510    
  -3.85766998E-02  -1.37762213    
 -0.461129993     -0.183796197    
  0.284441262     -0.492777050    
 -0.353535175      -1.12461078    
  0.747660339      0.166825771    
  0.785848260       1.44815421    
 -0.865407944      0.490836829    
  -3.13203186E-02  0.995660126    
  0.741541505      -1.64758575    
   1.18386328     -0.163008600    
 -0.771890104     -0.167624533    
  0.202226505       1.34938669    
  0.146003202      -1.61697388    
 -0.788352370      0.917867601    
   1.47141266      0.130914465    
 -0.218034729     -0.412588984    
  -3.54491919E-03   3.18485089E-02
 -0.758123279      -1.08669996    
  0.687564969       1.18367207    
 -0.904320359      0.175099432    
   1.07732093      0.978638291    
  -1.44032538     -0.811256707    
  0.108481504       1.37614799    
 -0.232901931       1.56834602    
 -0.936736941      0.377768219    
  -1.01318026      0.901301324    
  0.260643572     -0.686563492    
 -0.949027419      0.334496677    
  -2.48549938     -0.950939298    
  0.744833529      0.776180983    
  0.350092202       1.03240311    
   1.31786251     -0.628501415    
  -1.70668280       4.06588167E-02
  -1.16439641      0.441182613    
  0.535215795       1.72815979    
   1.82589304      -1.14368153    
 -0.447988421       1.44952106    
   2.31565367E-02   1.26047683    
  0.305433691     -0.402972400    
 -0.156543538      0.909926116    
  0.627547741     -0.219858751    
   1.21808171       1.71056795    
 -0.553408444      0.206895411    
 -0.728864551      0.543580413    
  -2.27645183      -1.09207547    
 -0.369761467     -0.276095420    
   1.21303523       2.15869045    
  0.361184657     -0.977137029    
 -0.181879297      0.646966934    
  0.188214213     -0.272105783    
  0.611068249      0.634505510    
 -0.514731705       1.19522051E-03
  0.276173502      0.183886334    
 -0.174717531       1.02841127    
 -0.269485533      0.189134359    
   1.72824657      0.503744006    
 -0.111172803     -0.343868971    
  0.228161305       2.71877384    
 -0.828501046     -0.779076576    
  -1.91609561       1.49166465    
   1.36000979      0.541349471    
  0.190843984      0.414586335    
  0.497720689      -1.19731987    
  0.698327661       1.27624440    
 -0.292052925      0.901830018    
 -0.591556549      -1.53736305    
   1.09642756       1.30594575    
 -0.727860272      0.958676577    
  -1.40799928      0.442193925    
   1.18853033      0.192369267    
  0.676092327     -0.213488951    
  0.989961982     -0.495860666    
  -2.85277915       1.04904544    
   1.17012012      -1.36096764    
  0.137757465     -0.212267488    
 -0.286815345       2.25557470    
   2.10249281       1.14384389    
  0.345773190     -0.217947721    
 -0.222624585     -0.161828339    
 -0.141707197      0.401430637    
  0.174291834      0.855382323    
 -0.611826241       1.04070652    
   2.01962566     -0.587369144    
  -1.34321702      -1.14406931    
  -2.24381280      0.499009758    
  0.919607818     -0.984401166    
   2.40031075      0.405258745    
 -0.396354139      0.224756017    
 -0.405216336     -0.680650830    
  0.439122677       1.00195253    
  0.842905760       1.34744334    
  0.146225989       1.25846255    
  0.797537506      -9.09268484E-02
  0.818619251       3.95116843E-02
  -1.92181993     -0.446801037    
 -0.306257576      0.419972479    
   1.23634899     -0.209186226    
  0.572029948      -1.64418272E-03
  0.878148735      0.386451304    
  -7.37109827E-03   1.18917513    
 -0.260319620     -0.610149443    
  0.365040749      0.323668063    
  0.587036729      0.999797761    
 -0.422875732     -0.388815671    
 -0.365967870      0.587222934    
  0.561171651      -9.06527266E-02
  -2.34746861     -0.880604446    
 -0.278961152     -0.201361388    
 -0.887186825      0.218290895    
  -2.16890144       1.88494182    
 -0.758025229      0.247452676    
 -0.210556939     -0.960292995    
  -1.63399374       7.41882101E-02
  0.158243477       1.25394809    
  0.570216775       9.08299536E-02
  0.442295611       1.06262398    
  0.728598535       1.70895898    
   1.42737150     -0.902319670    
   1.46271777      0.670839727    
  -1.32942820      0.994030654    
  0.879448414     -0.985172987    
  0.101351790      -1.91533613    
  0.395429134      0.655300319    
 -0.826200187     -0.873389661    
  -2.01632786     -0.940565169    
 -0.352484316      0.196518496    
  0.679273665     -0.332889915    
 -0.860144734      0.528664291    
   1.14962244      -1.44453132    
  0.231976807      -1.03665447    
  -7.32630342E-02  0.303884685    
 -0.767711282     -0.912708282    
   1.21484888     -0.221924663    
 -0.770445883      0.926847339    
 -0.336351335       2.14014673    
  0.663020790       1.53135927E-02
  -5.55318929E-02   2.01121426    
  -1.71424544      -1.46119988    
 -0.327298552       1.88819194    
  0.380308390      -1.11546052    
   1.53771794     -0.607920468    
   8.60721916E-02   1.39479995    
  0.620474219       1.54767191    
