  0.859496117      0.482837677    
  0.482837677       5.12328148E-02
   5.12328148E-02  0.994989455    
  0.994989455       7.69050121E-02
   7.69050121E-02  0.568072081    
  0.568072081       1.35010481E-02
   1.35010481E-02  0.874375403    
  0.874375403      0.611944139    
  0.611944139      0.855129898    
  0.855129898      0.656462431    
  0.656462431       2.64636278E-02
   2.64636278E-02  0.426945448    
  0.426945448      0.171720862    
  0.171720862      0.344870806    
  0.344870806       1.02370977E-02
   1.02370977E-02  0.592634141    
  0.592634141      0.712893128    
  0.712893128      0.715016305    
  0.715016305      0.762889564    
  0.762889564      0.203356445    
  0.203356445      0.963019013    
  0.963019013       7.33320117E-02
   7.33320117E-02  0.742172301    
  0.742172301       7.93666244E-02
   7.93666244E-02  0.619125724    
  0.619125724      0.547712564    
  0.547712564      0.273446143    
  0.273446143      0.135255694    
  0.135255694      0.133756101    
  0.133756101      0.400391996    
  0.400391996      0.269634187    
  0.269634187      0.522339344    
  0.522339344      0.707474053    
  0.707474053      0.572582364    
  0.572582364      0.584341228    
  0.584341228      0.865279317    
  0.865279317      0.881565630    
  0.881565630      0.674913526    
  0.674913526      0.862676203    
  0.862676203      0.229598641    
  0.229598641      0.603703141    
  0.603703141      0.886269748    
  0.886269748      0.504255056    
  0.504255056      0.976431727    
  0.976431727      0.595289648    
  0.595289648      0.606473088    
  0.606473088      0.497179925    
  0.497179925      0.555351496    
  0.555351496      0.978755891    
  0.978755891      0.545513868    
  0.545513868      0.924291492    
  0.924291492      0.924742997    
  0.924742997       4.11336422E-02
   4.11336422E-02  0.956033289    
  0.956033289      0.127346873    
  0.127346873       8.36577415E-02
   8.36577415E-02  0.670064270    
  0.670064270      0.431329191    
  0.431329191      0.963034332    
  0.963034332      0.742818058    
  0.742818058      0.550552547    
  0.550552547      0.879591823    
  0.879591823      0.221132934    
  0.221132934      0.812809110    
  0.812809110      0.184104145    
  0.184104145      0.567556739    
  0.567556739      0.303401351    
  0.303401351      0.330849707    
  0.330849707      0.191064894    
  0.191064894      0.340216339    
  0.340216339      0.397928476    
  0.397928476      0.164718270    
  0.164718270      0.591633022    
  0.591633022      0.610984981    
  0.610984981       4.93163466E-02
   4.93163466E-02   5.52245975E-02
   5.52245975E-02  0.467135310    
  0.467135310      0.332496524    
  0.332496524      0.328489959    
  0.328489959      0.232250571    
  0.232250571      0.114248216    
  0.114248216      0.869123936    
  0.869123936      0.755859494    
  0.755859494      0.202258825    
  0.202258825      0.477357090    
  0.477357090      0.248736382    
  0.248736382      0.801244557    
  0.801244557      0.468134344    
  0.468134344      0.852423012    
  0.852423012      0.110015094    
  0.110015094      0.714792013    
  0.714792013      0.495347083    
  0.495347083      0.991309881    
  0.991309881      0.582785487    
  0.582785487      0.117088854    
  0.117088854      0.968626499    
  0.968626499      0.845175147    
  0.845175147      0.583827078    
  0.583827078      0.169709504    
  0.169709504      0.325200558    
  0.325200558      0.881931901    
  0.881931901      0.124281943    
  0.124281943      0.880680978    
  0.880680978      0.393546343    
  0.393546343      0.307483256    
  0.307483256       8.41071606E-02
   8.41071606E-02  0.361419499    
  0.361419499      0.914358318    
  0.914358318      0.936035573    
  0.936035573      0.283813655    
  0.283813655      0.615226209    
  0.615226209      0.652316570    
  0.652316570      0.526961803    
  0.526961803      0.494221509    
  0.494221509      0.416805744    
  0.416805744      0.284363627    
  0.284363627      0.846256852    
  0.846256852      0.767777622    
  0.767777622      0.373922527    
  0.373922527      0.120140016    
  0.120140016      0.845621407    
  0.845621407      0.151231349    
  0.151231349      0.526356339    
  0.526356339      0.431769729    
  0.431769729      0.952121377    
  0.952121377      0.606259823    
  0.606259823      0.629339457    
  0.629339457      0.546709299    
  0.546709299      0.804111123    
  0.804111123      0.800382435    
  0.800382435      0.208302200    
  0.208302200      0.460557878    
  0.460557878      0.561531961    
  0.561531961      0.828498781    
  0.828498781      0.562733173    
  0.562733173      0.588531971    
  0.588531971      0.828135848    
  0.828135848      0.535468698    
  0.535468698      0.455181241    
  0.455181241      0.161774874    
  0.161774874      0.357511520    
  0.357511520      0.410707891    
  0.410707891      0.273076653    
  0.273076653      0.466104627    
  0.466104627      0.342119098    
  0.342119098      0.758867383    
  0.758867383      0.868487060    
  0.868487060      0.534554780    
  0.534554780      0.453360260    
  0.453360260      0.519944131    
  0.519944131      0.116918802    
  0.116918802      0.182577908    
  0.182577908      0.742617130    
  0.742617130      0.490637243    
  0.490637243      0.510704875    
  0.510704875      0.189134896    
  0.189134896      0.380466461    
  0.380466461      0.372247577    
  0.372247577      0.106662154    
  0.106662154      0.548619449    
  0.548619449      0.969195366    
  0.969195366      0.543281138    
  0.543281138      0.897859573    
  0.897859573      0.322174549    
  0.322174549      0.649554491    
  0.649554491      0.312234044    
  0.312234044      0.135290205    
  0.135290205      0.242630422    
  0.242630422      0.310091555    
  0.310091555      0.431218326    
  0.431218326      0.373284221    
  0.373284221      0.898319483    
  0.898319483      0.571110547    
  0.571110547      0.411581337    
  0.411581337      0.105142474    
  0.105142474      0.657923877    
  0.657923877      0.871254742    
  0.871254742      0.135768831    
  0.135768831      0.484585702    
  0.484585702      0.465669096    
  0.465669096       8.06446075E-02
   8.06446075E-02  0.534847319    
  0.534847319      0.511358857    
  0.511358857      0.590573549    
  0.590573549      0.967112243    
  0.967112243      0.109619558    
  0.109619558      0.420418918    
  0.420418918      0.761969984    
  0.761969984      0.795950890    
  0.795950890      0.383671880    
  0.383671880      0.165854752    
  0.165854752      0.463000000    
  0.463000000      0.945815742    
  0.945815742      0.112611592    
  0.112611592      0.718488097    
  0.718488097      0.127454996    
  0.127454996      0.412146449    
  0.412146449      0.965784311    
  0.965784311      0.778558493    
  0.778558493      0.829014063    
  0.829014063       6.15542531E-02
   6.15542531E-02  0.391242385    
  0.391242385      0.872928381    
  0.872928381      0.979945004    
  0.979945004      0.522015274    
  0.522015274      0.300117671    
  0.300117671      0.202014744    
  0.202014744      0.276272535    
  0.276272535      0.122162342    
  0.122162342      0.614899397    
  0.614899397      0.263104558    
  0.263104558      0.259237170    
  0.259237170      0.264679074    
  0.264679074      0.902091026    
  0.902091026       8.21167827E-02
   8.21167827E-02  0.900808156    
  0.900808156      0.243812084    
  0.243812084      0.731415153    
  0.731415153      0.648784637    
  0.648784637      0.487836838    
  0.487836838      0.951970458    
  0.951970458       9.95160937E-02
   9.95160937E-02  0.192171395    
  0.192171395      0.840308547    
  0.840308547      0.679476082    
  0.679476082      0.481277168    
  0.481277168      0.914973617    
  0.914973617      0.296164155    
  0.296164155      0.923679173    
  0.923679173      0.621997416    
  0.621997416      0.540842831    
  0.540842831      0.402306199    
  0.402306199      0.696750879    
  0.696750879      0.723051131    
  0.723051131      0.372909725    
  0.372909725      0.913550377    
  0.913550377      0.477221668    
  0.477221668      0.804279745    
  0.804279745      0.696624160    
  0.696624160      0.869617283    
  0.869617283      0.484845638    
  0.484845638      0.928616464    
  0.928616464      0.200095117    
  0.200095117      0.248348534    
  0.248348534      0.451920271    
  0.451920271      0.117065549    
  0.117065549      0.906372428    
  0.906372428      0.697846889    
  0.697846889      0.948583126    
  0.948583126      0.857022703    
  0.857022703      0.977753878    
  0.977753878      0.131487668    
  0.131487668      0.404123008    
  0.404123008      0.311594725    
  0.311594725      0.256765306    
  0.256765306      0.116349459    
  0.116349459      0.454625010    
  0.454625010      0.288929939    
  0.288929939      0.692831993    
  0.692831993      0.906652689    
  0.906652689      0.492572784    
  0.492572784      0.426960409    
  0.426960409      0.362687290    
  0.362687290      0.424880803    
  0.424880803      0.207011163    
  0.207011163      0.504986942    
  0.504986942      0.565950215    
  0.565950215      0.986070514    
  0.986070514      0.638298810    
  0.638298810      0.307525933    
  0.307525933      0.121122241    
  0.121122241      0.230875969    
  0.230875969      0.533746243    
  0.533746243      0.870742619    
  0.870742619      0.336947322    
  0.336947322      0.588819683    
  0.588819683      0.109122992    
  0.109122992      0.682163358    
  0.682163358      0.734612405    
  0.734612405       4.69745398E-02
   4.69745398E-02  0.739764810    
  0.739764810      0.807705462    
  0.807705462      0.569245219    
  0.569245219      0.477723897    
  0.477723897      0.496541440    
  0.496541440      0.801425517    
  0.801425517      0.219482183    
  0.219482183      0.468677580    
  0.468677580      0.949551523    
  0.949551523      0.837213993    
  0.837213993       4.68754768E-02
   4.68754768E-02  0.944839418    
  0.944839418      0.480943263    
  0.480943263      0.197146118    
  0.197146118      0.384738147    
  0.384738147      0.831304491    
  0.831304491      0.843899786    
  0.843899786      0.616843343    
  0.616843343      0.674654484    
  0.674654484      0.954385877    
  0.954385877      0.681556523    
  0.681556523      0.986013234    
  0.986013234      0.600887656    
  0.600887656      0.124403358    
  0.124403358      0.156794667    
  0.156794667      0.551587760    
  0.551587760      0.431197584    
  0.431197584      0.984481573    
  0.984481573      0.460593104    
  0.460593104      0.682472348    
  0.682472348      0.331792235    
  0.331792235      0.896972060    
  0.896972060       8.45448971E-02
   8.45448971E-02  0.575196028    
  0.575196028      0.133556783    
  0.133556783      0.408703685    
  0.408703685      0.455775142    
  0.455775142      0.125395119    
  0.125395119      0.967837989    
  0.967837989      0.573911369    
  0.573911369      0.907837570    
  0.907837570      0.917886198    
  0.917886198      0.345199704    
  0.345199704      0.755231023    
  0.755231023      0.455751300    
  0.455751300      0.500537217    
  0.500537217      0.801713943    
  0.801713943      0.802912891    
  0.802912891      0.339663148    
  0.339663148      0.802776754    
  0.802776754      0.306357622    
  0.306357622      0.369452119    
  0.369452119      0.550189495    
  0.550189495      0.291585386    
  0.291585386      0.632572889    
  0.632572889      0.168925345    
  0.168925345       6.07056618E-02
   6.07056618E-02  0.674906313    
  0.674906313      0.731599212    
  0.731599212      0.626034319    
  0.626034319      0.624781847    
  0.624781847      0.462907195    
  0.462907195       4.92334366E-05
   4.92334366E-05  0.440706491    
  0.440706491      0.996331394    
  0.996331394      0.159281492    
  0.159281492      0.228567004    
  0.228567004      0.660643101    
  0.660643101      0.622872710    
  0.622872710      0.101160824    
  0.101160824      0.501975775    
  0.501975775      0.224862576    
  0.224862576      0.181201100    
  0.181201100      0.660989523    
  0.660989523       9.22759771E-02
   9.22759771E-02  0.800609171    
  0.800609171      0.648276091    
  0.648276091      0.840018451    
  0.840018451      0.900582552    
  0.900582552      0.832871854    
  0.832871854      0.261234641    
  0.261234641      0.155552864    
  0.155552864      0.744376242    
  0.744376242      0.458688855    
  0.458688855      0.772525728    
  0.772525728      0.482159853    
  0.482159853      0.291631877    
  0.291631877      0.767175734    
  0.767175734      0.446493804    
  0.446493804       1.53977275E-02
   1.53977275E-02  0.992383122    
  0.992383122      0.304898679    
  0.304898679      0.472851574    
  0.472851574      0.700868487    
  0.700868487      0.316872239    
  0.316872239      0.354875445    
  0.354875445      0.645134568    
  0.645134568      0.516345143    
  0.516345143      0.812664330    
  0.812664330      0.639365315    
  0.639365315      0.397259772    
  0.397259772      0.279141486    
  0.279141486      0.239957631    
  0.239957631      0.761831701    
  0.761831701       4.69077826E-02
   4.69077826E-02  0.668753624    
  0.668753624      0.501763940    
  0.501763940      0.792584062    
  0.792584062      0.408900440    
  0.408900440      0.827476025    
  0.827476025      0.109283388    
  0.109283388      0.410602927    
  0.410602927      0.601112783    
  0.601112783      0.745848775    
  0.745848775      0.145447016    
  0.145447016      0.524879754    
  0.524879754      0.988294482    
  0.988294482      0.776434004    
  0.776434004      0.898913205    
  0.898913205      0.252627730    
  0.252627730      0.265132964    
  0.265132964      0.983859956    
  0.983859956       3.21154594E-02
   3.21154594E-02   1.06101036E-02
   1.06101036E-02  0.451886773    
  0.451886773      0.414370477    
  0.414370477      0.681517661    
  0.681517661      0.816778004    
  0.816778004      0.974428833    
  0.974428833      0.972719073    
  0.972719073      0.332275093    
  0.332275093      0.617147684    
  0.617147684      0.218184769    
  0.218184769      0.310844779    
  0.310844779      0.793408334    
  0.793408334      0.726727545    
  0.726727545      0.937867045    
  0.937867045      0.259752989    
  0.259752989      0.519318402    
  0.519318402       5.63563108E-02
   5.63563108E-02  0.229935110    
  0.229935110      0.540041804    
  0.540041804      0.666759253    
  0.666759253      0.984015405    
  0.984015405      0.136694610    
  0.136694610      0.141137779    
  0.141137779      0.792751014    
  0.792751014      0.568654597    
  0.568654597      0.223175526    
  0.223175526      0.277965665    
  0.277965665      0.881584764    
  0.881584764      0.727840483    
  0.727840483      0.869555831    
  0.869555831      0.924014211    
  0.924014211      0.936163127    
  0.936163127      0.432303250    
  0.432303250      0.650120378    
  0.650120378      0.955398619    
  0.955398619      0.758421361    
  0.758421361      0.611745179    
  0.611745179      0.606707275    
  0.606707275      0.940391064    
  0.940391064       8.18911195E-02
   8.18911195E-02  0.804160595    
  0.804160595      0.160109222    
  0.160109222      0.161870003    
  0.161870003      0.723236859    
  0.723236859      0.170109212    
  0.170109212      0.577018976    
  0.577018976      0.826240718    
  0.826240718      0.675321758    
  0.675321758       5.36996126E-02
   5.36996126E-02  0.676127553    
  0.676127553      0.541948557    
  0.541948557      0.126675665    
  0.126675665      0.651325166    
  0.651325166      0.899544537    
  0.899544537      0.929542124    
  0.929542124       1.95872188E-02
   1.95872188E-02  0.236763537    
  0.236763537      0.557532609    
  0.557532609      0.473732173    
  0.473732173      0.942258298    
  0.942258298      0.943612933    
  0.943612933      0.405831277    
  0.405831277      0.637777627    
  0.637777627      0.368431807    
  0.368431807      0.351074576    
  0.351074576      0.815314293    
  0.815314293      0.828157306    
  0.828157306      0.754946113    
  0.754946113      0.184107423    
  0.184107423      0.825758219    
  0.825758219      0.721530616    
  0.721530616       8.18474293E-02
   8.18474293E-02  0.919373512    
  0.919373512      0.376219094    
  0.376219094      0.189582944    
  0.189582944      0.609283149    
  0.609283149      0.179144919    
  0.179144919      0.393207192    
  0.393207192      0.669600308    
  0.669600308      0.631341577    
  0.631341577      0.894619405    
  0.894619405      0.425317049    
  0.425317049      0.225226700    
  0.225226700      0.357052386    
  0.357052386      0.886260450    
  0.886260450      0.344995797    
  0.344995797      0.298417509    
  0.298417509      0.195262432    
  0.195262432      0.255284131    
  0.255284131      0.287558496    
  0.287558496      0.369271457    
  0.369271457      0.475039423    
  0.475039423      0.243038714    
  0.243038714      0.416269541    
  0.416269541      0.157717288    
  0.157717288      0.182510912    
  0.182510912      0.550466120    
  0.550466120      0.374099910    
  0.374099910      0.585739791    
  0.585739791      0.118085742    
  0.118085742      0.557640374    
  0.557640374      0.955207467    
  0.955207467      0.672955096    
  0.672955096      0.927228510    
  0.927228510      0.456745803    
  0.456745803      0.142461300    
  0.142461300      0.405114055    
  0.405114055      0.612506151    
  0.612506151       4.96016145E-02
   4.96016145E-02  0.525785565    
  0.525785565      0.382898390    
  0.382898390      0.576572537    
  0.576572537      0.373278975    
  0.373278975      0.279918194    
  0.279918194      0.523776591    
  0.523776591      0.124961793    
  0.124961793      0.160855114    
  0.160855114       9.22257304E-02
   9.22257304E-02  0.398981273    
  0.398981273      0.821964324    
  0.821964324      0.710486948    
  0.710486948      0.421731591    
  0.421731591      0.501366615    
  0.501366615      0.657013476    
  0.657013476      0.178605020    
  0.178605020      0.146606684    
  0.146606684      0.142919242    
  0.142919242       6.68941736E-02
   6.68941736E-02  0.722084761    
  0.722084761       2.96337605E-02
   2.96337605E-02  0.449954808    
  0.449954808      0.701743305    
  0.701743305      0.149979353    
  0.149979353      0.614191711    
  0.614191711      0.461725473    
  0.461725473      0.851555824    
  0.851555824       2.80233622E-02
   2.80233622E-02  0.335542321    
  0.335542321      0.410549760    
  0.410549760      0.692932785    
  0.692932785      0.362511694    
  0.362511694       8.24592113E-02
   8.24592113E-02  0.498735487    
  0.498735487      0.322411299    
  0.322411299      0.251874924    
  0.251874924      0.978688121    
  0.978688121      0.874912500    
  0.874912500      0.553310096    
  0.553310096      0.672829509    
  0.672829509       3.72501612E-02
   3.72501612E-02  0.340198517    
  0.340198517      0.836253762    
  0.836253762      0.168004155    
  0.168004155      0.787656963    
  0.787656963      0.370925128    
  0.370925128      0.944619596    
  0.944619596      0.556096733    
  0.556096733      0.743086338    
  0.743086338      0.617825031    
  0.617825031       8.33497047E-02
   8.33497047E-02  0.683715582    
  0.683715582      0.367368400    
  0.367368400      0.369972765    
  0.369972765      0.634755909    
  0.634755909       8.07006359E-02
   8.07006359E-02  0.622130692    
  0.622130692      0.986497462    
  0.986497462      0.632677376    
  0.632677376      0.486422539    
  0.486422539      0.117081702    
  0.117081702      0.953778803    
  0.953778803      0.434426188    
  0.434426188      0.714952230    
  0.714952230      0.596010447    
  0.596010447      0.418306708    
  0.418306708      0.307365000    
  0.307365000      0.937427163    
  0.937427163      0.394713104    
  0.394713104      0.249662220    
  0.249662220      0.955678582    
  0.955678582      0.129210889    
  0.129210889      0.468923211    
  0.468923211      0.103161991    
  0.103161991      0.366702735    
  0.366702735      0.275013328    
  0.275013328      0.480763614    
  0.480763614      0.600612462    
  0.600612462      0.427384019    
  0.427384019      0.290990889    
  0.290990889      0.807931602    
  0.807931602      0.955949724    
  0.955949724      0.703955948    
  0.703955948      0.454065204    
  0.454065204      0.329175115    
  0.329175115      0.930801988    
  0.930801988       8.22511315E-02
   8.22511315E-02  0.622989416    
  0.622989416      0.274264216    
  0.274264216      0.905326962    
  0.905326962      0.300259769    
  0.300259769      0.998295248    
  0.998295248      0.399493814    
  0.399493814      0.546123147    
  0.546123147       2.53858566E-02
   2.53858566E-02  0.466261685    
  0.466261685      0.796473622    
  0.796473622      0.921414077    
  0.921414077       2.67395973E-02
   2.67395973E-02  0.209258318    
  0.209258318      0.680590749    
  0.680590749      0.470471859    
  0.470471859      0.508658946    
  0.508658946      0.240258753    
  0.240258753      0.597361267    
  0.597361267      0.586316228    
  0.586316228      0.511182964    
  0.511182964      0.281945467    
  0.281945467      0.371616781    
  0.371616781      0.133503258    
  0.133503258      0.999287903    
  0.999287903      0.459672272    
  0.459672272      0.543207943    
  0.543207943      0.155807257    
  0.155807257      0.808978379    
  0.808978379       3.61892581E-02
   3.61892581E-02   7.22432137E-02
   7.22432137E-02  0.352380574    
  0.352380574      0.971599996    
  0.971599996      0.438657165    
  0.438657165       5.73158264E-02
   5.73158264E-02  0.163947284    
  0.163947284      0.158377647    
  0.158377647      0.461095035    
  0.461095035      0.695195317    
  0.695195317      0.298564136    
  0.298564136      0.175348938    
  0.175348938      0.470049322    
  0.470049322      0.235422730    
  0.235422730      0.559391558    
  0.559391558      0.877300739    
  0.877300739      0.713914394    
  0.713914394      0.576115489    
  0.576115489      0.684877872    
  0.684877872      0.655049026    
  0.655049026      0.785031736    
  0.785031736      0.607466459    
  0.607466459      0.617596805    
  0.617596805      0.588685632    
  0.588685632      0.357314408    
  0.357314408      0.282089949    
  0.282089949      0.597623706    
  0.597623706      0.655267477    
  0.655267477      0.833313465    
  0.833313465      0.223305881    
  0.223305881      0.526245713    
  0.526245713      0.443562448    
  0.443562448      0.837198973    
  0.837198973       2.46511698E-02
   2.46511698E-02  0.790719092    
  0.790719092       4.65748310E-02
   4.65748310E-02  0.713632703    
  0.713632703      0.623593688    
  0.623593688      0.721161008    
  0.721161008      0.863124371    
  0.863124371      0.795413792    
  0.795413792       8.09709430E-02
   8.09709430E-02  0.754189491    
  0.754189491      0.865013063    
  0.865013063      0.137811124    
  0.137811124      0.359612286    
  0.359612286      0.884966135    
  0.884966135      0.255242944    
  0.255242944      0.926781356    
  0.926781356      0.151848078    
  0.151848078      0.778822720    
  0.778822720      0.354185879    
  0.354185879      0.551144481    
  0.551144481      0.580106318    
  0.580106318      0.270412326    
  0.270412326      0.168269098    
  0.168269098       1.36255622E-02
   1.36255622E-02   2.48596668E-02
   2.48596668E-02  0.549711645    
  0.549711645      0.697401702    
  0.697401702      0.803118050    
  0.803118050      0.388657451    
  0.388657451      0.514427423    
  0.514427423      0.734732151    
  0.734732151       2.24626064E-02
   2.24626064E-02  0.927856207    
  0.927856207      0.861806333    
  0.861806333      0.750346124    
  0.750346124      0.391177356    
  0.391177356      0.842736959    
  0.842736959      0.720266223    
  0.720266223      0.767538309    
  0.767538309      0.632751286    
  0.632751286      0.654333591    
  0.654333591      0.208773017    
  0.208773017      0.976095855    
  0.976095855      0.490487874    
  0.490487874      0.418825686    
  0.418825686      0.128593028    
  0.128593028      0.451575518    
  0.451575518      0.143230915    
  0.143230915      0.445034206    
  0.445034206       4.60318327E-02
   4.60318327E-02   4.09312844E-02
   4.09312844E-02  0.452129424    
  0.452129424       4.77101207E-02
   4.77101207E-02  0.826066732    
  0.826066732       9.96863842E-02
   9.96863842E-02  0.341725886    
  0.341725886      0.176583827    
  0.176583827       5.34057617E-05
   5.34057617E-05  0.560014486    
  0.560014486      0.559732080    
  0.559732080      0.314818382    
  0.314818382      0.711627662    
  0.711627662      0.427286923    
  0.427286923      0.721713066    
  0.721713066      0.209266543    
  0.209266543      0.585103929    
  0.585103929      0.299657106    
  0.299657106       3.06854248E-02
   3.06854248E-02  0.616460681    
  0.616460681      0.434080780    
  0.434080780      0.556533217    
  0.556533217      0.693607450    
  0.693607450      0.469639063    
  0.469639063      0.212408483    
  0.212408483      0.537479281    
  0.537479281      0.554670513    
  0.554670513      0.114702880    
  0.114702880      0.782988548    
  0.782988548      0.526338279    
  0.526338279      0.981137216    
  0.981137216      0.977475047    
  0.977475047      0.722741961    
  0.722741961      0.737300396    
  0.737300396       7.35533237E-03
   7.35533237E-03  0.687110901    
  0.687110901      0.253633142    
  0.253633142      0.382413685    
  0.382413685      0.731108725    
  0.731108725      0.629535913    
  0.629535913       7.73136616E-02
   7.73136616E-02  0.257485867    
  0.257485867      0.566255510    
  0.566255510      0.215991557    
  0.215991557      0.788261712    
  0.788261712      0.551160216    
  0.551160216      0.251974404    
  0.251974404      0.402528286    
  0.402528286      0.130558312    
  0.130558312      0.655967057    
  0.655967057      0.634335697    
  0.634335697      0.688644052    
  0.688644052       3.88634205E-03
   3.88634205E-03   2.64573097E-03
   2.64573097E-03  0.619051993    
  0.619051993      0.462795556    
  0.462795556      0.229886770    
  0.229886770      0.188519776    
  0.188519776      0.888383567    
  0.888383567      0.100130498    
  0.100130498      0.722385466    
  0.722385466      0.225109696    
  0.225109696       5.89888096E-02
   5.89888096E-02  0.490994096    
  0.490994096      0.629137933    
  0.629137933      0.752780676    
  0.752780676       3.70386839E-02
   3.70386839E-02  0.257206023    
  0.257206023      0.576640427    
  0.576640427      0.496383846    
  0.496383846      0.499085605    
  0.499085605      0.504906237    
  0.504906237       5.88140488E-02
   5.88140488E-02  0.834162772    
  0.834162772      0.323642969    
  0.323642969      0.862426937    
  0.862426937      0.847427070    
  0.847427070       3.87781262E-02
   3.87781262E-02  0.310455799    
  0.310455799      0.114755690    
  0.114755690      0.450337350    
  0.450337350      0.114800096    
  0.114800096      0.209893048    
  0.209893048      0.994141877    
  0.994141877      0.151255906    
  0.151255906      0.522915661    
  0.522915661       4.10620570E-02
   4.10620570E-02   3.19876075E-02
   3.19876075E-02  0.730784297    
  0.730784297      0.759491026    
  0.759491026      0.166357934    
  0.166357934      0.372011364    
  0.372011364      0.142212927    
  0.142212927      0.578441858    
  0.578441858      0.364246786    
  0.364246786      0.178996444    
  0.178996444      0.322107375    
  0.322107375      0.187663376    
  0.187663376      0.545171380    
  0.545171380      0.495650828    
  0.495650828      0.887117684    
  0.887117684      0.534248233    
  0.534248233      0.314462602    
  0.314462602       7.49809742E-02
   7.49809742E-02  0.509756207    
  0.509756207      0.268075168    
  0.268075168      0.285752356    
  0.285752356      0.291120768    
  0.291120768      0.992047071    
  0.992047071      0.643742859    
  0.643742859       7.16031194E-02
   7.16031194E-02  0.695383787    
  0.695383787      0.364668667    
  0.364668667      0.697008610    
  0.697008610      0.527017653    
  0.527017653      0.196488082    
  0.196488082      0.303703308    
  0.303703308      0.512625158    
  0.512625158      0.853714705    
  0.853714705      0.788792133    
  0.788792133      0.635954201    
  0.635954201      0.480993032    
  0.480993032      0.541415334    
  0.541415334      0.366947472    
  0.366947472      0.238747597    
  0.238747597      0.417391300    
  0.417391300      0.385132492    
  0.385132492      0.660260975    
  0.660260975      0.367816091    
  0.367816091      0.338750780    
  0.338750780      0.492641807    
  0.492641807      0.344675362    
  0.344675362      0.833955526    
  0.833955526      0.375985146    
  0.375985146      0.168094635    
  0.168094635      0.971138537    
  0.971138537       1.78467631E-02
   1.78467631E-02  0.449431002    
  0.449431002      0.221056044    
  0.221056044      0.431489289    
  0.431489289      0.534254789    
  0.534254789      0.817184865    
  0.817184865      0.412858188    
  0.412858188      0.308430791    
  0.308430791      0.516561270    
  0.516561270      0.615943491    
  0.615943491      0.699317098    
  0.699317098      0.483183384    
  0.483183384      0.684947312    
  0.684947312      0.264238894    
  0.264238894      0.159839690    
  0.159839690      0.758376181    
  0.758376181      0.495550632    
  0.495550632      0.347074151    
  0.347074151       8.45205188E-02
   8.45205188E-02  0.268681705    
  0.268681705       3.29402089E-02
   3.29402089E-02  0.251168251    
  0.251168251      0.130323887    
  0.130323887      0.217042208    
  0.217042208      0.928397596    
  0.928397596      0.548481882    
  0.548481882      0.517375708    
  0.517375708      0.379164934    
  0.379164934      0.208616793    
  0.208616793      0.506961942    
  0.506961942      0.856141746    
  0.856141746      0.350729048    
  0.350729048      0.698269308    
  0.698269308      0.711047530    
  0.711047530      0.413845062    
  0.413845062      0.490635633    
  0.490635633      0.699581623    
  0.699581623      0.601830602    
  0.601830602      0.691905022    
  0.691905022      0.869365871    
  0.869365871      0.244996369    
  0.244996369      0.449042976    
  0.449042976       5.36416769E-02
   5.36416769E-02  0.981011689    
  0.981011689      0.855818629    
  0.855818629      0.779374659    
  0.779374659      0.116075993    
  0.116075993      0.423666775    
  0.423666775      0.370371997    
  0.370371997      0.312422752    
  0.312422752      0.705828846    
  0.705828846      0.311389983    
  0.311389983      0.476860940    
  0.476860940      0.148154557    
  0.148154557      0.220516324    
  0.220516324      0.145974994    
  0.145974994       8.40541124E-02
   8.40541124E-02  0.328252316    
  0.328252316      0.143861473    
  0.143861473      0.109639943    
  0.109639943      0.589502096    
  0.589502096      0.347301781    
  0.347301781      0.523840666    
  0.523840666      0.783137798    
  0.783137798      0.838630915    
  0.838630915      0.139947951    
  0.139947951       3.63622308E-02
   3.63622308E-02  0.951987088    
  0.951987088      0.314336181    
  0.314336181      0.364207625    
  0.364207625      0.318579137    
  0.318579137      0.490952611    
  0.490952611      0.497316778    
  0.497316778      0.766100526    
  0.766100526      0.555572391    
  0.555572391      0.405970275    
  0.405970275      0.903048635    
  0.903048635      0.273998499    
  0.273998499      0.241762519    
  0.241762519      0.950411558    
  0.950411558      0.685635805    
  0.685635805       5.11634350E-03
   5.11634350E-03  0.500039279    
  0.500039279      0.759301960    
  0.759301960      0.732684970    
  0.732684970      0.972829342    
  0.972829342      0.367125988    
  0.367125988      0.151200175    
  0.151200175      0.760102808    
  0.760102808      0.714290440    
  0.714290440      0.178081095    
  0.178081095       7.19416738E-02
   7.19416738E-02  0.861166954    
  0.861166954      0.235215425    
  0.235215425      0.668826938    
  0.668826938      0.125546396    
  0.125546396      0.683395445    
  0.683395445      0.921165287    
  0.921165287      0.610172510    
  0.610172510      0.915632725    
  0.915632725      0.903692126    
  0.903692126      0.270465910    
  0.270465910      0.932535470    
  0.932535470      0.501800537    
  0.501800537      0.160126328    
  0.160126328      0.114088714    
  0.114088714      0.842482328    
  0.842482328      0.562252700    
  0.562252700      0.317854583    
  0.317854583      0.353741825    
  0.353741825       9.36785340E-02
   9.36785340E-02  0.329774857    
  0.329774857      0.772240341    
  0.772240341      0.329027951    
  0.329027951      0.795626581    
  0.795626581      0.671093941    
  0.671093941       7.37038255E-02
   7.37038255E-02  0.636541009    
  0.636541009      0.874536216    
  0.874536216      0.161845326    
  0.161845326      0.535425663    
  0.535425663       3.90766263E-02
   3.90766263E-02  0.286499918    
  0.286499918      0.283628643    
  0.283628643      0.838388920    
  0.838388920      0.983107865    
  0.983107865      0.502211034    
  0.502211034      0.397272468    
  0.397272468      0.949271262    
  0.949271262      0.159625649    
  0.159625649      0.259853363    
  0.259853363      0.142062128    
  0.142062128      0.633631289    
  0.633631289       8.73643160E-03
   8.73643160E-03  0.623857975    
  0.623857975      0.126418293    
  0.126418293      0.303736627    
  0.303736627      0.256712496    
  0.256712496      0.800514102    
  0.800514102      0.979682505    
  0.979682505      0.685183406    
  0.685183406      0.704758346    
  0.704758346      0.685005665    
  0.685005665      0.753692567    
  0.753692567      0.669518650    
  0.669518650      0.831789672    
  0.831789672      0.228885829    
  0.228885829      0.682448924    
  0.682448924      0.598473012    
  0.598473012      0.474057615    
  0.474057615      0.494211555    
  0.494211555       6.66328669E-02
   6.66328669E-02   3.88266444E-02
   3.88266444E-02   7.21903443E-02
   7.21903443E-02  0.681647122    
  0.681647122      0.768128991    
  0.768128991      0.387618899    
  0.387618899      0.345972419    
  0.345972419      0.903846145    
  0.903846145      0.574032843    
  0.574032843      0.624407768    
  0.624407768      0.640824914    
  0.640824914      0.272512674    
  0.272512674      0.985704005    
  0.985704005      0.544116557    
  0.544116557      0.619630277    
  0.619630277      0.774730206    
  0.774730206      0.534593940    
  0.534593940      0.600259244    
  0.600259244      0.882690728    
  0.882690728      0.886500180    
  0.886500180      0.109637916    
  0.109637916      0.378910184    
  0.378910184       9.97069478E-02
   9.97069478E-02  0.564840913    
  0.564840913      0.840898097    
  0.840898097      0.715524137    
  0.715524137       5.11841178E-02
   5.11841178E-02  0.488748074    
  0.488748074      0.776731014    
  0.776731014      0.895958781    
  0.895958781      0.547247946    
  0.547247946      0.187817633    
  0.187817633      0.633869946    
  0.633869946       7.66119361E-02
   7.66119361E-02  0.304207981    
  0.304207981      0.831172645    
  0.831172645      0.603710592    
  0.603710592      0.419868886    
  0.419868886      0.624800265    
  0.624800265      0.476528406    
  0.476528406      0.699323356    
  0.699323356      0.597041965    
  0.597041965      0.277084768    
  0.277084768      0.170289040    
  0.170289040       5.82751036E-02
   5.82751036E-02  0.752396286    
  0.752396286      0.999291241    
  0.999291241      0.604222536    
  0.604222536      0.262863934    
  0.262863934      0.868371129    
  0.868371129      0.982182145    
  0.982182145      0.717675507    
  0.717675507      0.298663497    
  0.298663497      0.290823877    
  0.290823877      0.223792672    
  0.223792672      0.912642300    
  0.912642300      0.493033886    
  0.493033886      0.125161767    
  0.125161767      0.282079458    
  0.282079458      0.979781210    
  0.979781210       9.11186337E-02
   9.11186337E-02  0.681709945    
  0.681709945      0.179777622    
  0.179777622      0.909471035    
  0.909471035       9.03339982E-02
   9.03339982E-02  0.674357831    
  0.674357831      0.592648923    
  0.592648923      0.132126868    
  0.132126868      0.460454345    
  0.460454345      0.823323190    
  0.823323190      0.499155700    
  0.499155700      0.998476028    
  0.998476028      0.970432997    
  0.970432997      0.571417928    
  0.571417928      0.881120503    
  0.881120503       6.04254007E-03
   6.04254007E-03  0.292636812    
  0.292636812      0.360364258    
  0.360364258      0.274624169    
  0.274624169      0.958936810    
  0.958936810      0.714990973    
  0.714990973      0.520655155    
  0.520655155      0.773205280    
  0.773205280      0.462671697    
  0.462671697      0.321073949    
  0.321073949      0.698529363    
  0.698529363      0.932028770    
  0.932028770      0.703418493    
  0.703418493      0.362133205    
  0.362133205      0.629284799    
  0.629284799       6.98163509E-02
   6.98163509E-02  0.152494252    
  0.152494252      0.770151675    
  0.770151675      0.346855283    
  0.346855283      0.937354743    
  0.937354743      0.565051615    
  0.565051615      0.745367587    
  0.745367587       1.63162947E-02
   1.63162947E-02  0.414174020    
  0.414174020      0.619198143    
  0.619198143      0.341257930    
  0.341257930      0.854045868    
  0.854045868       8.79169106E-02
   8.79169106E-02  0.225544393    
  0.225544393      0.615493953    
  0.615493953      0.686049044    
  0.686049044      0.961528242    
  0.961528242      0.296924233    
  0.296924233      0.341234624    
  0.341234624      0.349488139    
  0.349488139      0.967826188    
  0.967826188      0.866462469    
  0.866462469      0.557542086    
  0.557542086      0.112292588    
  0.112292588      0.477172434    
  0.477172434      0.523437619    
  0.523437619      0.381628573    
  0.381628573      0.117449641    
  0.117449641      0.382129669    
  0.382129669      0.233058631    
  0.233058631      0.934677780    
  0.934677780      0.804755986    
  0.804755986      0.337907076    
  0.337907076      0.145757198    
  0.145757198      0.451694071    
  0.451694071      0.398254037    
  0.398254037      0.733093798    
  0.733093798      0.980538726    
  0.980538726      0.172811806    
  0.172811806      0.278952181    
  0.278952181       6.77411556E-02
   6.77411556E-02  0.393844962    
  0.393844962      0.408964217    
  0.408964217       4.30988669E-02
   4.30988669E-02  0.923727155    
  0.923727155      0.352512538    
  0.352512538      0.650245607    
  0.650245607      0.599915624    
  0.599915624      0.411763310    
  0.411763310      0.868719995    
  0.868719995      0.992236793    
  0.992236793      0.599714816    
  0.599714816      0.493777990    
  0.493777990      0.619831502    
  0.619831502      0.351219594    
  0.351219594      0.992700338    
  0.992700338      0.918809116    
  0.918809116      0.325478375    
  0.325478375      0.121452630    
  0.121452630      0.485597730    
  0.485597730      0.116420209    
  0.116420209      0.116266966    
  0.116266966      0.308798373    
  0.308798373      0.218294024    
  0.218294024      0.439107239    
  0.439107239      0.545654535    
  0.545654535       9.73899961E-02
   9.73899961E-02  0.271609783    
  0.271609783      0.282233715    
  0.282233715      0.347973108    
  0.347973108      0.464003086    
  0.464003086      0.917286098    
  0.917286098      0.128243983    
  0.128243983      0.487128854    
  0.487128854      0.844890356    
  0.844890356      0.726386786    
  0.726386786      0.361908495    
  0.361908495      0.999909163    
  0.999909163      0.727199793    
  0.727199793      0.783644438    
  0.783644438      0.652251482    
  0.652251482      0.760056078    
  0.760056078      0.340701163    
  0.340701163      0.155635834    
  0.155635834      0.803595185    
  0.803595185       4.50035334E-02
   4.50035334E-02  0.224089026    
  0.224089026      0.221193492    
  0.221193492      0.882780015    
  0.882780015      0.668826222    
  0.668826222      0.846754551    
  0.846754551      0.561325788    
  0.561325788      0.736733258    
  0.736733258      0.978500366    
  0.978500366      0.659482718    
  0.659482718      0.432704747    
  0.432704747      0.829066932    
  0.829066932      0.164517045    
  0.164517045      0.621838987    
  0.621838987      0.526030838    
  0.526030838      0.190480351    
  0.190480351      0.696687877    
  0.696687877      0.170418203    
  0.170418203      0.243280530    
  0.243280530      0.473125935    
  0.473125935      0.702216923    
  0.702216923      0.146752357    
  0.146752357      0.266772211    
  0.266772211      0.306671441    
  0.306671441      0.368611455    
  0.368611455      0.847843170    
  0.847843170      0.390477180    
  0.390477180      0.557250679    
  0.557250679      0.403160751    
  0.403160751      0.562470019    
  0.562470019      0.517198324    
  0.517198324      0.844107687    
  0.844107687      0.520998120    
  0.520998120      0.181891739    
  0.181891739      0.209669828    
  0.209669828      0.408445418    
  0.408445418      0.383944571    
  0.383944571       3.19361687E-03
   3.19361687E-03  0.660354853    
  0.660354853      0.711616457    
  0.711616457      0.382030189    
  0.382030189      0.939317763    
  0.939317763       9.96341705E-02
   9.96341705E-02  0.219381273    
  0.219381273      0.592288792    
  0.592288792       9.10639763E-04
   9.10639763E-04  0.722449064    
  0.722449064      0.682683229    
  0.682683229      0.538903475    
  0.538903475      0.411010802    
  0.411010802      0.631578863    
  0.631578863      0.120982707    
  0.120982707      0.871530533    
  0.871530533       8.86762142E-03
   8.86762142E-03  0.388378799    
  0.388378799      0.930456221    
  0.930456221      0.308395922    
  0.308395922      0.736140549    
  0.736140549      0.142912090    
  0.142912090      0.990374267    
  0.990374267      0.283314645    
  0.283314645      0.261896193    
  0.261896193      0.980880916    
  0.980880916      0.495746255    
  0.495746255      0.851733208    
  0.851733208      0.976163626    
  0.976163626      0.498629630    
  0.498629630      0.704250455    
  0.704250455      0.885499418    
  0.885499418      0.393413186    
  0.393413186      0.105082035    
  0.105082035      0.310660422    
  0.310660422       8.85140896E-02
   8.85140896E-02  0.528073311    
  0.528073311      0.590071619    
  0.590071619      0.220591664    
  0.220591664      0.314507067    
  0.314507067      0.496622264    
  0.496622264      0.855678320    
  0.855678320      0.120512664    
  0.120512664      0.939325035    
  0.939325035      0.819083333    
  0.819083333      0.109638751    
  0.109638751      0.914193511    
  0.914193511      0.256922245    
  0.256922245      0.918572426    
  0.918572426      0.524358034    
  0.524358034      0.573937774    
  0.573937774      0.951235592    
  0.951235592      0.428171277    
  0.428171277      0.514264047    
  0.514264047      0.106474519    
  0.106474519      0.507538319    
  0.507538319      0.716138542    
  0.716138542      0.325951755    
  0.325951755       1.07864141E-02
   1.07864141E-02  0.299968958    
  0.299968958      0.840919495    
  0.840919495      0.299042404    
  0.299042404      0.831018269    
  0.831018269      0.220058441    
  0.220058441      0.240809917    
  0.240809917      0.319388509    
  0.319388509      0.590909004    
  0.590909004       2.75015831E-04
   2.75015831E-04  0.198389947    
  0.198389947      0.471246719    
  0.471246719      0.701204121    
  0.701204121      0.459147751    
  0.459147751      0.570858777    
  0.570858777      0.428233624    
  0.428233624      0.813810110    
  0.813810110      0.920163870    
  0.920163870       7.16739893E-03
   7.16739893E-03  0.332063496    
  0.332063496      0.818617284    
  0.818617284      0.400797427    
  0.400797427      0.346468568    
  0.346468568      0.488735199    
  0.488735199      0.743450761    
  0.743450761      0.316068947    
  0.316068947      0.819980085    
  0.819980085      0.364231765    
  0.364231765      0.204792917    
  0.204792917      0.849404871    
  0.849404871      0.187308729    
  0.187308729      0.448888481    
  0.448888481      0.489066362    
  0.489066362      0.608263075    
  0.608263075      0.996145368    
  0.996145368      0.488952637    
  0.488952637      0.702902079    
  0.702902079      0.292873025    
  0.292873025      0.726000071    
  0.726000071       6.65668845E-02
   6.65668845E-02  0.958810866    
  0.958810866      0.950230479    
  0.950230479      0.731278241    
  0.731278241      0.342358947    
  0.342358947      0.258342743    
  0.258342743      0.306074917    
  0.306074917      0.725020349    
  0.725020349      0.211570799    
  0.211570799      0.808798134    
  0.808798134      0.828283668    
  0.828283668      0.192431092    
  0.192431092      0.418863177    
  0.418863177      0.434051931    
  0.434051931      0.929535031    
  0.929535031      0.269630790    
  0.269630790      0.382482111    
  0.382482111      0.724548161    
  0.724548161      0.517840266    
  0.517840266      0.391938448    
  0.391938448       5.00994921E-02
   5.00994921E-02  0.351599574    
  0.351599574      0.250048637    
  0.250048637      0.604144335    
  0.604144335      0.167661488    
  0.167661488      0.238051236    
  0.238051236      0.356967330    
  0.356967330      0.176612139    
  0.176612139       9.01117325E-02
   9.01117325E-02  0.773665309    
  0.773665309       4.72127199E-02
   4.72127199E-02  0.762992263    
  0.762992263      0.173602521    
  0.173602521      0.527251422    
  0.527251422      0.714796007    
  0.714796007      0.410473347    
  0.410473347      0.654453993    
  0.654453993      0.881465018    
  0.881465018      0.227754235    
  0.227754235      0.744135916    
  0.744135916      0.588185430    
  0.588185430      0.804900050    
  0.804900050      0.922015488    
  0.922015488      0.356844127    
  0.356844127       4.68473434E-02
   4.68473434E-02  0.681318700    
  0.681318700      0.742144167    
  0.742144167      0.269306839    
  0.269306839      0.338087082    
  0.338087082      0.949133873    
  0.949133873      0.560574234    
  0.560574234      0.257661641    
  0.257661641      0.849780858    
  0.849780858      0.418641210    
  0.418641210      0.579926610    
  0.579926610      0.885940313    
  0.885940313      0.614332616    
  0.614332616      0.799765646    
  0.799765646      0.804381549    
  0.804381549      0.675732493    
  0.675732493      0.818593502    
  0.818593502       8.11679363E-02
   8.11679363E-02  0.100923002    
  0.100923002      0.966726899    
  0.966726899      0.862461329    
  0.862461329      0.753674805    
  0.753674805      0.201520860    
  0.201520860      0.149228036    
  0.149228036      0.986424744    
  0.986424744      0.457562268    
  0.457562268      0.887301862    
  0.887301862      0.862660110    
  0.862660110      0.752356172    
  0.752356172      0.600456238    
  0.600456238      0.353437126    
  0.353437126      0.110176146    
  0.110176146       6.28899336E-02
   6.28899336E-02  0.979568720    
  0.979568720       8.01154375E-02
   8.01154375E-02  0.371669888    
  0.371669888      0.587106824    
  0.587106824      0.584730148    
  0.584730148      0.220007360    
  0.220007360      0.402444541    
  0.402444541      0.712462723    
  0.712462723      0.179151475    
  0.179151475      0.622806728    
  0.622806728       1.09034181E-02
   1.09034181E-02   9.88412499E-02
   9.88412499E-02  0.589452326    
  0.589452326      0.771603227    
  0.771603227      0.349394560    
  0.349394560       3.82572412E-02
   3.82572412E-02   1.94646716E-02
   1.94646716E-02   6.26928210E-02
   6.26928210E-02   6.99514151E-02
   6.99514151E-02  0.852215290    
  0.852215290      0.602458179    
  0.602458179      0.535224319    
  0.535224319      0.521801829    
  0.521801829      0.157779038    
  0.157779038      0.656136692    
  0.656136692      0.132488310    
  0.132488310      0.713555515    
  0.713555515      0.399261653    
  0.399261653      0.492948771    
  0.492948771      0.690702081    
  0.690702081       4.85622287E-02
   4.85622287E-02  0.911247551    
  0.911247551       1.54385567E-02
   1.54385567E-02  0.746484578    
  0.746484578      0.675877273    
  0.675877273      0.702135146    
  0.702135146       2.59447098E-02
   2.59447098E-02  0.810017586    
  0.810017586      0.526339173    
  0.526339173      0.436769426    
  0.436769426       4.66558933E-02
   4.66558933E-02  0.184047461    
  0.184047461       7.14647174E-02
   7.14647174E-02  0.751465499    
  0.751465499      0.590818524    
  0.590818524      0.874007285    
  0.874007285      0.527883768    
  0.527883768      0.130886912    
  0.130886912      0.160516381    
  0.160516381      0.757808089    
  0.757808089      0.150453925    
  0.150453925      0.645021081    
  0.645021081      0.315663218    
  0.315663218      0.401062250    
  0.401062250      0.917877793    
  0.917877793      0.172035456    
  0.172035456      0.570197582    
  0.570197582      0.686842024    
  0.686842024      0.351468265    
  0.351468265      0.712332964    
  0.712332964      0.489124596    
  0.489124596      0.855247378    
  0.855247378      0.409458160    
  0.409458160      0.705518186    
  0.705518186      0.115750790    
  0.115750790      0.255494654    
  0.255494654      0.380973577    
  0.380973577      0.113815069    
  0.113815069      0.911988378    
  0.911988378      0.334856272    
  0.334856272      0.179879427    
  0.179879427      0.170699894    
  0.170699894      0.941961586    
  0.941961586      0.861604691    
  0.861604691      0.246130407    
  0.246130407      0.204868853    
  0.204868853      0.670808136    
  0.670808136      0.849436700    
  0.849436700      0.199742138    
  0.199742138      0.305575848    
  0.305575848      0.800247729    
  0.800247729       1.86452270E-02
   1.86452270E-02  0.662668169    
  0.662668169      0.873602033    
  0.873602033      0.288128614    
  0.288128614      0.382839143    
  0.382839143      0.896767795    
  0.896767795       1.85275078E-03
   1.85275078E-03  0.740113020    
  0.740113020      0.465941727    
  0.465941727      0.267302752    
  0.267302752      0.893599868    
  0.893599868      0.802875459    
  0.802875459      0.823808849    
  0.823808849      0.130165219    
  0.130165219      0.777788699    
  0.777788699      0.180903316    
  0.180903316      0.747325420    
  0.747325420      0.283187866    
  0.283187866      0.738070130    
  0.738070130      0.742086411    
  0.742086411      0.295201659    
  0.295201659      0.946158051    
  0.946158051      0.746268928    
  0.746268928      0.817211807    
  0.817211807      0.331761956    
  0.331761956      0.382077575    
  0.382077575      0.221299827    
  0.221299827      0.982164323    
  0.982164323      0.788751781    
  0.788751781      0.267428637    
  0.267428637       8.06896687E-02
   8.06896687E-02   3.34109068E-02
   3.34109068E-02  0.261843443    
  0.261843443      0.800054431    
  0.800054431      0.749390662    
  0.749390662       9.20686722E-02
   9.20686722E-02  0.974630654    
  0.974630654      0.620784819    
  0.620784819      0.336293459    
  0.336293459      0.399885476    
  0.399885476      0.557455957    
  0.557455957       1.03369951E-02
   1.03369951E-02   1.24879479E-02
   1.24879479E-02  0.480842590    
  0.480842590      0.137891352    
  0.137891352      0.363463998    
  0.363463998      0.521383047    
  0.521383047      0.238719285    
  0.238719285      0.697351217    
  0.697351217      0.914940536    
  0.914940536      0.957389355    
  0.957389355      0.122235060    
  0.122235060      0.378151119    
  0.378151119      0.506524742    
  0.506524742      0.277560055    
  0.277560055      0.560980916    
  0.560980916      0.174459219    
  0.174459219      0.960184813    
  0.960184813      0.287448406    
  0.287448406       6.84482455E-02
   6.84482455E-02  0.253104627    
  0.253104627      0.603721797    
  0.603721797      0.577672064    
  0.577672064      0.935715020    
  0.935715020      0.661503792    
  0.661503792      0.123934150    
  0.123934150      0.742581844    
  0.742581844      0.184183717    
  0.184183717      0.756794035    
  0.756794035      0.108073890    
  0.108073890      0.728257000    
  0.728257000      0.155834436    
  0.155834436      0.847850919    
  0.847850919       1.94767714E-02
   1.94767714E-02  0.864864469    
  0.864864469       4.86692786E-02
   4.86692786E-02  0.200327098    
  0.200327098      0.303657830    
  0.303657830      0.868898034    
  0.868898034      0.713812113    
  0.713812113      0.723286510    
  0.723286510      0.618975699    
  0.618975699      0.746882915    
  0.746882915      0.633185804    
  0.633185804      0.720806539    
  0.720806539      0.765413940    
  0.765413940      0.823153853    
  0.823153853      0.620807886    
  0.620807886      0.402107596    
  0.402107596      0.785611510    
  0.785611510      0.158820629    
  0.158820629      0.318860531    
  0.318860531      0.312120438    
  0.312120438      0.681732237    
  0.681732237      0.273947418    
  0.273947418      0.133316576    
  0.133316576      0.558981180    
  0.558981180      0.958235741    
  0.958235741      0.545690417    
  0.545690417      0.589579642    
  0.589579642      0.264140666    
  0.264140666      0.384740889    
  0.384740889      0.986152470    
  0.986152470      0.156127214    
  0.156127214       5.42466640E-02
   5.42466640E-02   6.28356934E-02
   6.28356934E-02   3.10167074E-02
   3.10167074E-02   5.76232076E-02
   5.76232076E-02  0.565053523    
  0.565053523      0.559464276    
  0.559464276      0.111287296    
  0.111287296      0.101521015    
  0.101521015       9.35873985E-02
   9.35873985E-02  0.372482836    
  0.372482836      0.349539399    
  0.349539399      0.194683075    
  0.194683075      0.195338666    
  0.195338666      0.882448316    
  0.882448316      0.736096263    
  0.736096263      0.753266752    
  0.753266752      0.223807275    
  0.223807275      0.845973313    
  0.845973313      0.118550539    
  0.118550539      0.235763133    
  0.235763133      0.557001650    
  0.557001650      0.369729161    
  0.369729161      0.616960704    
  0.616960704      0.285565376    
  0.285565376      0.517767727    
  0.517767727      0.304641843    
  0.304641843      0.754051864    
  0.754051864       7.18864202E-02
   7.18864202E-02  0.531894743    
  0.531894743      0.709529459    
  0.709529459      0.952771723    
  0.952771723      0.250490487    
  0.250490487      0.518894553    
  0.518894553      0.491949558    
  0.491949558      0.782671630    
  0.782671630      0.177970827    
  0.177970827      0.418171883    
  0.418171883      0.339875817    
  0.339875817      0.581526339    
  0.581526339      0.693750978    
  0.693750978      0.720736086    
  0.720736086       2.41628885E-02
   2.41628885E-02  0.449513912    
  0.449513912       2.73763537E-02
   2.73763537E-02  0.428877711    
  0.428877711      0.654259086    
  0.654259086      0.180310190    
  0.180310190      0.747862637    
  0.747862637      0.874492884    
  0.874492884      0.692153513    
  0.692153513      0.702566445    
  0.702566445      0.599234641    
  0.599234641      0.128852546    
  0.128852546      0.866848409    
  0.866848409      0.554897487    
  0.554897487      0.839835346    
  0.839835346      0.103205681    
  0.103205681      0.267258883    
  0.267258883      0.707007706    
  0.707007706      0.821137071    
  0.821137071      0.901975036    
  0.901975036       1.71305537E-02
   1.71305537E-02   1.12091303E-02
   1.12091303E-02  0.178067744    
  0.178067744      0.285434842    
  0.285434842      0.469040394    
  0.469040394      0.491105258    
  0.491105258       3.40097547E-02
   3.40097547E-02  0.668770671    
  0.668770671       7.00423121E-02
   7.00423121E-02  0.853813469    
  0.853813469      0.805031538    
  0.805031538      0.253805935    
  0.253805935      0.312887728    
  0.312887728      0.744028151    
  0.744028151       1.82669163E-02
   1.82669163E-02  0.294026911    
  0.294026911      0.994844317    
  0.994844317      0.117610395    
  0.117610395      0.208844602    
  0.208844602      0.737898052    
  0.737898052      0.796207964    
  0.796207964      0.141799569    
  0.141799569      0.232209742    
  0.232209742      0.198528945    
  0.198528945      0.946192861    
  0.946192861      0.137774110    
  0.137774110      0.396733820    
  0.396733820      0.457546055    
  0.457546055      0.464613914    
  0.464613914       6.77534342E-02
   6.77534342E-02  0.940297782    
  0.940297782      0.700220764    
  0.700220764      0.182548165    
  0.182548165      0.827402771    
  0.827402771      0.894946337    
  0.894946337      0.825238526    
  0.825238526      0.144261181    
  0.144261181      0.101206958    
  0.101206958      0.798005760    
  0.798005760      0.321622908    
  0.321622908      0.618559957    
  0.618559957      0.899240136    
  0.899240136      0.332243025    
  0.332243025      0.611647904    
  0.611647904       8.44112635E-02
   8.44112635E-02  0.158525348    
  0.158525348      0.454464734    
  0.454464734      0.688435912    
  0.688435912      0.223334372    
  0.223334372      0.351855516    
  0.351855516      0.623694241    
  0.623694241      0.860971332    
  0.860971332      0.981268883    
  0.981268883      0.208801568    
  0.208801568      0.171962321    
  0.171962321      0.481987536    
  0.481987536      0.506870210    
  0.506870210      0.821460128    
  0.821460128      0.706778646    
  0.706778646      0.694123149    
  0.694123149      0.563158512    
  0.563158512      0.613035738    
  0.613035738      0.674376667    
  0.674376667      0.540180087    
  0.540180087      0.696575701    
  0.696575701      0.921586514    
  0.921586514      0.322373450    
  0.322373450      0.121539176    
  0.121539176      0.649248242    
  0.649248242      0.714893401    
  0.714893401      0.180605054    
  0.180605054      0.649564445    
  0.649564445      0.420306981    
  0.420306981      0.693771720    
  0.693771720      0.470282018    
  0.470282018      0.719665825    
  0.719665825      0.884328604    
  0.884328604      0.937084794    
  0.937084794      0.152176201    
  0.152176201      0.125210524    
  0.125210524      0.935895801    
  0.935895801      0.467727661    
  0.467727661      0.525630772    
  0.525630772      0.559946537    
  0.559946537      0.395534575    
  0.395534575      0.956072152    
  0.956072152      0.290965319    
  0.290965319      0.767687738    
  0.767687738       1.83582902E-02
   1.83582902E-02  0.898698509    
  0.898698509      0.302465856    
  0.302465856      0.937495351    
  0.937495351      0.830677807    
  0.830677807      0.469988763    
  0.469988763      0.857361794    
  0.857361794      0.381819904    
  0.381819904      0.183627665    
  0.183627665      0.429235280    
  0.429235280      0.547864377    
  0.547864377      0.766804338    
  0.766804338      0.760047734    
  0.760047734      0.890097022    
  0.890097022      0.402748525    
  0.402748525      0.637659907    
  0.637659907       5.94656467E-02
   5.94656467E-02  0.586530805    
  0.586530805      0.592370391    
  0.592370391      0.919347584    
  0.919347584      0.780452907    
  0.780452907      0.345995724    
  0.345995724      0.451338828    
  0.451338828      0.194220066    
  0.194220066      0.436993718    
  0.436993718      0.283972561    
  0.283972561      0.875017524    
  0.875017524      0.735961199    
  0.735961199      0.460075259    
  0.460075259       1.82472467E-02
   1.82472467E-02  0.767611563    
  0.767611563      0.905902326    
  0.905902326      0.559355319    
  0.559355319      0.697553515    
  0.697553515      0.682497323    
  0.682497323      0.674623787    
  0.674623787      0.621672153    
  0.621672153      0.139113903    
  0.139113903      0.229947865    
  0.229947865      0.837128818    
  0.837128818      0.639024675    
  0.639024675      0.949863732    
  0.949863732      0.565587342    
  0.565587342      0.110850692    
  0.110850692      0.272298157    
  0.272298157      0.599714458    
  0.599714458      0.386619747    
  0.386619747      0.739175618    
  0.739175618      0.978684723    
  0.978684723      0.128601551    
  0.128601551      0.645366251    
  0.645366251      0.854647815    
  0.854647815      0.148305178    
  0.148305178      0.582013607    
  0.582013607      0.806324363    
  0.806324363      0.758184254    
  0.758184254      0.252784431    
  0.252784431      0.974793255    
  0.974793255      0.793208122    
  0.793208122      0.259394944    
  0.259394944      0.745365739    
  0.745365739      0.478977144    
  0.478977144      0.665709913    
  0.665709913      0.173801363    
  0.173801363       8.78322124E-02
   8.78322124E-02  0.885856926    
  0.885856926      0.537116408    
  0.537116408      0.789013386    
  0.789013386      0.917858243    
  0.917858243      0.780973494    
  0.780973494      0.781825840    
  0.781825840      0.881135166    
  0.881135166      0.580465257    
  0.580465257      0.455920875    
  0.455920875       3.01088095E-02
   3.01088095E-02  0.891388118    
  0.891388118      0.870267212    
  0.870267212      0.568919480    
  0.568919480      0.480959117    
  0.480959117      0.926894844    
  0.926894844      0.335507333    
  0.335507333      0.520346820    
  0.520346820      0.696161807    
  0.696161807      0.261760890    
  0.261760890      0.283605337    
  0.283605337      0.381781280    
  0.381781280      0.915553033    
  0.915553033      0.700870991    
  0.700870991      0.988979638    
  0.988979638      0.320523024    
  0.320523024      0.672638655    
  0.672638655      0.608863115    
  0.608863115      0.328702748    
  0.328702748      0.270916998    
  0.270916998      0.995332956    
  0.995332956      0.903476715    
  0.903476715      0.631988406    
  0.631988406      0.407759845    
  0.407759845      0.537237287    
  0.537237287      0.665603518    
  0.665603518       5.87544441E-02
   5.87544441E-02  0.505568683    
  0.505568683      0.312714815    
  0.312714815      0.357405126    
  0.357405126      0.665867329    
  0.665867329      0.994829357    
  0.994829357      0.202025115    
  0.202025115      0.462665558    
  0.462665558      0.187975228    
  0.187975228      0.908405900    
  0.908405900      0.281879842    
  0.281879842      0.942405105    
  0.942405105      0.286315739    
  0.286315739      0.888416231    
  0.888416231      0.891115546    
  0.891115546      0.211265087    
  0.211265087      0.458284140    
  0.458284140      0.407314181    
  0.407314181      0.798658252    
  0.798658252      0.403165877    
  0.403165877      0.226186037    
  0.226186037      0.605326712    
  0.605326712      0.452565968    
  0.452565968      0.341689050    
  0.341689050      0.247255683    
  0.247255683      0.305524886    
  0.305524886      0.270043433    
  0.270043433      0.701699495    
  0.701699495      0.522540569    
  0.522540569      0.629394531    
  0.629394531      0.751464725    
  0.751464725      0.438719869    
  0.438719869      0.862336159    
  0.862336159      0.436261892    
  0.436261892      0.101046920    
  0.101046920      0.555651307    
  0.555651307      0.250957608    
  0.250957608       8.44643712E-02
   8.44643712E-02  0.362543166    
  0.362543166       2.15719938E-02
   2.15719938E-02  0.520690799    
  0.520690799       3.97210717E-02
   3.97210717E-02   5.56743741E-02
   5.56743741E-02  0.183006644    
  0.183006644      0.185906589    
  0.185906589      0.979036987    
  0.979036987      0.113001227    
  0.113001227      0.313894928    
  0.313894928      0.702830136    
  0.702830136      0.386756897    
  0.386756897      0.371073902    
  0.371073902      0.393538237    
  0.393538237      0.110793471    
  0.110793471      0.253081858    
  0.253081858      0.316530764    
  0.316530764      0.464405894    
  0.464405894      0.279541552    
  0.279541552      0.286272585    
  0.286272585      0.857915640    
  0.857915640      0.459564984    
  0.459564984      0.753872693    
  0.753872693      0.969692111    
  0.969692111      0.238176525    
  0.238176525      0.819533646    
  0.819533646      0.777941704    
  0.777941704      0.301505566    
  0.301505566      0.253315449    
  0.253315449      0.207447052    
  0.207447052      0.998843193    
  0.998843193      0.292323828    
  0.292323828      0.223193765    
  0.223193765      0.667247057    
  0.667247057      0.462286711    
  0.462286711       2.87757516E-02
   2.87757516E-02  0.194594860    
  0.194594860      0.328630865    
  0.328630865      0.949394643    
  0.949394643      0.694258869    
  0.694258869      0.256826818    
  0.256826818      0.859145164    
  0.859145164      0.429500103    
  0.429500103      0.794234574    
  0.794234574      0.680593669    
  0.680593669      0.541300297    
  0.541300297      0.345637619    
  0.345637619      0.145757794    
  0.145757794      0.979045808    
  0.979045808      0.537138283    
  0.537138283      0.198988855    
  0.198988855      0.847037017    
  0.847037017      0.884937584    
  0.884937584      0.114219010    
  0.114219010      0.215048254    
  0.215048254       7.09551573E-02
   7.09551573E-02  0.951742172    
  0.951742172      0.236630023    
  0.236630023      0.201388478    
  0.201388478      0.669841528    
  0.669841528      0.884725630    
  0.884725630      0.126700938    
  0.126700938      0.857421875    
  0.857421875      0.267252624    
  0.267252624      0.454799592    
  0.454799592      0.286841273    
  0.286841273      0.237947583    
  0.237947583      0.283723414    
  0.283723414      0.639661014    
  0.639661014      0.294685602    
  0.294685602      0.982781053    
  0.982781053      0.952786386    
  0.952786386      0.354687035    
  0.354687035       8.02901387E-02
   8.02901387E-02  0.950187087    
  0.950187087      0.792663038    
  0.792663038      0.259208500    
  0.259208500       5.05858660E-03
   5.05858660E-03   1.09570026E-02
   1.09570026E-02  0.352275908    
  0.352275908      0.353554964    
  0.353554964      0.755328536    
  0.755328536      0.765735865    
  0.765735865      0.384270430    
  0.384270430      0.431633055    
  0.431633055      0.204044402    
  0.204044402      0.586495876    
  0.586495876      0.947889268    
  0.947889268      0.492300212    
  0.492300212      0.968915641    
  0.968915641      0.568140328    
  0.568140328      0.111991823    
  0.111991823       2.90356278E-02
   2.90356278E-02  0.993086994    
  0.993086994       6.76190853E-03
   6.76190853E-03  0.766145408    
  0.766145408      0.243145347    
  0.243145347      0.494043946    
  0.494043946      0.874861836    
  0.874861836      0.126031995    
  0.126031995      0.743544400    
  0.743544400       8.11077952E-02
   8.11077952E-02  0.988714695    
  0.988714695      0.582485199    
  0.582485199       3.38271260E-02
   3.38271260E-02  0.893570185    
  0.893570185      0.882953405    
  0.882953405      0.922036409    
  0.922036409       4.79285121E-02
   4.79285121E-02   9.17507410E-02
   9.17507410E-02  0.800067186    
  0.800067186      0.710040450    
  0.710040450      0.653851867    
  0.653851867       2.01751590E-02
   2.01751590E-02  0.361946285    
  0.361946285      0.398766875    
  0.398766875      0.833535731    
  0.833535731      0.102566063    
  0.102566063      0.138289750    
  0.138289750      0.303721309    
  0.303721309      0.855892539    
  0.855892539      0.318492591    
  0.318492591       6.39478564E-02
   6.39478564E-02   8.56968164E-02
   8.56968164E-02  0.875879824    
  0.875879824      0.559845328    
  0.559845328      0.166323066    
  0.166323066      0.409651875    
  0.409651875      0.885729015    
  0.885729015      0.848886192    
  0.848886192      0.295065284    
  0.295065284      0.294810116    
  0.294810116      0.279260397    
  0.279260397      0.485315561    
  0.485315561      0.801225483    
  0.801225483      0.888518810    
  0.888518810      0.585543990    
  0.585543990      0.563253403    
  0.563253403      0.470255494    
  0.470255494       8.10164809E-02
   8.10164809E-02  0.917800844    
  0.917800844      0.639700770    
  0.639700770      0.195823371    
  0.195823371      0.876876354    
  0.876876354      0.293246508    
  0.293246508      0.603642404    
  0.603642404      0.829361975    
  0.829361975      0.322255671    
  0.322255671      0.574130535    
  0.574130535      0.195420384    
  0.195420384       7.66835213E-02
   7.66835213E-02  0.259479940    
  0.259479940      0.999661982    
  0.999661982      0.350386143    
  0.350386143      0.295090556    
  0.295090556      0.923061669    
  0.923061669       8.46937895E-02
   8.46937895E-02  0.679548860    
  0.679548860      0.949939370    
  0.949939370      0.141242445    
  0.141242445      0.328813493    
  0.328813493       1.19894743E-03
   1.19894743E-03  0.690955579    
  0.690955579       4.22921777E-02
   4.22921777E-02  0.822165847    
  0.822165847      0.620682120    
  0.620682120      0.637611449    
  0.637611449      0.902285814    
  0.902285814      0.952055812    
  0.952055812      0.113459408    
  0.113459408      0.512004912    
  0.512004912      0.429615021    
  0.429615021      0.839556277    
  0.839556277      0.813516855    
  0.813516855      0.899360657    
  0.899360657      0.420585215    
  0.420585215      0.984929204    
  0.984929204      0.108820796    
  0.108820796      0.966298461    
  0.966298461       8.34869742E-02
   8.34869742E-02  0.428307354    
  0.428307354      0.732660413    
  0.732660413      0.558225334    
  0.558225334       1.89287663E-02
   1.89287663E-02  0.161245108    
  0.161245108      0.269572914    
  0.269572914      0.474770308    
  0.474770308      0.237174928    
  0.237174928       4.84454036E-02
   4.84454036E-02   8.69963169E-02
   8.69963169E-02  0.604189694    
  0.604189694      0.212551117    
  0.212551117      0.197879672    
  0.197879672      0.514597833    
  0.514597833      0.143307984    
  0.143307984       8.81651640E-02
   8.81651640E-02  0.701347113    
  0.701347113      0.795744896    
  0.795744896      0.737559497    
  0.737559497      0.295931697    
  0.295931697      0.463912368    
  0.463912368      0.544284761    
  0.544284761      0.162426770    
  0.162426770      0.312619269    
  0.312619269      0.943660200    
  0.943660200      0.245919287    
  0.245919287      0.677238286    
  0.677238286      0.834315717    
  0.834315717      0.442387402    
  0.442387402      0.345753491    
  0.345753491      0.733838797    
  0.733838797      0.629517138    
  0.629517138       4.47821021E-02
   4.47821021E-02  0.387996495    
  0.387996495      0.566159248    
  0.566159248      0.660520911    
  0.660520911      0.365545392    
  0.365545392      0.226809621    
  0.226809621      0.653098822    
  0.653098822      0.615586996    
  0.615586996       9.07598138E-02
   9.07598138E-02  0.369722307    
  0.369722307      0.515981138    
  0.515981138      0.319425941    
  0.319425941       7.20344782E-02
   7.20344782E-02  0.249372423    
  0.249372423      0.733111024    
  0.733111024      0.522131205    
  0.522131205      0.323634505    
  0.323634505      0.110598505    
  0.110598505      0.253238142    
  0.253238142      0.693246305    
  0.693246305      0.915324390    
  0.915324390      0.212412357    
  0.212412357       2.39198208E-02
   2.39198208E-02  0.649015963    
  0.649015963      0.186653793    
  0.186653793      0.187861085    
  0.187861085      0.507786512    
  0.507786512      0.563794255    
  0.563794255      0.780671656    
  0.780671656      0.735705614    
  0.735705614      0.910117626    
  0.910117626      0.589003026    
  0.589003026      0.317357481    
  0.317357481      0.447904110    
  0.447904110      0.764408946    
  0.764408946      0.731364667    
  0.731364667      0.548641860    
  0.548641860      0.118054330    
  0.118054330      0.109440207    
  0.109440207      0.610058904    
  0.610058904      0.161069870    
  0.161069870      0.359379530    
  0.359379530      0.510732055    
  0.510732055      0.346954286    
  0.346954286      0.370292723    
  0.370292723       7.66640902E-02
   7.66640902E-02  0.559273243    
  0.559273243      0.645642161    
  0.645642161      0.985161364    
  0.985161364      0.591378152    
  0.591378152      0.619754195    
  0.619754195      0.576176107    
  0.576176107      0.495312929    
  0.495312929      0.599308670    
  0.599308670      0.434352756    
  0.434352756      0.222141206    
  0.222141206      0.742858946    
  0.742858946       3.90838385E-02
   3.90838385E-02   5.65036535E-02
   5.65036535E-02  0.287800133    
  0.287800133      0.583499432    
  0.583499432      0.794807374    
  0.794807374      0.416733265    
  0.416733265      0.481027901    
  0.481027901      0.642018855    
  0.642018855      0.429665565    
  0.429665565      0.978419781    
  0.978419781      0.978453338    
  0.978453338      0.673101187    
  0.673101187      0.305370569    
  0.305370569      0.623616576    
  0.623616576      0.244233489    
  0.244233489      0.470360518    
  0.470360518      0.886345685    
  0.886345685      0.351874232    
  0.351874232      0.201821804    
  0.201821804      0.217063665    
  0.217063665      0.558912754    
  0.558912754      0.533351183    
  0.533351183      0.275569618    
  0.275569618      0.118417621    
  0.118417621      0.903576076    
  0.903576076      0.575912118    
  0.575912118      0.806465507    
  0.806465507      0.877178550    
  0.877178550      0.474996865    
  0.474996865      0.821117043    
  0.821117043      0.677791655    
  0.677791655      0.847311199    
  0.847311199      0.318144679    
  0.318144679      0.405446470    
  0.405446470      0.923597753    
  0.923597753      0.235563993    
  0.235563993      0.424538791    
  0.424538791      0.293186843    
  0.293186843       6.55425787E-02
   6.55425787E-02   8.80560279E-02
   8.80560279E-02  0.448511541    
  0.448511541      0.452394664    
  0.452394664      0.952795148    
  0.952795148      0.897025585    
  0.897025585      0.998514175    
  0.998514175       6.08302355E-02
   6.08302355E-02  0.501580656    
  0.501580656      0.265161991    
  0.265161991      0.449174821    
  0.449174821      0.645537317    
  0.645537317      0.625699818    
  0.625699818      0.865707755    
  0.865707755      0.952868521    
  0.952868521      0.544936538    
  0.544936538      0.812773705    
  0.812773705      0.566889524    
  0.566889524      0.433737934    
  0.433737934      0.505865574    
  0.505865574      0.683016241    
  0.683016241      0.774439156    
  0.774439156      0.190225065    
  0.190225065       1.53292418E-02
   1.53292418E-02  0.995997012    
  0.995997012      0.619815111    
  0.619815111      0.613706231    
  0.613706231      0.508136153    
  0.508136153      0.918949544    
  0.918949544      0.294206321    
  0.294206321      0.588234246    
  0.588234246      0.171695530    
  0.171695530      0.977952182    
  0.977952182      0.912778318    
  0.912778318      0.862862945    
  0.862862945      0.462886095    
  0.462886095      0.653054774    
  0.653054774      0.139458179    
  0.139458179      0.617938638    
  0.617938638      0.473562717    
  0.473562717      0.972416580    
  0.972416580      0.782541037    
  0.782541037      0.750892282    
  0.750892282       8.14671516E-02
   8.14671516E-02  0.812329352    
  0.812329352       4.86116409E-02
   4.86116409E-02  0.841414332    
  0.841414332      0.141543984    
  0.141543984      0.846466541    
  0.846466541      0.451711416    
  0.451711416       7.47484565E-02
   7.47484565E-02   1.24647021E-02
   1.24647021E-02  0.246114850    
  0.246114850      0.380584240    
  0.380584240      0.109148502    
  0.109148502      0.636063278    
  0.636063278      0.896540999    
  0.896540999      0.597151399    
  0.597151399      0.242186606    
  0.242186606      0.542774260    
  0.542774260      0.823688507    
  0.823688507      0.619336486    
  0.619336486      0.545403063    
  0.545403063      0.394125283    
  0.394125283      0.423430681    
  0.423430681      0.831587017    
  0.831587017      0.327169299    
  0.327169299      0.856982887    
  0.856982887      0.180028975    
  0.180028975      0.199230611    
  0.199230611      0.230584502    
  0.230584502      0.353594422    
  0.353594422      0.963402033    
  0.963402033      0.527171612    
  0.527171612      0.273471773    
  0.273471773      0.309750319    
  0.309750319      0.215067089    
  0.215067089      0.921340942    
  0.921340942      0.271514356    
  0.271514356      0.438557863    
  0.438557863      0.447425127    
  0.447425127      0.677594066    
  0.677594066      0.992749214    
  0.992749214      0.464039743    
  0.464039743      0.941128075    
  0.941128075       8.17959309E-02
   8.17959309E-02  0.233035505    
  0.233035505      0.895857692    
  0.895857692      0.615035594    
  0.615035594      0.790944636    
  0.790944636      0.110808313    
  0.110808313      0.925131679    
  0.925131679      0.139234006    
  0.139234006       3.93098593E-03
   3.93098593E-03  0.965408266    
  0.965408266      0.926115096    
  0.926115096      0.822521150    
  0.822521150      0.912803292    
  0.912803292      0.563674033    
  0.563674033       1.88811421E-02
   1.88811421E-02  0.413660109    
  0.413660109      0.900726616    
  0.900726616      0.882568002    
  0.882568002       1.11471415E-02
   1.11471415E-02  0.149936199    
  0.149936199      0.178526282    
  0.178526282      0.697003484    
  0.697003484       7.49668479E-02
   7.49668479E-02  0.570358753    
  0.570358753       9.69642401E-02
   9.69642401E-02  0.603953302    
  0.603953302      0.517036438    
  0.517036438      0.486789167    
  0.486789167      0.759638548    
  0.759638548      0.451855958    
  0.451855958      0.150493741    
  0.150493741      0.923057616    
  0.923057616      0.690762103    
  0.690762103      0.593094468    
  0.593094468      0.177410543    
  0.177410543      0.390787899    
  0.390787899      0.401106954    
  0.401106954       6.90751076E-02
   6.90751076E-02   1.42455101E-04
   1.42455101E-04   9.13898945E-02
   9.13898945E-02  0.583715677    
  0.583715677      0.575850785    
  0.575850785       1.00909472E-02
   1.00909472E-02  0.298768342    
  0.298768342      0.341338217    
  0.341338217      0.504540920    
  0.504540920      0.584676147    
  0.584676147      0.278200865    
  0.278200865      0.287632406    
  0.287632406       4.88102436E-03
   4.88102436E-03  0.415490210    
  0.415490210       7.34108090E-02
   7.34108090E-02  0.276456118    
  0.276456118      0.397427022    
  0.397427022      0.233256400    
  0.233256400      0.481219649    
  0.481219649      0.960266352    
  0.960266352      0.114192486    
  0.114192486      0.334117770    
  0.334117770      0.106049359    
  0.106049359      0.537559807    
  0.537559807      0.304334164    
  0.304334164      0.256123900    
  0.256123900      0.196640134    
  0.196640134      0.818009317    
  0.818009317      0.228961468    
  0.228961468      0.137677431    
  0.137677431      0.230571866    
  0.230571866      0.402781904    
  0.402781904      0.865512371    
  0.865512371      0.859335721    
  0.859335721      0.793215632    
  0.793215632      0.555933893    
  0.555933893      0.905924559    
  0.905924559      0.916422784    
  0.916422784      0.252273381    
  0.252273381      0.371223867    
  0.371223867       8.81305337E-02
   8.81305337E-02  0.762195587    
  0.762195587      0.423522353    
  0.423522353      0.439972222    
  0.439972222      0.310885072    
  0.310885072      0.823867381    
  0.823867381      0.112097979    
  0.112097979      0.966330171    
  0.966330171      0.910332799    
  0.910332799      0.366541743    
  0.366541743      0.471905410    
  0.471905410      0.763176799    
  0.763176799      0.224055409    
  0.224055409      0.108862400    
  0.108862400      0.687747717    
  0.687747717      0.652517200    
  0.652517200      0.178557456    
  0.178557456       6.93136454E-03
   6.93136454E-03  0.317261755    
  0.317261755      0.969386697    
  0.969386697       6.67816997E-02
   6.67816997E-02  0.526765347    
  0.526765347      0.626738012    
  0.626738012      0.931625903    
  0.931625903      0.889093637    
  0.889093637      0.236379147    
  0.236379147      0.615289807    
  0.615289807      0.198843122    
  0.198843122      0.234766126    
  0.234766126      0.579412997    
  0.579412997      0.310828805    
  0.310828805      0.162630975    
  0.162630975      0.400970042    
  0.400970042      0.476835370    
  0.476835370      0.831999540    
  0.831999540      0.446789563    
  0.446789563      0.990990758    
  0.990990758      0.227169871    
  0.227169871      0.924254298    
  0.924254298      0.582031190    
  0.582031190      0.567274451    
  0.567274451      0.760331094    
  0.760331094      0.333382547    
  0.333382547      0.608625889    
  0.608625889      0.396643996    
  0.396643996      0.237992644    
  0.237992644      0.913527071    
  0.913527071      0.996611774    
  0.996611774      0.112699568    
  0.112699568      0.631346703    
  0.631346703      0.242737770    
  0.242737770      0.521903157    
  0.521903157      0.592862070    
  0.592862070      0.450625181    
  0.450625181      0.486789286    
  0.486789286      0.263200164    
  0.263200164      0.355981588    
  0.355981588      0.132253051    
  0.132253051      0.327833772    
  0.327833772      0.427660167    
  0.427660167      0.543970108    
  0.543970108      0.712502062    
  0.712502062      0.148368239    
  0.148368239      0.434240997    
  0.434240997      0.559449255    
  0.559449255      0.204372823    
  0.204372823      0.114214599    
  0.114214599       2.76917219E-03
   2.76917219E-03  0.676281095    
  0.676281095      0.717609465    
  0.717609465      0.805100739    
  0.805100739      0.484004259    
  0.484004259      0.124588192    
  0.124588192      0.993674219    
  0.993674219      0.570742130    
  0.570742130      0.726592362    
  0.726592362      0.461937368    
  0.461937368      0.637670577    
  0.637670577      0.796808839    
  0.796808839      0.813592553    
  0.813592553      0.660034657    
  0.660034657      0.153481781    
  0.153481781      0.265835702    
  0.265835702      0.156410277    
  0.156410277      0.448048592    
  0.448048592       4.69867587E-02
   4.69867587E-02  0.184517682    
  0.184517682      0.137332797    
  0.137332797       4.56457138E-02
   4.56457138E-02  0.739461541    
  0.739461541      0.530699849    
  0.530699849      0.401515126    
  0.401515126      0.710105956    
  0.710105956      0.111543179    
  0.111543179      0.953440309    
  0.953440309      0.509043932    
  0.509043932      0.987303078    
  0.987303078       9.45730209E-02
   9.45730209E-02  0.335345626    
  0.335345626      0.942508221    
  0.942508221      0.629191041    
  0.629191041      0.656946063    
  0.656946063      0.308870077    
  0.308870077      0.814213097    
  0.814213097      0.645921052    
  0.645921052      0.416566670    
  0.416566670      0.798005819    
  0.798005819      0.610998154    
  0.610998154      0.773279667    
  0.773279667      0.386818111    
  0.386818111      0.629673898    
  0.629673898      0.878107607    
  0.878107607      0.240673304    
  0.240673304      0.200873554    
  0.200873554      0.236290395    
  0.236290395       3.11179161E-02
   3.11179161E-02  0.437890053    
  0.437890053      0.820176601    
  0.820176601      0.207602918    
  0.207602918      0.838605285    
  0.838605285      0.646989226    
  0.646989226      0.306713641    
  0.306713641      0.180557489    
  0.180557489      0.971055150    
  0.971055150      0.498997509    
  0.498997509      0.653605044    
  0.653605044      0.149267197    
  0.149267197       2.65365839E-03
   2.65365839E-03  0.172827780    
  0.172827780      0.388330817    
  0.388330817      0.928656459    
  0.928656459      0.400975525    
  0.400975525       5.12188673E-03
   5.12188673E-03  0.872608721    
  0.872608721      0.950933456    
  0.950933456      0.223615348    
  0.223615348      0.255557597    
  0.255557597      0.805410624    
  0.805410624       6.57863617E-02
   6.57863617E-02  0.839327872    
  0.839327872       5.76365590E-02
   5.76365590E-02  0.713847935    
  0.713847935      0.868463218    
  0.868463218      0.794469774    
  0.794469774       8.87609720E-02
   8.87609720E-02  0.759281456    
  0.759281456       4.84114289E-02
   4.84114289E-02  0.609677494    
  0.609677494      0.578604817    
  0.578604817      0.949448943    
  0.949448943      0.568293273    
  0.568293273       4.42054868E-02
   4.42054868E-02  0.996738493    
  0.996738493      0.851897001    
  0.851897001       9.60634351E-02
   9.60634351E-02  0.256050944    
  0.256050944      0.710723877    
  0.710723877       4.13719416E-02
   4.13719416E-02  0.352011144    
  0.352011144      0.958073318    
  0.958073318      0.740948439    
  0.740948439      0.737200618    
  0.737200618      0.858232975    
  0.858232975      0.340953052    
  0.340953052      0.399607003    
  0.399607003       3.67748737E-03
   3.67748737E-03  0.740062892    
  0.740062892      0.959666491    
  0.959666491      0.406509995    
  0.406509995      0.355485320    
  0.355485320      0.168704689    
  0.168704689      0.859762430    
  0.859762430      0.958090007    
  0.958090007      0.503328621    
  0.503328621      0.847971797    
  0.847971797       7.58089423E-02
   7.58089423E-02   6.75319433E-02
   6.75319433E-02  0.384403586    
  0.384403586      0.902177811    
  0.902177811      0.598764837    
  0.598764837      0.450961888    
  0.450961888      0.268715560    
  0.268715560      0.784007132    
  0.784007132      0.163463652    
  0.163463652      0.718388379    
  0.718388379      0.542245269    
  0.542245269      0.572461784    
  0.572461784       6.71674013E-02
   6.71674013E-02  0.620034695    
  0.620034695      0.223484576    
  0.223484576      0.312434614    
  0.312434614      0.828732193    
  0.828732193      0.171830237    
  0.171830237      0.185730696    
  0.185730696      0.413895607    
  0.413895607      0.333245873    
  0.333245873      0.337334633    
  0.337334633      0.375534236    
  0.375534236      0.605144441    
  0.605144441      0.527998984    
  0.527998984      0.113250613    
  0.113250613      0.633181930    
  0.633181930      0.445900857    
  0.445900857      0.553738117    
  0.553738117      0.859323263    
  0.859323263      0.707278311    
  0.707278311      0.805258989    
  0.805258989      0.571337581    
  0.571337581      0.707957685    
  0.707957685      0.122644007    
  0.122644007      0.897572517    
  0.897572517      0.813001633    
  0.813001633       6.97236657E-02
   6.97236657E-02  0.723801792    
  0.723801792      0.543361485    
  0.543361485      0.580692470    
  0.580692470       2.08468437E-02
   2.08468437E-02  0.627018392    
  0.627018392      0.784378946    
  0.784378946      0.970871985    
  0.970871985      0.288142025    
  0.288142025      0.212418497    
  0.212418497      0.955678999    
  0.955678999      0.954095304    
  0.954095304      0.158075154    
  0.158075154      0.985399604    
  0.985399604      0.376348257    
  0.376348257      0.456599832    
  0.456599832       2.28657722E-02
   2.28657722E-02  0.567444742    
  0.567444742      0.124898016    
  0.124898016      0.928123474    
  0.928123474      0.917130888    
  0.917130888      0.171472430    
  0.171472430       6.40110373E-02
   6.40110373E-02  0.311248422    
  0.311248422      0.184936166    
  0.184936166      0.179103673    
  0.179103673      0.930371583    
  0.930371583      0.167519391    
  0.167519391      0.904979408    
  0.904979408      0.129459858    
  0.129459858      0.374779105    
  0.374779105      0.843075871    
  0.843075871      0.553500712    
  0.553500712      0.608468056    
  0.608468056       9.66197848E-02
   9.66197848E-02  0.343983889    
  0.343983889      0.373478711    
  0.373478711      0.356306493    
  0.356306493      0.116418064    
  0.116418064      0.709041119    
  0.709041119      0.984412611    
  0.984412611      0.532758474    
  0.532758474      0.687771559    
  0.687771559      0.549615502    
  0.549615502      0.422144294    
  0.422144294      0.298304319    
  0.298304319       9.41572785E-02
   9.41572785E-02  0.172292352    
  0.172292352      0.704636097    
  0.704636097      0.431426585    
  0.431426585      0.131188333    
  0.131188333      0.343219578    
  0.343219578      0.846118927    
  0.846118927      0.811807334    
  0.811807334      0.957786024    
  0.957786024      0.256770909    
  0.256770909      0.872354388    
  0.872354388      0.802955031    
  0.802955031      0.743855119    
  0.743855119      0.701107144    
  0.701107144      0.812720299    
  0.812720299      0.594694018    
  0.594694018      0.420105994    
  0.420105994      0.979816973    
  0.979816973      0.112369955    
  0.112369955      0.608155370    
  0.608155370      0.613169730    
  0.613169730      0.529383898    
  0.529383898      0.673339725    
  0.673339725       3.21815014E-02
   3.21815014E-02  0.681173563    
  0.681173563      0.621568024    
  0.621568024      0.184707224    
  0.184707224      0.158662021    
  0.158662021      0.919705629    
  0.919705629       9.48769450E-02
   9.48769450E-02  0.589334249    
  0.589334249      0.595450103    
  0.595450103      0.306128502    
  0.306128502      0.841490269    
  0.841490269      0.228715777    
  0.228715777      0.544401884    
  0.544401884      0.965304375    
  0.965304375      0.376351416    
  0.376351416      0.938217103    
  0.938217103      0.615477085    
  0.615477085      0.911588252    
  0.911588252      0.530323803    
  0.530323803      0.275887132    
  0.275887132      0.977688611    
  0.977688611      0.536015630    
  0.536015630      0.927297950    
  0.927297950      0.918228865    
  0.918228865      0.596125185    
  0.596125185      0.202029467    
  0.202029467       2.21309066E-02
   2.21309066E-02  0.407675683    
  0.407675683      0.131620109    
  0.131620109      0.488328934    
  0.488328934      0.621174634    
  0.621174634      0.763723493    
  0.763723493      0.786014438    
  0.786014438      0.159249902    
  0.159249902      0.651008666    
  0.651008666      0.878357112    
  0.878357112      0.751759529    
  0.751759529      0.332401097    
  0.332401097       7.19977021E-02
   7.19977021E-02  0.380155385    
  0.380155385      0.107402921    
  0.107402921      0.940490723    
  0.940490723      0.802605093    
  0.802605093      0.568289638    
  0.568289638      0.822257102    
  0.822257102      0.480598092    
  0.480598092      0.629087329    
  0.629087329       8.50356221E-02
   8.50356221E-02  0.302398562    
  0.302398562      0.814286768    
  0.814286768       4.68314886E-02
   4.68314886E-02  0.451209903    
  0.451209903      0.940972686    
  0.940972686      0.928145587    
  0.928145587       4.39937711E-02
   4.39937711E-02  0.699076712    
  0.699076712      0.341978014    
  0.341978014      0.548445165    
  0.548445165      0.687623799    
  0.687623799      0.878969133    
  0.878969133      0.876991451    
  0.876991451      0.114016593    
  0.114016593      0.869978905    
  0.869978905      0.614053428    
  0.614053428      0.411665976    
  0.411665976      0.794591129    
  0.794591129      0.657758832    
  0.657758832      0.463570356    
  0.463570356      0.956536829    
  0.956536829      0.383099675    
  0.383099675      0.925213397    
  0.925213397      0.931012630    
  0.931012630      0.947145343    
  0.947145343      0.679184675    
  0.679184675      0.671931267    
  0.671931267      0.253465295    
  0.253465295      0.153688431    
  0.153688431      0.660956979    
  0.660956979      0.293284297    
  0.293284297      0.974865615    
  0.974865615      0.145316124    
  0.145316124      0.897443235    
  0.897443235      0.754695952    
  0.754695952      0.682072163    
  0.682072163       1.55137777E-02
   1.55137777E-02  0.427900791    
  0.427900791      0.744128883    
  0.744128883      0.221137881    
  0.221137881      0.217722654    
  0.217722654      0.203395605    
  0.203395605      0.285044372    
  0.285044372      0.709450603    
  0.709450603      0.582644045    
  0.582644045      0.133267224    
  0.133267224      0.102083325    
  0.102083325      0.117969692    
  0.117969692      0.816097796    
  0.816097796      0.484079897    
  0.484079897      0.506388843    
  0.506388843      0.283705175    
  0.283705175      0.390124202    
  0.390124202      0.434088886    
  0.434088886      0.869716465    
  0.869716465      0.658183098    
  0.658183098      0.214533925    
  0.214533925       8.03824067E-02
   8.03824067E-02  0.936718583    
  0.936718583      0.945665658    
  0.945665658      0.204936981    
  0.204936981      0.747372389    
  0.747372389       9.88632441E-02
   9.88632441E-02  0.746608019    
  0.746608019      0.899980307    
  0.899980307      0.300535023    
  0.300535023      0.294060409    
  0.294060409      0.427906811    
  0.427906811      0.678671777    
  0.678671777      0.911696732    
  0.911696732      0.753118157    
  0.753118157      0.349310219    
  0.349310219      0.700541377    
  0.700541377      0.762897015    
  0.762897015      0.588977754    
  0.588977754      0.735621691    
  0.735621691       1.27354860E-02
   1.27354860E-02  0.413835824    
  0.413835824      0.929286718    
  0.929286718      0.396881819    
  0.396881819      0.668880761    
  0.668880761      0.421561956    
  0.421561956      0.759183109    
  0.759183109      0.532237709    
  0.532237709      0.628661335    
  0.628661335      0.462219477    
  0.462219477      0.809609890    
  0.809609890      0.390505195    
  0.390505195      0.967587650    
  0.967587650       1.78056955E-03
   1.78056955E-03  0.647884071    
  0.647884071      0.447006941    
  0.447006941      0.647542059    
  0.647542059      0.371674418    
  0.371674418      0.733116388    
  0.733116388       8.11378360E-02
   8.11378360E-02  0.446766913    
  0.446766913      0.365029275    
  0.365029275      0.533754766    
  0.533754766      0.410499215    
  0.410499215      0.544221878    
  0.544221878      0.183390200    
  0.183390200      0.110934734    
  0.110934734      0.474334538    
  0.474334538      0.904199719    
  0.904199719      0.492755473    
  0.492755473      0.570186198    
  0.570186198       2.81082392E-02
   2.81082392E-02  0.595130920    
  0.595130920      0.342418194    
  0.342418194      0.279020011    
  0.279020011      0.406564593    
  0.406564593      0.834291339    
  0.834291339      0.730666161    
  0.730666161      0.528063476    
  0.528063476      0.943652093    
  0.943652093      0.903240860    
  0.903240860      0.589083850    
  0.589083850       2.95432806E-02
   2.95432806E-02  0.929160774    
  0.929160774      0.690474033    
  0.690474033      0.843511164    
  0.843511164      0.127566338    
  0.127566338      0.476730466    
  0.476730466      0.155732572    
  0.155732572      0.128807724    
  0.128807724      0.231046259    
  0.231046259      0.417598784    
  0.417598784      0.634479344    
  0.634479344      0.902534604    
  0.902534604      0.797189355    
  0.797189355      0.132784665    
  0.132784665      0.440046847    
  0.440046847      0.100789011    
  0.100789011      0.347973108    
  0.347973108       9.14885402E-02
   9.14885402E-02  0.668536603    
  0.668536603       7.75100589E-02
   7.75100589E-02   4.07785773E-02
   4.07785773E-02   6.86297417E-02
   6.86297417E-02  0.971307456    
  0.971307456      0.922066867    
  0.922066867       7.33038187E-02
   7.33038187E-02  0.179987311    
  0.179987311      0.344123662    
  0.344123662      0.262912393    
  0.262912393      0.969533980    
  0.969533980      0.680551827    
  0.680551827      0.649726808    
  0.649726808      0.796528101    
  0.796528101      0.927592993    
  0.927592993      0.551621854    
  0.551621854      0.339379847    
  0.339379847      0.611433029    
  0.611433029      0.284607470    
  0.284607470      0.429507136    
  0.429507136      0.277380466    
  0.277380466      0.168831050    
  0.168831050      0.898623049    
  0.898623049      0.406274199    
  0.406274199      0.135183513    
  0.135183513      0.394019783    
  0.394019783      0.674700737    
  0.674700737      0.626894832    
  0.626894832      0.310681462    
  0.310681462       3.28438878E-02
   3.28438878E-02  0.110765636    
  0.110765636      0.832162797    
  0.832162797      0.872732282    
  0.872732282      0.744310200    
  0.744310200      0.512317836    
  0.512317836      0.837175906    
  0.837175906      0.482049346    
  0.482049346      0.130812883    
  0.130812883       1.12271309E-02
   1.12271309E-02  0.233644664    
  0.233644664      0.432338417    
  0.432338417      0.851796389    
  0.851796389      0.855798483    
  0.855798483      0.959675550    
  0.959675550       9.73251462E-02
   9.73251462E-02  0.956469178    
  0.956469178      0.860562861    
  0.860562861      0.730037391    
  0.730037391      0.378805697    
  0.378805697      0.138236046    
  0.138236046      0.159801245    
  0.159801245       2.02567577E-02
   2.02567577E-02  0.270346165    
  0.270346165      0.567492783    
  0.567492783      0.706420183    
  0.706420183      0.784601510    
  0.784601510      0.275448263    
  0.275448263      0.996271431    
  0.996271431      0.271020114    
  0.271020114      0.570676327    
  0.570676327       4.20600176E-02
   4.20600176E-02   8.11672807E-02
   8.11672807E-02  0.790927947    
  0.790927947      0.232393920    
  0.232393920      0.877472639    
  0.877472639      0.675372183    
  0.675372183      0.519941568    
  0.519941568      0.185481369    
  0.185481369      0.636972666    
  0.636972666       8.65378976E-02
   8.65378976E-02  0.886337519    
  0.886337519      0.915481567    
  0.915481567      0.911374509    
  0.911374509      0.632227957    
  0.632227957      0.902974606    
  0.902974606      0.618544698    
  0.618544698      0.142664492    
  0.142664492      0.354012072    
  0.354012072      0.562985241    
  0.562985241      0.781262457    
  0.781262457       6.58510923E-02
   6.58510923E-02   2.57427096E-02
   2.57427096E-02  0.467030227    
  0.467030227      0.633065104    
  0.633065104      0.706429303    
  0.706429303      0.543013155    
  0.543013155      0.295633137    
  0.295633137      0.633608937    
  0.633608937      0.916508436    
  0.916508436      0.292692244    
  0.292692244      0.977273583    
  0.977273583      0.286713600    
  0.286713600      0.302132428    
  0.302132428      0.190275192    
  0.190275192      0.396973372    
  0.396973372      0.575533807    
  0.575533807      0.778940976    
  0.778940976      0.689824760    
  0.689824760      0.919912994    
  0.919912994      0.892810762    
  0.892810762       9.65017080E-02
   9.65017080E-02  0.699495196    
  0.699495196      0.827701211    
  0.827701211       9.42441821E-02
   9.42441821E-02  0.358573258    
  0.358573258      0.630139351    
  0.630139351      0.863230824    
  0.863230824      0.684878290    
  0.684878290       9.62466002E-03
   9.62466002E-03  0.449717700    
  0.449717700      0.704184234    
  0.704184234      0.600179076    
  0.600179076      0.313572943    
  0.313572943      0.825998127    
  0.825998127      0.256005824    
  0.256005824      0.143659592    
  0.143659592      0.876000524    
  0.876000524      0.386292160    
  0.386292160      0.721035957    
  0.721035957      0.906353056    
  0.906353056      0.112700582    
  0.112700582      0.445700586    
  0.445700586      0.308903396    
  0.308903396      0.358136415    
  0.358136415      0.882649004    
  0.882649004      0.876595914    
  0.876595914       7.57032633E-02
   7.57032633E-02   7.37579465E-02
   7.37579465E-02   2.86278129E-02
   2.86278129E-02  0.278376162    
  0.278376162      0.746855736    
  0.746855736      0.773361742    
  0.773361742      0.736442089    
  0.736442089      0.501316309    
  0.501316309      0.891291201    
  0.891291201      0.477354109    
  0.477354109      0.976427972    
  0.976427972      0.987601519    
  0.987601519      0.561723053    
  0.561723053      0.443966985    
  0.443966985      0.209174991    
  0.209174991      0.468822956    
  0.468822956      0.846419632    
  0.846419632      0.297805071    
  0.297805071      0.962030172    
  0.962030172      0.451962352    
  0.451962352      0.740422666    
  0.740422666      0.728572905    
  0.728572905      0.613540173    
  0.613540173      0.277460217    
  0.277460217       9.96509194E-02
   9.96509194E-02  0.511648655    
  0.511648655      0.288687885    
  0.288687885      0.828800082    
  0.828800082      0.568239868    
  0.568239868      0.954012334    
  0.954012334      0.583921850    
  0.583921850      0.208519816    
  0.208519816      0.928024828    
  0.928024828      0.579248786    
  0.579248786      0.265540719    
  0.265540719      0.261454463    
  0.261454463      0.292095423    
  0.292095423      0.927674294    
  0.927674294      0.512712181    
  0.512712181      0.731811166    
  0.731811166      0.347076595    
  0.347076595       1.80645585E-02
   1.80645585E-02  0.827877104    
  0.827877104      0.226201653    
  0.226201653      0.444652915    
  0.444652915      0.665442169    
  0.665442169      0.171469271    
  0.171469271      0.571814001    
  0.571814001      0.916568458    
  0.916568458       2.09742785E-03
   2.09742785E-03  0.752422333    
  0.752422333      0.198956132    
  0.198956132      0.331033468    
  0.331033468      0.176418185    
  0.176418185      0.553195119    
  0.553195119      0.281020343    
  0.281020343      0.112472951    
  0.112472951      0.638738751    
  0.638738751      0.236060858    
  0.236060858       5.98115921E-02
   5.98115921E-02  0.193341732    
  0.193341732      0.591166556    
  0.591166556      0.323993921    
  0.323993921      0.574841082    
  0.574841082      0.778168142    
  0.778168142      0.146063268    
  0.146063268      0.400931716    
  0.400931716      0.197273791    
  0.197273791       4.36683893E-02
   4.36683893E-02  0.248949170    
  0.248949170      0.986849785    
  0.986849785      0.506264687    
  0.506264687      0.332149565    
  0.332149565      0.382049561    
  0.382049561      0.319185793    
  0.319185793      0.457298577    
  0.457298577      0.344055712    
  0.344055712      0.824938893    
  0.824938893      0.760197341    
  0.760197341      0.235741377    
  0.235741377      0.417552412    
  0.417552412      0.603027940    
  0.603027940      0.652285576    
  0.652285576      0.105842054    
  0.105842054      0.489907444    
  0.489907444      0.433434665    
  0.433434665       7.18567371E-02
   7.18567371E-02  0.947567403    
  0.947567403      0.414920807    
  0.414920807      0.194931567    
  0.194931567      0.773658991    
  0.773658991       8.73589516E-02
   8.73589516E-02  0.949263930    
  0.949263930      0.568891883    
  0.568891883      0.913074791    
  0.913074791      0.161239922    
  0.161239922      0.224180877    
  0.224180877      0.951578200    
  0.951578200      0.363720655    
  0.363720655      0.872821867    
  0.872821867      0.526469827    
  0.526469827      0.402988911    
  0.402988911      0.665184200    
  0.665184200      0.791288137    
  0.791288137      0.768303692    
  0.768303692      0.977941632    
  0.977941632      0.552639723    
  0.552639723      0.814909101    
  0.814909101      0.855696380    
  0.855696380      0.892692447    
  0.892692447      0.623925805    
  0.623925805       7.66674280E-02
   7.66674280E-02  0.325149775    
  0.325149775      0.624446929    
  0.624446929      0.910682082    
  0.910682082      0.211026430    
  0.211026430       1.75356865E-03
   1.75356865E-03  0.416832805    
  0.416832805      0.485643625    
  0.485643625      0.395536244    
  0.395536244       1.75956488E-02
   1.75956488E-02  0.596897960    
  0.596897960      0.251093328    
  0.251093328       2.04204321E-02
   2.04204321E-02  0.340558469    
  0.340558469       5.97507954E-02
   5.97507954E-02  0.165233672    
  0.165233672      0.846732974    
  0.846732974       7.16945529E-02
   7.16945529E-02  0.779569924    
  0.779569924      0.721795976    
  0.721795976      0.284884214    
  0.284884214      0.138998449    
  0.138998449      0.397503793    
  0.397503793      0.169131875    
  0.169131875      0.698397517    
  0.698397517      0.190759301    
  0.190759301      0.468782783    
  0.468782783      0.107936621    
  0.107936621      0.569002867    
  0.569002867      0.900812089    
  0.900812089       9.55615044E-02
   9.55615044E-02  0.730925024    
  0.730925024      0.300517976    
  0.300517976      0.234580398    
  0.234580398      0.394658864    
  0.394658864      0.535851717    
  0.535851717      0.373728156    
  0.373728156      0.658269644    
  0.658269644      0.216854453    
  0.216854453      0.584646463    
  0.584646463      0.628782511    
  0.628782511      0.910679698    
  0.910679698      0.761507213    
  0.761507213      0.424510539    
  0.424510539      0.800792694    
  0.800792694      0.321987391    
  0.321987391       4.34148908E-02
   4.34148908E-02  0.350455284    
  0.350455284      0.545287371    
  0.545287371      0.920560002    
  0.920560002      0.350020051    
  0.350020051      0.879148364    
  0.879148364      0.854405403    
  0.854405403      0.204419017    
  0.204419017      0.521108687    
  0.521108687      0.625417054    
  0.625417054       5.33959866E-02
   5.33959866E-02  0.196381271    
  0.196381271      0.714748681    
  0.714748681      0.266693711    
  0.266693711      0.892760634    
  0.892760634      0.789719939    
  0.789719939      0.282645941    
  0.282645941       8.26418400E-02
   8.26418400E-02  0.880810618    
  0.880810618      0.836322784    
  0.836322784      0.573050559    
  0.573050559      0.437155962    
  0.437155962      0.979568601    
  0.979568601      0.287886024    
  0.287886024      0.221315801    
  0.221315801      0.496310592    
  0.496310592       9.18275714E-02
   9.18275714E-02  0.722991467    
  0.722991467      0.353209436    
  0.353209436      0.898540556    
  0.898540556       2.81839967E-02
   2.81839967E-02  0.743799806    
  0.743799806      0.439969957    
  0.439969957      0.944290221    
  0.944290221      0.883402348    
  0.883402348      0.961170256    
  0.961170256      0.766065776    
  0.766065776      0.337538660    
  0.337538660      0.165964723    
  0.165964723      0.766749859    
  0.766749859      0.794988275    
  0.794988275      0.910363674    
  0.910363674      0.718617380    
  0.718617380      0.359850407    
  0.359850407      0.681466758    
  0.681466758      0.361953855    
  0.361953855      0.142473578    
  0.142473578      0.533123851    
  0.533123851      0.886780024    
  0.886780024      0.327453971    
  0.327453971      0.247477531    
  0.247477531      0.795892775    
  0.795892775      0.758881509    
  0.758881509      0.580480099    
  0.580480099      0.284828007    
  0.284828007      0.305647075    
  0.305647075      0.652152658    
  0.652152658      0.837763131    
  0.837763131      0.265234411    
  0.265234411      0.128050148    
  0.128050148      0.975122094    
  0.975122094      0.157055199    
  0.157055199       4.86328602E-02
   4.86328602E-02  0.431428015    
  0.431428015      0.487396061    
  0.487396061      0.159039021    
  0.159039021      0.859846711    
  0.859846711      0.502285004    
  0.502285004       9.08432603E-02
   9.08432603E-02  0.527570248    
  0.527570248      0.927873909    
  0.927873909      0.447223544    
  0.447223544      0.263665140    
  0.263665140      0.525990784    
  0.525990784      0.508152366    
  0.508152366      0.821836114    
  0.821836114      0.103544891    
  0.103544891      0.911090195    
  0.911090195      0.693919063    
  0.693919063      0.717540741    
  0.717540741      0.299704671    
  0.299704671      0.311250091    
  0.311250091      0.925770044    
  0.925770044      0.213938355    
  0.213938355      0.863506675    
  0.863506675      0.788984537    
  0.788984537      0.873600543    
  0.873600543      0.912380457    
  0.912380457       8.24209452E-02
   8.24209452E-02  0.268302739    
  0.268302739      0.652824700    
  0.652824700      0.819310546    
  0.819310546      0.142253160    
  0.142253160      0.521780312    
  0.521780312      0.765129268    
  0.765129268      0.813937366    
  0.813937366      0.476450026    
  0.476450026      0.532713532    
  0.532713532      0.270948112    
  0.270948112      0.941692412    
  0.941692412      0.623072386    
  0.623072386      0.418319046    
  0.418319046      0.835973620    
  0.835973620       6.80271387E-02
   6.80271387E-02  0.505382419    
  0.505382419      0.321841300    
  0.321841300      0.900203109    
  0.900203109      0.940541983    
  0.940541983      0.338702798    
  0.338702798      0.289187729    
  0.289187729       8.79530907E-02
   8.79530907E-02  0.408129036    
  0.408129036      0.369236410    
  0.369236410      0.692484200    
  0.692484200      0.588060975    
  0.588060975      0.111582518    
  0.111582518      0.540633559    
  0.540633559      0.232655764    
  0.232655764      0.298295736    
  0.298295736      0.650473595    
  0.650473595      0.759608567    
  0.759608567      0.623352289    
  0.623352289      0.797893584    
  0.797893584      0.526149988    
  0.526149988      0.118082225    
  0.118082225      0.719608128    
  0.719608128      0.561404824    
  0.561404824      0.566522717    
  0.566522717       5.27363420E-02
   5.27363420E-02  0.161897242    
  0.161897242      0.599234104    
  0.599234104      0.489881039    
  0.489881039      0.750337720    
  0.750337720      0.889836609    
  0.889836609      0.529195547    
  0.529195547       8.72291327E-02
   8.72291327E-02  0.751331210    
  0.751331210      0.528763473    
  0.528763473      0.119598329    
  0.119598329      0.169722438    
  0.169722438       2.50903964E-02
   2.50903964E-02  0.280787110    
  0.280787110      0.280537307    
  0.280537307      0.829584837    
  0.829584837      0.295114756    
  0.295114756       8.76379609E-02
   8.76379609E-02  0.637924790    
  0.637924790       7.80671835E-02
   7.80671835E-02   3.11142802E-02
   3.11142802E-02  0.401707649    
  0.401707649      0.661743760    
  0.661743760      0.991436779    
  0.991436779       8.83198380E-02
   8.83198380E-02  0.348035574    
  0.348035574      0.780553877    
  0.780553877      0.113254189    
  0.113254189      0.522077322    
  0.522077322      0.684098423    
  0.684098423      0.943967581    
  0.943967581       9.03331637E-02
   9.03331637E-02  0.690805674    
  0.690805674      0.772045255    
  0.772045255      0.261399746    
  0.261399746      0.971304059    
  0.971304059      0.967406273    
  0.967406273      0.202520013    
  0.202520013      0.776034594    
  0.776034594      0.786395609    
  0.786395609      0.105782330    
  0.105782330      0.568233311    
  0.568233311      0.947079539    
  0.947079539       6.48527741E-02
   6.48527741E-02  0.917268872    
  0.917268872      0.946797013    
  0.946797013      0.322880328    
  0.322880328      0.585935056    
  0.585935056       9.95598435E-02
   9.95598435E-02  0.987064838    
  0.987064838      0.367627919    
  0.367627919      0.739978194    
  0.739978194      0.388528585    
  0.388528585       3.29387188E-02
   3.29387188E-02  0.961949229    
  0.961949229      0.361500502    
  0.361500502      0.403282464    
  0.403282464      0.472488523    
  0.472488523      0.224719644    
  0.224719644      0.225713193    
  0.225713193      0.606847823    
  0.606847823       2.93350220E-03
   2.93350220E-03  0.710745037    
  0.710745037      0.904493809    
  0.904493809      0.805532277    
  0.805532277      0.700893223    
  0.700893223      0.274476171    
  0.274476171      0.869545579    
  0.869545579      0.470273256    
  0.470273256      0.349277794    
  0.349277794      0.181142092    
  0.181142092      0.676915884    
  0.676915884      0.147202611    
  0.147202611      0.869046569    
  0.869046569       2.20049620E-02
   2.20049620E-02  0.683736503    
  0.683736503       5.46175241E-02
   5.46175241E-02   7.87874460E-02
   7.87874460E-02  0.413765669    
  0.413765669       7.75517821E-02
   7.75517821E-02   1.67365074E-02
   1.67365074E-02  0.809697032    
  0.809697032      0.309245527    
  0.309245527      0.359401524    
  0.359401524      0.334803343    
  0.334803343      0.860410571    
  0.860410571      0.554500163    
  0.554500163      0.354595363    
  0.354595363      0.243402541    
  0.243402541      0.502400637    
  0.502400637      0.101720870    
  0.101720870      0.401841819    
  0.401841819      0.114360750    
  0.114360750      0.203944981    
  0.203944981      0.349768639    
  0.349768639      0.802374125    
  0.802374125      0.909450769    
  0.909450769      0.413062572    
  0.413062572       7.67299533E-02
   7.67299533E-02  0.360458910    
  0.360458910      0.892092705    
  0.892092705      0.829640090    
  0.829640090      0.274981976    
  0.274981976      0.210313678    
  0.210313678       4.34877872E-02
   4.34877872E-02  0.391373038    
  0.391373038      0.217161953    
  0.217161953      0.925432861    
  0.925432861      0.127862990    
  0.127862990      0.533013463    
  0.533013463      0.713521004    
  0.713521004      0.731604457    
  0.731604457      0.510030627    
  0.510030627      0.584684849    
  0.584684849      0.900114834    
  0.900114834      0.685397446    
  0.685397446      0.204092324    
  0.204092324      0.611951232    
  0.611951232      0.238865912    
  0.238865912      0.154600203    
  0.154600203      0.864205301    
  0.864205301      0.804389238    
  0.804389238      0.226339400    
  0.226339400      0.887093961    
  0.887093961      0.465160728    
  0.465160728      0.438948810    
  0.438948810      0.150778353    
  0.150778353      0.883726239    
  0.883726239      0.922717690    
  0.922717690      0.589815080    
  0.589815080       2.76926160E-02
   2.76926160E-02  0.173518360    
  0.173518360       8.85276198E-02
   8.85276198E-02   1.71439648E-02
   1.71439648E-02  0.127606869    
  0.127606869      0.628488183    
  0.628488183      0.999803901    
  0.999803901      0.621966004    
  0.621966004      0.639258146    
  0.639258146      0.933022261    
  0.933022261      0.265188158    
  0.265188158      0.577129602    
  0.577129602      0.444059253    
  0.444059253       9.32629108E-02
   9.32629108E-02  0.723970175    
  0.723970175      0.853229463    
  0.853229463      0.896757007    
  0.896757007       9.97030735E-03
   9.97030735E-03   5.41958213E-02
   5.41958213E-02   6.22224808E-03
   6.22224808E-03  0.494387031    
  0.494387031      0.205722749    
  0.205722749      0.532091200    
  0.532091200      0.188352168    
  0.188352168      0.427062631    
  0.427062631      0.474062026    
  0.474062026       7.11528659E-02
   7.11528659E-02  0.243408024    
  0.243408024      0.679095268    
  0.679095268      0.850096047    
  0.850096047      0.110947609    
  0.110947609       9.48163271E-02
   9.48163271E-02  0.667742193    
  0.667742193      0.129912853    
  0.129912853      0.158755720    
  0.158755720      0.254724205    
  0.254724205      0.461131454    
  0.461131454      0.691991866    
  0.691991866      0.233153164    
  0.233153164      0.786746919    
  0.786746919      0.508535922    
  0.508535922      0.202582955    
  0.202582955      0.364838600    
  0.364838600      0.478958786    
  0.478958786      0.445066512    
  0.445066512      0.959990203    
  0.959990203      0.976608932    
  0.976608932      0.406495750    
  0.406495750      0.471909225    
  0.471909225      0.265554547    
  0.265554547      0.954136610    
  0.954136610       6.81443214E-02
   6.81443214E-02  0.854533732    
  0.854533732      0.158749461    
  0.158749461      0.516224682    
  0.516224682      0.279865682    
  0.279865682      0.848669052    
  0.848669052      0.269570053    
  0.269570053      0.307200074    
  0.307200074      0.604392707    
  0.604392707      0.118984640    
  0.118984640      0.494802296    
  0.494802296      0.966687799    
  0.966687799      0.550326288    
  0.550326288      0.560403049    
  0.560403049      0.631309152    
  0.631309152      0.693185449    
  0.693185449      0.380054593    
  0.380054593      0.386553109    
  0.386553109      0.902860522    
  0.902860522      0.403008223    
  0.403008223      0.233444333    
  0.233444333      0.133687019    
  0.133687019      0.381125271    
  0.381125271      0.996569932    
  0.996569932      0.877452970    
  0.877452970      0.460580826    
  0.460580826      0.934763372    
  0.934763372      0.774702787    
  0.774702787      0.749929547    
  0.749929547      0.852958441    
  0.852958441      0.407030940    
  0.407030940      0.961391449    
  0.961391449       3.57279181E-02
   3.57279181E-02   8.85668993E-02
   8.85668993E-02  0.849223018    
  0.849223018      0.461691380    
  0.461691380      0.900285065    
  0.900285065      0.184569478    
  0.184569478      0.453686357    
  0.453686357      0.556929410    
  0.556929410      0.932299197    
  0.932299197      0.482817948    
  0.482817948      0.772232294    
  0.772232294      0.926906645    
  0.926906645      0.856034815    
  0.856034815      0.679277301    
  0.679277301      0.898078442    
  0.898078442      0.449972391    
  0.449972391      0.638430417    
  0.638430417      0.796245039    
  0.796245039      0.346820831    
  0.346820831      0.188371062    
  0.188371062       3.69022489E-02
   3.69022489E-02  0.447884262    
  0.447884262      0.684300363    
  0.684300363      0.637135565    
  0.637135565      0.908845901    
  0.908845901      0.947118223    
  0.947118223      0.536970735    
  0.536970735      0.544339120    
  0.544339120      0.953278482    
  0.953278482      0.325605392    
  0.325605392      0.279170156    
  0.279170156      0.414955437    
  0.414955437       5.56105971E-02
   5.56105971E-02   5.70431352E-02
   5.70431352E-02  0.638625085    
  0.638625085       5.16295433E-02
   5.16295433E-02  0.950010061    
  0.950010061      0.504845142    
  0.504845142      0.816489697    
  0.816489697      0.384938300    
  0.384938300      0.167142868    
  0.167142868      0.759692729    
  0.759692729      0.134112060    
  0.134112060      0.336470604    
  0.336470604      0.484570146    
  0.484570146       8.84746909E-02
   8.84746909E-02  0.536004066    
  0.536004066      0.435990036    
  0.435990036      0.513376117    
  0.513376117      0.874565542    
  0.874565542      0.473367572    
  0.473367572      0.330138624    
  0.330138624      0.866498828    
  0.866498828      0.738016188    
  0.738016188      0.215555549    
  0.215555549      0.775111914    
  0.775111914      0.348862469    
  0.348862469      0.428991497    
  0.428991497      0.432047248    
  0.432047248      0.667527616    
  0.667527616      0.472098112    
  0.472098112      0.584322631    
  0.584322631      0.364946127    
  0.364946127      0.853566647    
  0.853566647      0.434704840    
  0.434704840      0.127299011    
  0.127299011      0.487434447    
  0.487434447      0.565043986    
  0.565043986      0.545384467    
  0.545384467      0.682990551    
  0.682990551      0.831427813    
  0.831427813      0.495654821    
  0.495654821      0.226721525    
  0.226721525      0.231538892    
  0.231538892      0.935926437    
  0.935926437      0.187917590    
  0.187917590      0.805831492    
  0.805831492      0.353075266    
  0.353075266      0.430989623    
  0.430989623      0.761487424    
  0.761487424      0.586450219    
  0.586450219      0.395920455    
  0.395920455      0.272543013    
  0.272543013      0.257641315    
  0.257641315      0.158803940    
  0.158803940      0.737217546    
  0.737217546      0.861433029    
  0.861433029      0.759445190    
  0.759445190      0.194530308    
  0.194530308      0.347218215    
  0.347218215      0.752588034    
  0.752588034      0.962242365    
  0.962242365      0.232658923    
  0.232658923      0.108146429    
  0.108146429      0.798280835    
  0.798280835      0.704269707    
  0.704269707      0.490288138    
  0.490288138      0.242531061    
  0.242531061      0.571494460    
  0.571494460      0.857570171    
  0.857570171      0.846943438    
  0.846943438      0.204454541    
  0.204454541      0.775865495    
  0.775865495      0.579682469    
  0.579682469      0.509913027    
  0.509913027      0.910263717    
  0.910263717       8.15832615E-03
   8.15832615E-03  0.499126613    
  0.499126613      0.289637923    
  0.289637923      0.207929373    
  0.207929373      0.126245916    
  0.126245916       2.24795938E-02
   2.24795938E-02  0.882600188    
  0.882600188      0.875666261    
  0.875666261      0.220545173    
  0.220545173      0.889010072    
  0.889010072      0.914762974    
  0.914762974      0.841143131    
  0.841143131      0.595451891    
  0.595451891      0.812824905    
  0.812824905      0.357007682    
  0.357007682      0.675144672    
  0.675144672      0.441960335    
  0.441960335      0.518481672    
  0.518481672       1.07722878E-02
   1.07722878E-02  0.622048914    
  0.622048914      0.357711911    
  0.357711911      0.306229830    
  0.306229830      0.187905192    
  0.187905192      0.121537387    
  0.121537387      0.122341871    
  0.122341871      0.784040511    
  0.784040511       9.79668498E-02
   9.79668498E-02  0.691451848    
  0.691451848      0.870337725    
  0.870337725      0.190117657    
  0.190117657      0.521979630    
  0.521979630      0.939308584    
  0.939308584      0.453215361    
  0.453215361      0.464927614    
  0.464927614       5.90126514E-02
   5.90126514E-02  0.601621747    
  0.601621747      0.701768041    
  0.701768041       3.36552858E-02
   3.36552858E-02  0.513830900    
  0.513830900      0.326770723    
  0.326770723      0.975440502    
  0.975440502      0.863665044    
  0.863665044      0.348190308    
  0.348190308      0.354485095    
  0.354485095      0.459939897    
  0.459939897      0.977905095    
  0.977905095      0.339989126    
  0.339989126      0.186365426    
  0.186365426      0.719011962    
  0.719011962      0.432545066    
  0.432545066      0.352590978    
  0.352590978      0.335517287    
  0.335517287       6.06646538E-02
   6.06646538E-02  0.507234991    
  0.507234991      0.657748640    
  0.657748640      0.514950991    
  0.514950991      0.187069714    
  0.187069714      0.117228091    
  0.117228091       7.18051791E-02
   7.18051791E-02  0.737056732    
  0.737056732      0.549247563    
  0.549247563      0.447287321    
  0.447287321      0.334068120    
  0.334068120      0.244982123    
  0.244982123      0.648133218    
  0.648133218      0.618457496    
  0.618457496      0.305416882    
  0.305416882      0.174141765    
  0.174141765      0.527298748    
  0.527298748      0.213727176    
  0.213727176      0.788215280    
  0.788215280      0.848941505    
  0.848941505      0.262275100    
  0.262275100      0.743503630    
  0.743503630       5.00081778E-02
   5.00081778E-02  0.356540263    
  0.356540263      0.401218355    
  0.401218355      0.597914040    
  0.597914040       2.17014551E-03
   2.17014551E-03  0.801558018    
  0.801558018      0.617192447    
  0.617192447      0.250213563    
  0.250213563      0.332025111    
  0.332025111      0.713394403    
  0.713394403      0.193679154    
  0.193679154      0.920668602    
  0.920668602      0.260532558    
  0.260532558      0.357486665    
  0.357486665      0.816306114    
  0.816306114      0.435152113    
  0.435152113      0.839216948    
  0.839216948       6.55744672E-02
   6.55744672E-02  0.498169422    
  0.498169422      0.437841296    
  0.437841296      0.267489493    
  0.267489493      0.335154057    
  0.335154057      0.732496381    
  0.732496381      0.240984321    
  0.240984321      0.800701022    
  0.800701022      0.304533720    
  0.304533720      0.249095082    
  0.249095082      0.471228957    
  0.471228957      0.823242247    
  0.823242247      0.147485554    
  0.147485554      0.136088967    
  0.136088967      0.305105209    
  0.305105209      0.781434059    
  0.781434059      0.949689031    
  0.949689031      0.685898423    
  0.685898423       3.81946564E-02
   3.81946564E-02  0.261053145    
  0.261053145      0.373024285    
  0.373024285      0.772226334    
  0.772226334      0.842407227    
  0.842407227       8.70195627E-02
   8.70195627E-02  0.120982289    
  0.120982289      0.587630510    
  0.587630510      0.254623055    
  0.254623055      0.838074386    
  0.838074386      0.592030346    
  0.592030346      0.616467297    
  0.616467297      0.778848648    
  0.778848648      0.965540826    
  0.965540826       6.70353770E-02
   6.70353770E-02  0.478549719    
  0.478549719      0.313372970    
  0.313372970      0.942405045    
  0.942405045      0.877081931    
  0.877081931      0.811216295    
  0.811216295      0.854239702    
  0.854239702      0.468876302    
  0.468876302      0.358952403    
  0.358952403      0.116408706    
  0.116408706      0.445168674    
  0.445168674       8.87504816E-02
   8.87504816E-02   3.23489904E-02
   3.23489904E-02  0.146968901    
  0.146968901      0.113853872    
  0.113853872      0.209901810    
  0.209901810      0.259836137    
  0.259836137      0.914033055    
  0.914033055       5.94498515E-02
   5.94498515E-02  0.690341175    
  0.690341175      0.832931399    
  0.832931399      0.760773301    
  0.760773301      0.905903041    
  0.905903041      0.914115071    
  0.914115071      0.734995782    
  0.734995782      0.921119273    
  0.921119273      0.390415311    
  0.390415311      0.824747324    
  0.824747324      0.891333163    
  0.891333163      0.543381751    
  0.543381751       8.48283172E-02
   8.48283172E-02  0.190428913    
  0.190428913       7.43014812E-02
   7.43014812E-02  0.429645419    
  0.429645419       7.52904415E-02
   7.52904415E-02  0.186791122    
  0.186791122      0.782182336    
  0.782182336      0.474179506    
  0.474179506      0.491568446    
  0.491568446       5.73824048E-02
   5.73824048E-02  0.708112240    
  0.708112240      0.676158786    
  0.676158786      0.648115218    
  0.648115218      0.522202790    
  0.522202790      0.901297927    
  0.901297927      0.783836603    
  0.783836603      0.528742790    
  0.528742790      0.589094341    
  0.589094341      0.266127408    
  0.266127408      0.366864860    
  0.366864860      0.403949082    
  0.403949082      0.208413780    
  0.208413780      0.293757856    
  0.293757856      0.568683982    
  0.568683982       5.99989891E-02
   5.99989891E-02  0.752122045    
  0.752122045       8.81199837E-02
   8.81199837E-02  0.310191214    
  0.310191214      0.732873976    
  0.732873976      0.499015570    
  0.499015570      0.751452267    
  0.751452267      0.841700077    
  0.841700077      0.197881401    
  0.197881401       9.19187069E-02
   9.19187069E-02  0.916345656    
  0.916345656      0.541409731    
  0.541409731      0.542086840    
  0.542086840      0.875395715    
  0.875395715      0.810672283    
  0.810672283      0.259165704    
  0.259165704      0.761120498    
  0.761120498      0.229764760    
  0.229764760      0.844692349    
  0.844692349      0.774064720    
  0.774064720      0.542197645    
  0.542197645      0.549355924    
  0.549355924      0.613892555    
  0.613892555       1.34100318E-02
   1.34100318E-02  0.181764483    
  0.181764483      0.417791486    
  0.417791486       4.28735018E-02
   4.28735018E-02  0.225524604    
  0.225524604      0.866528988    
  0.866528988      0.737846315    
  0.737846315      0.658245146    
  0.658245146      0.429038823    
  0.429038823      0.385770917    
  0.385770917      0.698942780    
  0.698942780      0.383571565    
  0.383571565      0.591366529    
  0.591366529      0.916799366    
  0.916799366      0.786237180    
  0.786237180      0.948791981    
  0.948791981      0.560249150    
  0.560249150      0.641197860    
  0.641197860      0.280804873    
  0.280804873      0.611481667    
  0.611481667      0.848092616    
  0.848092616      0.497243762    
  0.497243762      0.442517102    
  0.442517102      0.747750819    
  0.747750819      0.900896490    
  0.900896490      0.671395481    
  0.671395481      0.711273134    
  0.711273134      0.176055253    
  0.176055253      0.407768548    
  0.407768548      0.431055069    
  0.431055069      0.595175505    
  0.595175505      0.295507133    
  0.295507133      0.443741262    
  0.443741262      0.106418550    
  0.106418550      0.776395559    
  0.776395559      0.619346619    
  0.619346619      0.456013441    
  0.456013441      0.962837577    
  0.962837577      0.331755877    
  0.331755877      0.711816967    
  0.711816967      0.861142516    
  0.861142516      0.650224388    
  0.650224388      0.443892419    
  0.443892419      0.607841671    
  0.607841671       2.93356180E-02
   2.93356180E-02  0.337005496    
  0.337005496      0.638486803    
  0.638486803      0.861957490    
  0.861957490      0.738613725    
  0.738613725      0.685776830    
  0.685776830      0.904037058    
  0.904037058      0.554848313    
  0.554848313      0.371334612    
  0.371334612      0.619207680    
  0.619207680      0.573248148    
  0.573248148      0.300031602    
  0.300031602      0.452341676    
  0.452341676      0.694279611    
  0.694279611      0.384197414    
  0.384197414      0.250199914    
  0.250199914      0.561045885    
  0.561045885       9.62759256E-02
   9.62759256E-02  0.232664227    
  0.232664227      0.384144068    
  0.384144068      0.512667775    
  0.512667775      0.139070272    
  0.139070272      0.874198973    
  0.874198973      0.437915146    
  0.437915146      0.688376069    
  0.688376069      0.355131388    
  0.355131388      0.553471684    
  0.553471684      0.383556247    
  0.383556247      0.370315492    
  0.370315492      0.258339822    
  0.258339822      0.150701821    
  0.150701821      0.467869103    
  0.467869103      0.521662951    
  0.521662951      0.289319634    
  0.289319634      0.429412365    
  0.429412365       2.65110731E-02
   2.65110731E-02  0.628535926    
  0.628535926      0.408757806    
  0.408757806      0.486376643    
  0.486376643      0.816932440    
  0.816932440      0.281392336    
  0.281392336      0.410124481    
  0.410124481      0.339679003    
  0.339679003      0.983903646    
  0.983903646      0.488945365    
  0.488945365      0.535255909    
  0.535255909      0.853294134    
  0.853294134       8.01279545E-02
   8.01279545E-02  0.929049671    
  0.929049671      0.806961238    
  0.806961238      0.361447096    
  0.361447096      0.416149616    
  0.416149616      0.990169466    
  0.990169466      0.158679307    
  0.158679307       2.62656808E-02
   2.62656808E-02  0.552698851    
  0.552698851      0.794871092    
  0.794871092      0.357575595    
  0.357575595      0.431981444    
  0.431981444      0.305836797    
  0.305836797      0.519066513    
  0.519066513       9.80277061E-02
   9.80277061E-02  0.410563767    
  0.410563767      0.329731822    
  0.329731822      0.150331795    
  0.150331795      0.567566395    
  0.567566395      0.220350802    
  0.220350802      0.227325678    
  0.227325678      0.772348642    
  0.772348642      0.553818226    
  0.553818226      0.557760179    
  0.557760179       4.81578112E-02
   4.81578112E-02  0.634753704    
  0.634753704      0.392354548    
  0.392354548      0.672614694    
  0.672614694       6.12684488E-02
   6.12684488E-02  0.573508680    
  0.573508680      0.899577081    
  0.899577081      0.417068124    
  0.417068124      0.982130647    
  0.982130647      0.726887763    
  0.726887763      0.430114806    
  0.430114806      0.901607573    
  0.901607573      0.412734270    
  0.412734270      0.489755392    
  0.489755392      0.664814055    
  0.664814055      0.620713174    
  0.620713174      0.682009041    
  0.682009041      0.772816837    
  0.772816837      0.568409443    
  0.568409443      0.919353724    
  0.919353724      0.240475774    
  0.240475774      0.210269392    
  0.210269392      0.188628495    
  0.188628495       9.34844613E-02
   9.34844613E-02  0.380323827    
  0.380323827      0.357317865    
  0.357317865      0.272374868    
  0.272374868       1.77953839E-02
   1.77953839E-02  0.656675160    
  0.656675160      0.217242658    
  0.217242658      0.808380485    
  0.808380485      0.236333728    
  0.236333728      0.637450695    
  0.637450695      0.136021316    
  0.136021316      0.828263640    
  0.828263640       3.18962336E-02
   3.18962336E-02  0.976541996    
  0.976541996      0.437838793    
  0.437838793      0.775010765    
  0.775010765      0.716617346    
  0.716617346      0.632558703    
  0.632558703      0.215962410    
  0.215962410      0.548117757    
  0.548117757      0.790558040    
  0.790558040      0.165700376    
  0.165700376      0.414125621    
  0.414125621       8.80749226E-02
   8.80749226E-02  0.296215534    
  0.296215534       4.99647260E-02
   4.99647260E-02  0.213655770    
  0.213655770      0.941369653    
  0.941369653      0.971713722    
  0.971713722      0.875450432    
  0.875450432      0.665818036    
  0.665818036      0.628420949    
  0.628420949       2.27841139E-02
   2.27841139E-02  0.891728401    
  0.891728401      0.776471734    
  0.776471734      0.627557099    
  0.627557099      0.185276151    
  0.185276151      0.916360557    
  0.916360557      0.893350065    
  0.893350065      0.186511219    
  0.186511219      0.817608356    
  0.817608356      0.850227118    
  0.850227118      0.821171761    
  0.821171761      0.153132677    
  0.153132677      0.160200298    
  0.160200298      0.129611611    
  0.129611611       9.99938846E-02
   9.99938846E-02  0.857905269    
  0.857905269      0.357877433    
  0.357877433      0.658089876    
  0.658089876      0.496391356    
  0.496391356      0.570156276    
  0.570156276       1.14942193E-02
   1.14942193E-02  0.535146832    
  0.535146832       9.68185663E-02
   9.68185663E-02  0.950959802    
  0.950959802      0.181537509    
  0.181537509      0.674998522    
  0.674998522      0.398757100    
  0.398757100      0.862030685    
  0.862030685      0.184247255    
  0.184247255      0.487189710    
  0.487189710      0.356383026    
  0.356383026      0.959328234    
  0.959328234      0.255228877    
  0.255228877      0.917765677    
  0.917765677      0.321624994    
  0.321624994      0.258464217    
  0.258464217      0.508469045    
  0.508469045      0.920557022    
  0.920557022       6.22594357E-03
   6.22594357E-03   2.95445323E-02
   2.95445323E-02  0.337163687    
  0.337163687      0.812060356    
  0.812060356       7.67342448E-02
   7.67342448E-02  0.497846484    
  0.497846484      0.503824294    
  0.503824294       3.61348987E-02
   3.61348987E-02  0.130102038    
  0.130102038      0.128769994    
  0.128769994      0.438136399    
  0.438136399      0.841634274    
  0.841634274      0.431039453    
  0.431039453      0.405811250    
  0.405811250      0.309731364    
  0.309731364      0.275021255    
  0.275021255      0.468358934    
  0.468358934      0.770593703    
  0.770593703      0.758643568    
  0.758643568       5.01059890E-02
   5.01059890E-02  0.966700435    
  0.966700435      0.686510086    
  0.686510086      0.453299224    
  0.453299224      0.972104251    
  0.972104251      0.340537310    
  0.340537310      0.844492733    
  0.844492733      0.315588653    
  0.315588653       8.75650644E-02
   8.75650644E-02  0.474729419    
  0.474729419      0.962314188    
  0.962314188      0.386600733    
  0.386600733      0.404990256    
  0.404990256      0.667688191    
  0.667688191      0.199982584    
  0.199982584      0.925964475    
  0.925964475      0.387516022    
  0.387516022      0.548147261    
  0.548147261      0.984292567    
  0.984292567      0.799718738    
  0.799718738      0.902454257    
  0.902454257      0.442376614    
  0.442376614      0.662288666    
  0.662288666      0.441458941    
  0.441458941      0.654807985    
  0.654807985      0.551589549    
  0.551589549      0.509605885    
  0.509605885      0.317744732    
  0.317744732      0.900675893    
  0.900675893      0.667808652    
  0.667808652      0.803949237    
  0.803949237      0.800600827    
  0.800600827      0.895306706    
  0.895306706      0.451729059    
  0.451729059      0.114940643    
  0.114940643      0.468283713    
  0.468283713      0.854926229    
  0.854926229      0.871216297    
  0.871216297      0.373302519    
  0.373302519      0.398295403    
  0.398295403      0.640038669    
  0.640038669      0.898896337    
  0.898896337      0.795049071    
  0.795049071       8.02199244E-02
   8.02199244E-02  0.584707797    
  0.584707797      0.414774060    
  0.414774060       1.27710104E-02
   1.27710104E-02  0.752884150    
  0.752884150      0.961532712    
  0.961532712      0.794250727    
  0.794250727      0.326081812    
  0.326081812      0.492179394    
  0.492179394      0.240743339    
  0.240743339      0.205526710    
  0.205526710      0.979283154    
  0.979283154      0.844840348    
  0.844840348      0.996505737    
  0.996505737      0.171946287    
  0.171946287      0.126623690    
  0.126623690      0.426623285    
  0.426623285      0.714103162    
  0.714103162      0.204862654    
  0.204862654      0.849557400    
  0.849557400      0.930224895    
  0.930224895      0.776269495    
  0.776269495      0.351588130    
  0.351588130      0.479574502    
  0.479574502      0.867030084    
  0.867030084      0.191002905    
  0.191002905      0.584775209    
  0.584775209      0.624773800    
  0.624773800      0.980515242    
  0.980515242      0.302718818    
  0.302718818      0.943631709    
  0.943631709      0.496478081    
  0.496478081      0.419615328    
  0.419615328      0.635985374    
  0.635985374      0.223782301    
  0.223782301      0.275263309    
  0.275263309      0.931893468    
  0.931893468      0.813265502    
  0.813265502      0.185314417    
  0.185314417      0.101347744    
  0.101347744      0.669746876    
  0.669746876      0.273730695    
  0.273730695      0.181453407    
  0.181453407      0.990437388    
  0.990437388      0.449436963    
  0.449436963      0.486350119    
  0.486350119      0.804430127    
  0.804430127      0.102517068    
  0.102517068      0.465065539    
  0.465065539      0.464386642    
  0.464386642      0.472315848    
  0.472315848       5.93614578E-02
   5.93614578E-02  0.531233847    
  0.531233847      0.616075754    
  0.616075754      0.626618683    
  0.626618683      0.710785031    
  0.710785031      0.664233685    
  0.664233685      0.741150439    
  0.741150439      0.751813293    
  0.751813293      0.425772965    
  0.425772965      0.492071271    
  0.492071271      0.281868875    
  0.281868875      0.198957622    
  0.198957622      0.415323079    
  0.415323079      0.335167587    
  0.335167587      0.708770514    
  0.708770514      0.412599266    
  0.412599266      0.473287225    
  0.473287225      0.107712805    
  0.107712805      0.206650138    
  0.206650138      0.534833908    
  0.534833908      0.354330659    
  0.354330659      0.490352392    
  0.490352392       1.63316727E-02
   1.63316727E-02  0.679622412    
  0.679622412      0.645689964    
  0.645689964      0.316516638    
  0.316516638      0.867434263    
  0.867434263      0.675886273    
  0.675886273      0.130502880    
  0.130502880      0.543115675    
  0.543115675      0.237039268    
  0.237039268      0.249784291    
  0.249784291      0.328480363    
  0.328480363       9.30824876E-02
   9.30824876E-02   7.87328482E-02
   7.87328482E-02  0.432731926    
  0.432731926      0.571856856    
  0.571856856      0.135989070    
  0.135989070      0.274371326    
  0.274371326      0.441387177    
  0.441387177      0.864403248    
  0.864403248      0.216364563    
  0.216364563      0.233443439    
  0.233443439      0.395843029    
  0.395843029      0.182862878    
  0.182862878      0.578495800    
  0.578495800      0.774368048    
  0.774368048      0.676557183    
  0.676557183      0.843911886    
  0.843911886      0.213007629    
  0.213007629      0.836914361    
  0.836914361      0.558282912    
  0.558282912       4.36239243E-02
   4.36239243E-02  0.623801768    
  0.623801768      0.626359403    
  0.626359403      0.608272493    
  0.608272493      0.148744166    
  0.148744166       5.41592240E-02
   5.41592240E-02  0.660790384    
  0.660790384      0.229718626    
  0.229718626      0.645326376    
  0.645326376      0.647065282    
  0.647065282      0.160180449    
  0.160180449      0.236751318    
  0.236751318      0.268073559    
  0.268073559      0.499159217    
  0.499159217      0.503960490    
  0.503960490      0.718743384    
  0.718743384      0.434724331    
  0.434724331      0.399503589    
  0.399503589      0.266875684    
  0.266875684      0.117876351    
  0.117876351      0.693517804    
  0.693517804      0.965151846    
  0.965151846      0.383783817    
  0.383783817       2.11384892E-02
   2.11384892E-02   9.18486118E-02
   9.18486118E-02  0.929003239    
  0.929003239      0.547816992    
  0.547816992      0.282832682    
  0.282832682      0.908369720    
  0.908369720      0.889502943    
  0.889502943      0.682811201    
  0.682811201      0.425837517    
  0.425837517      0.603924632    
  0.603924632      0.119328558    
  0.119328558       1.55885220E-02
   1.55885220E-02  0.988098979    
  0.988098979      0.454082906    
  0.454082906      0.666320741    
  0.666320741      0.673358083    
  0.673358083      0.708620965    
  0.708620965       2.76044607E-02
   2.76044607E-02  0.572587550    
  0.572587550      0.201801419    
  0.201801419      0.152975142    
  0.152975142      0.693681777    
  0.693681777      0.480316520    
  0.480316520      0.641000152    
  0.641000152      0.110288918    
  0.110288918       2.43228078E-02
   2.43228078E-02  0.325836658    
  0.325836658      0.873583913    
  0.873583913       8.13786983E-02
   8.13786983E-02  0.154045939    
  0.154045939      0.985231936    
  0.985231936      0.564620793    
  0.564620793      0.763175428    
  0.763175428      0.917918086    
  0.917918086      0.385059416    
  0.385059416      0.796097219    
  0.796097219      0.172619700    
  0.172619700      0.865047574    
  0.865047574      0.521227598    
  0.521227598      0.648175001    
  0.648175001      0.251571238    
  0.251571238      0.624426305    
  0.624426305      0.365785718    
  0.365785718      0.226911068    
  0.226911068      0.842205763    
  0.842205763      0.338817477    
  0.338817477      0.840344310    
  0.840344310      0.233034492    
  0.233034492      0.580454767    
  0.580454767      0.585081637    
  0.585081637      0.507893205    
  0.507893205      0.139538765    
  0.139538765      0.330673873    
  0.330673873      0.378779054    
  0.378779054      0.601804376    
  0.601804376      0.407170475    
  0.407170475      0.990128338    
  0.990128338      0.682381272    
  0.682381272      0.371912003    
  0.371912003       3.72883081E-02
   3.72883081E-02  0.326028407    
  0.326028407      0.638386190    
  0.638386190      0.801436841    
  0.801436841      0.864371419    
  0.864371419      0.270995021    
  0.270995021       9.01479721E-02
   9.01479721E-02  0.817449868    
  0.817449868      0.667074382    
  0.667074382      0.829411268    
  0.829411268      0.522654235    
  0.522654235      0.970616817    
  0.970616817      0.535170734    
  0.535170734      0.144612908    
  0.144612908       3.29071283E-02
   3.29071283E-02  0.139330924    
  0.139330924       9.43636298E-02
   9.43636298E-02  0.314040840    
  0.314040840      0.501834869    
  0.501834869      0.989117146    
  0.989117146      0.531573355    
  0.531573355      0.215739965    
  0.215739965      0.898748457    
  0.898748457      0.551906884    
  0.551906884      0.223273695    
  0.223273695      0.752261102    
  0.752261102      0.653981864    
  0.653981864      0.808341324    
  0.808341324      0.481384933    
  0.481384933      0.991968155    
  0.991968155      0.713137567    
  0.713137567      0.694525242    
  0.694525242       6.15215898E-02
   6.15215898E-02  0.392057538    
  0.392057538      0.613106370    
  0.613106370      0.309539497    
  0.309539497       5.29919267E-02
   5.29919267E-02  0.981149197    
  0.981149197      0.147575676    
  0.147575676      0.251130521    
  0.251130521       2.03893781E-02
   2.03893781E-02  0.721091747    
  0.721091747      0.375264347    
  0.375264347      0.375166237    
  0.375166237      0.459288359    
  0.459288359      0.773822188    
  0.773822188      0.715272844    
  0.715272844      0.314264357    
  0.314264357      0.687283754    
  0.687283754      0.401829720    
  0.401829720      0.278499603    
  0.278499603      0.212020695    
  0.212020695      0.677855074    
  0.677855074      0.444634974    
  0.444634974      0.992319942    
  0.992319942      0.560062766    
  0.560062766      0.654375494    
  0.654375494      0.530893564    
  0.530893564      0.396951199    
  0.396951199      0.507945657    
  0.507945657      0.304578841    
  0.304578841      0.111594617    
  0.111594617      0.898390591    
  0.898390591      0.856308043    
  0.856308043      0.539668560    
  0.539668560      0.901307404    
  0.901307404      0.656280935    
  0.656280935      0.852964818    
  0.852964818      0.707140863    
  0.707140863      0.140222788    
  0.140222788      0.842045307    
  0.842045307      0.907120109    
  0.907120109      0.341815770    
  0.341815770      0.801463366    
  0.801463366      0.456331432    
  0.456331432      0.149739325    
  0.149739325      0.617833078    
  0.617833078       1.82325244E-02
   1.82325244E-02  0.533334017    
  0.533334017      0.335713744    
  0.335713744      0.579110324    
  0.579110324      0.698586941    
  0.698586941      0.773586810    
  0.773586810      0.761383474    
  0.761383474      0.340950131    
  0.340950131      0.369268596    
  0.369268596      0.191428185    
  0.191428185      0.224478185    
  0.224478185      0.674363971    
  0.674363971      0.542438209    
  0.542438209      0.263523042    
  0.263523042      0.449004531    
  0.449004531      0.406871736    
  0.406871736      0.574490547    
  0.574490547      0.845152617    
  0.845152617      0.170146823    
  0.170146823      0.610518038    
  0.610518038      0.640980959    
  0.640980959      0.587423980    
  0.587423980      0.309084415    
  0.309084415      0.895243287    
  0.895243287      0.836137712    
  0.836137712      0.734312356    
  0.734312356      0.482078850    
  0.482078850      0.496407151    
  0.496407151      0.400808930    
  0.400808930      0.989764571    
  0.989764571      0.182174265    
  0.182174265      0.196982861    
  0.196982861      0.372893095    
  0.372893095      0.391594708    
  0.391594708      0.745399475    
  0.745399475      0.691102326    
  0.691102326       9.76157784E-02
   9.76157784E-02  0.926629841    
  0.926629841      0.320292413    
  0.320292413      0.901819944    
  0.901819944      0.673400879    
  0.673400879      0.165244102    
  0.165244102      0.541972637    
  0.541972637       4.31872010E-02
   4.31872010E-02  0.196682155    
  0.196682155      0.732186317    
  0.732186317       1.90571547E-02
   1.90571547E-02  0.225616336    
  0.225616336      0.994351506    
  0.994351506       1.65479779E-02
   1.65479779E-02  0.337427616    
  0.337427616      0.581129730    
  0.581129730      0.250133932    
  0.250133932      0.716898322    
  0.716898322      0.983211040    
  0.983211040      0.115656674    
  0.115656674      0.193209887    
  0.193209887      0.238743961    
  0.238743961      0.863190889    
  0.863190889      0.843555927    
  0.843555927      0.160898030    
  0.160898030      0.101214707    
  0.101214707      0.557418287    
  0.557418287      0.360006392    
  0.360006392      0.447583556    
  0.447583556      0.546095908    
  0.546095908      0.920272827    
  0.920272827      0.479290485    
  0.479290485      0.114813864    
  0.114813864      0.101197302    
  0.101197302      0.848786354    
  0.848786354      0.804172397    
  0.804172397      0.137613237    
  0.137613237      0.667713284    
  0.667713284      0.465516150    
  0.465516150      0.673131704    
  0.673131704      0.903142631    
  0.903142631      0.332080185    
  0.332080185      0.296914339    
  0.296914339      0.285800815    
  0.285800815      0.997375250    
  0.997375250      0.300289512    
  0.300289512      0.965322554    
  0.965322554      0.123116374    
  0.123116374      0.529523432    
  0.529523432      0.334335983    
  0.334335983      0.475093067    
  0.475093067      0.538232386    
  0.538232386      0.184601903    
  0.184601903      0.467391968    
  0.467391968      0.396300912    
  0.396300912      0.197213769    
  0.197213769      0.569261551    
  0.569261551      0.718025982    
  0.718025982      0.913186014    
  0.913186014      0.508048117    
  0.508048117      0.367316663    
  0.367316663      0.610948920    
  0.610948920      0.473612249    
  0.473612249      0.808575153    
  0.808575153      0.758229315    
  0.758229315      0.825895905    
  0.825895905      0.560222864    
  0.560222864      0.933491826    
  0.933491826      0.163494527    
  0.163494527      0.873121560    
  0.873121560      0.691181898    
  0.691181898      0.462377369    
  0.462377369      0.423698604    
  0.423698604      0.879115999    
  0.879115999      0.838417709    
  0.838417709       9.42457318E-02
   9.42457318E-02  0.906429470    
  0.906429470      0.229056120    
  0.229056120      0.548903286    
  0.548903286      0.101822495    
  0.101822495      0.725901127    
  0.725901127      0.967970490    
  0.967970490      0.465923131    
  0.465923131      0.460559726    
  0.460559726      0.686998010    
  0.686998010      0.828004181    
  0.828004181      0.644033551    
  0.644033551      0.346364975    
  0.346364975      0.124564171    
  0.124564171      0.263030767    
  0.263030767      0.195009291    
  0.195009291      0.135249615    
  0.135249615      0.445033610    
  0.445033610      0.842708886    
  0.842708886      0.905580759    
  0.905580759      0.141520083    
  0.141520083      0.558649480    
  0.558649480      0.530054033    
  0.530054033       9.01920199E-02
   9.01920199E-02   3.78246903E-02
   3.78246903E-02  0.864420354    
  0.864420354      0.676095665    
  0.676095665      0.814958036    
  0.814958036      0.265861809    
  0.265861809      0.481680751    
  0.481680751      0.720204711    
  0.720204711       9.50466990E-02
   9.50466990E-02  0.355015695    
  0.355015695      0.722783267    
  0.722783267      0.111910462    
  0.111910462      0.712255478    
  0.712255478      0.719017267    
  0.719017267      0.122908235    
  0.122908235       9.50893164E-02
   9.50893164E-02  0.641814351    
  0.641814351      0.607052863    
  0.607052863      0.310818791    
  0.310818791      0.163729906    
  0.163729906      0.454115450    
  0.454115450      0.877604961    
  0.877604961      0.847281337    
  0.847281337      0.538426876    
  0.538426876      0.248823047    
  0.248823047      0.362738431    
  0.362738431      0.570941746    
  0.570941746      0.365924597    
  0.365924597      0.695783794    
  0.695783794      0.435435653    
  0.435435653       7.37718344E-02
   7.37718344E-02  0.382279873    
  0.382279873      0.948979080    
  0.948979080      0.117162287    
  0.117162287      0.778870583    
  0.778870583      0.455612302    
  0.455612302      0.600104809    
  0.600104809      0.852059126    
  0.852059126      0.489146769    
  0.489146769      0.923389912    
  0.923389912       7.02671409E-02
   7.02671409E-02  0.358746171    
  0.358746171      0.362705469    
  0.362705469      0.203174055    
  0.203174055      0.215540886    
  0.215540886      0.234171093    
  0.234171093      0.846304476    
  0.846304476      0.886298716    
  0.886298716      0.677558541    
  0.677558541       6.43463135E-02
   6.43463135E-02  0.621847332    
  0.621847332      0.129224718    
  0.129224718      0.966652274    
  0.966652274       9.96574163E-02
   9.96574163E-02  0.164904296    
  0.164904296      0.499573231    
  0.499573231      0.249687850    
  0.249687850      0.909240723    
  0.909240723      0.922259033    
  0.922259033      0.819481432    
  0.819481432      0.305376768    
  0.305376768      0.628866315    
  0.628866315      0.434487522    
  0.434487522      0.931154251    
  0.931154251       9.27996635E-03
   9.27996635E-03  0.224852324    
  0.224852324      0.379019558    
  0.379019558      0.787301540    
  0.787301540       2.21230984E-02
   2.21230984E-02  0.664703548    
  0.664703548      0.302912891    
  0.302912891      0.770842433    
  0.770842433      0.763789713    
  0.763789713      0.673549235    
  0.673549235      0.813890278    
  0.813890278      0.400773942    
  0.400773942      0.252494037    
  0.252494037      0.837839127    
  0.837839127      0.145969033    
  0.145969033      0.156854331    
  0.156854331      0.988106370    
  0.988106370      0.264286995    
  0.264286995      0.363274097    
  0.363274097      0.705914319    
  0.705914319      0.257202268    
  0.257202268      0.952912748    
  0.952912748      0.395335078    
  0.395335078      0.816527188    
  0.816527188      0.951388717    
  0.951388717      0.199624002    
  0.199624002      0.751211107    
  0.751211107      0.906688452    
  0.906688452      0.379181087    
  0.379181087      0.690439582    
  0.690439582      0.437427044    
  0.437427044      0.329721749    
  0.329721749      0.121049047    
  0.121049047      0.199872196    
  0.199872196      0.216753840    
  0.216753840      0.763543427    
  0.763543427      0.682527900    
  0.682527900      0.379412353    
  0.379412353      0.818327844    
  0.818327844      0.619529784    
  0.619529784      0.377738059    
  0.377738059      0.178343475    
  0.178343475      0.714492261    
  0.714492261      0.469400883    
  0.469400883      0.775494158    
  0.775494158      0.597285509    
  0.597285509      0.620776892    
  0.620776892      0.832983792    
  0.832983792       6.87328577E-02
   6.87328577E-02   1.44470930E-02
   1.44470930E-02  0.929285228    
  0.929285228      0.808424950    
  0.808424950      0.959227562    
  0.959227562      0.883967042    
  0.883967042      0.687528372    
  0.687528372      0.920640707    
  0.920640707      0.459422946    
  0.459422946      0.912855387    
  0.912855387      0.275922120    
  0.275922120      0.552688062    
  0.552688062      0.707749307    
  0.707749307      0.972442448    
  0.972442448      0.700925112    
  0.700925112       8.38749409E-02
   8.38749409E-02   6.71017170E-03
   6.71017170E-03  0.950543344    
  0.950543344       6.01981282E-02
   6.01981282E-02   5.24340868E-02
   5.24340868E-02  0.311766446    
  0.311766446      0.985168934    
  0.985168934      0.727856159    
  0.727856159      0.212933600    
  0.212933600      0.129721642    
  0.129721642      0.460293412    
  0.460293412      0.153333724    
  0.153333724      0.270627320    
  0.270627320       3.69743705E-02
   3.69743705E-02   1.19283795E-02
   1.19283795E-02  0.271280706    
  0.271280706       3.46873999E-02
   3.46873999E-02  0.863214731    
  0.863214731      0.107863128    
  0.107863128      0.240959287    
  0.240959287      0.514405489    
  0.514405489      0.916486382    
  0.916486382      0.647358239    
  0.647358239      0.432587206    
  0.432587206      0.155614734    
  0.155614734      0.747859895    
  0.747859895      0.683483422    
  0.683483422      0.607325375    
  0.607325375      0.612493336    
  0.612493336      0.815423608    
  0.815423608      0.244525671    
  0.244525671      0.916857004    
  0.916857004      0.377970994    
  0.377970994      0.471141696    
  0.471141696       2.86695957E-02
   2.86695957E-02  0.569002926    
  0.569002926      0.172394216    
  0.172394216      0.990334272    
  0.990334272       5.39996624E-02
   5.39996624E-02   9.72073674E-02
   9.72073674E-02  0.212182879    
  0.212182879      0.125517905    
  0.125517905      0.381715775    
  0.381715775      0.448788702    
  0.448788702      0.871040225    
  0.871040225      0.298259258    
  0.298259258       1.99955702E-03
   1.99955702E-03   6.87479973E-04
   6.87479973E-04  0.974672079    
  0.974672079      0.899576962    
  0.899576962      0.471820593    
  0.471820593      0.582143486    
  0.582143486      0.834917426    
  0.834917426      0.504799068    
  0.504799068      0.983538270    
  0.983538270      0.940212429    
  0.940212429      0.612899125    
  0.612899125      0.314693511    
  0.314693511      0.982362092    
  0.982362092      0.609304130    
  0.609304130      0.412862778    
  0.412862778      0.389957368    
  0.389957368      0.229923069    
  0.229923069      0.229111791    
  0.229111791      0.151953399    
  0.151953399      0.305703461    
  0.305703461      0.594784737    
  0.594784737      0.495898962    
  0.495898962      0.625528395    
  0.625528395      0.549080372    
  0.549080372      0.201787174    
  0.201787174      0.369427621    
  0.369427621      0.561276376    
  0.561276376       7.37497211E-02
   7.37497211E-02  0.407125711    
  0.407125711      0.229012072    
  0.229012072      0.850698113    
  0.850698113      0.354084551    
  0.354084551      0.593751848    
  0.593751848      0.754265964    
  0.754265964      0.604979813    
  0.604979813      0.484800220    
  0.484800220      0.585959375    
  0.585959375       7.32483864E-02
   7.32483864E-02  0.249621153    
  0.249621153      0.397204936    
  0.397204936      0.384494185    
  0.384494185      0.573225796    
  0.573225796      0.271670640    
  0.271670640      0.475054681    
  0.475054681      0.605864167    
  0.605864167      0.280049443    
  0.280049443      0.360386848    
  0.360386848      0.577800155    
  0.577800155      0.709002674    
  0.709002674      0.171798706    
  0.171798706      0.877990127    
  0.877990127      0.883990526    
  0.883990526      0.804215193    
  0.804215193      0.354042709    
  0.354042709      0.500410974    
  0.500410974      0.345812738    
  0.345812738      0.730624616    
  0.730624616      0.754806757    
  0.754806757      0.128464043    
  0.128464043      0.326156974    
  0.326156974      0.467078447    
  0.467078447      0.337756336    
  0.337756336      0.862440169    
  0.862440169      0.325981915    
  0.325981915      0.951538086    
  0.951538086       7.13124275E-02
   7.13124275E-02  0.181114495    
  0.181114495      0.383145690    
  0.383145690      0.150530517    
  0.150530517      0.436449885    
  0.436449885      0.466367781    
  0.466367781       4.66042161E-02
   4.66042161E-02  0.776149273    
  0.776149273      0.302555561    
  0.302555561      0.239832163    
  0.239832163      0.127223492    
  0.127223492      0.128186166    
  0.128186166      0.352146387    
  0.352146387      0.257622838    
  0.257622838      0.681999624    
  0.681999624      0.527873755    
  0.527873755      0.985951960    
  0.985951960      0.907225490    
  0.907225490      0.990169466    
  0.990169466      0.185382843    
  0.185382843      0.428426802    
  0.428426802      0.407422960    
  0.407422960      0.949839056    
  0.949839056      0.476802468    
  0.476802468      0.884048820    
  0.884048820      0.285316169    
  0.285316169       8.44386220E-02
   8.44386220E-02  0.563053370    
  0.563053370      0.861262321    
  0.861262321      0.874176741    
  0.874176741      0.976125240    
  0.976125240      0.277017951    
  0.277017951      0.174763858    
  0.174763858      0.567798316    
  0.567798316       3.61613035E-02
   3.61613035E-02  0.212208629    
  0.212208629      0.421964347    
  0.421964347      0.999421954    
  0.999421954      0.693657458    
  0.693657458      0.629146457    
  0.629146457       7.10182190E-02
   7.10182190E-02  0.427786708    
  0.427786708      0.972217023    
  0.972217023      0.754468977    
  0.754468977      0.456863761    
  0.456863761      0.765530467    
  0.765530467      0.861654162    
  0.861654162      0.205544770    
  0.205544770      0.658506632    
  0.658506632      0.916431069    
  0.916431069      0.969791889    
  0.969791889       8.35548639E-02
   8.35548639E-02  0.972752333    
  0.972752333      0.417888105    
  0.417888105      0.780280888    
  0.780280888      0.610373616    
  0.610373616      0.268649518    
  0.268649518      0.995058060    
  0.995058060      0.312425137    
  0.312425137      0.107924044    
  0.107924044      0.407083690    
  0.407083690      0.758557439    
  0.758557439      0.119868696    
  0.119868696      0.461077094    
  0.461077094      0.836995721    
  0.836995721      0.677231014    
  0.677231014      0.563488722    
  0.563488722      0.124978781    
  0.124978781      0.261564910    
  0.261564910      0.362462997    
  0.362462997      0.997626126    
  0.997626126      0.550219536    
  0.550219536      0.180946589    
  0.180946589      0.538511932    
  0.538511932      0.628373742    
  0.628373742      0.290687799    
  0.290687799      0.145430207    
  0.145430207      0.387699246    
  0.387699246      0.516564786    
  0.516564786      0.150282264    
  0.150282264      0.961584389    
  0.961584389      0.963326931    
  0.963326931      0.924457729    
  0.924457729      0.345106661    
  0.345106661      0.781977057    
  0.781977057      0.228644192    
  0.228644192      0.725788951    
  0.725788951       7.06838369E-02
   7.06838369E-02  0.580350578    
  0.580350578      0.157056928    
  0.157056928      0.268600762    
  0.268600762       1.73606873E-02
   1.73606873E-02  0.923171103    
  0.923171103       9.42763686E-02
   9.42763686E-02  0.971401691    
  0.971401691      0.762281656    
  0.762281656      0.150040150    
  0.150040150      0.512130618    
  0.512130618      0.512488782    
  0.512488782      0.282920539    
  0.282920539      0.732370794    
  0.732370794      0.406580210    
  0.406580210      0.902671576    
  0.902671576      0.287741065    
  0.287741065      0.640733659    
  0.640733659      0.872435451    
  0.872435451      0.714344561    
  0.714344561      0.476459026    
  0.476459026      0.146153033    
  0.146153033      0.326914728    
  0.326914728      0.604267657    
  0.604267657      0.420733273    
  0.420733273       5.88502884E-02
   5.88502884E-02  0.455305874    
  0.455305874      0.659182906    
  0.659182906      0.852699757    
  0.852699757      0.384439528    
  0.384439528      0.570882559    
  0.570882559      0.112141371    
  0.112141371      0.208054781    
  0.208054781      0.314812660    
  0.314812660      0.167125702    
  0.167125702      0.186826289    
  0.186826289      0.502016723    
  0.502016723      0.433147550    
  0.433147550      0.384946704    
  0.384946704      0.990270197    
  0.990270197      0.882994354    
  0.882994354      0.964494348    
  0.964494348      0.452233434    
  0.452233434      0.841559887    
  0.841559887      0.593361080    
  0.593361080      0.463232160    
  0.463232160      0.256979346    
  0.256979346      0.231426835    
  0.231426835      0.681914449    
  0.681914449      0.514216483    
  0.514216483      0.125113487    
  0.125113487      0.561655462    
  0.561655462      0.857231677    
  0.857231677      0.593642354    
  0.593642354      0.180794775    
  0.180794775      0.484700799    
  0.484700799      0.926821470    
  0.926821470      0.923998058    
  0.923998058      0.936927676    
  0.936927676      0.850790858    
  0.850790858      0.171653211    
  0.171653211       6.94326162E-02
   6.94326162E-02   2.55745649E-03
   2.55745649E-03  0.276899874    
  0.276899874      0.746136129    
  0.746136129       5.30189276E-03
   5.30189276E-03  0.646381497    
  0.646381497      0.718161941    
  0.718161941      0.115456820    
  0.115456820      0.220055640    
  0.220055640      0.853861868    
  0.853861868      0.814103723    
  0.814103723      0.123882592    
  0.123882592      0.893892169    
  0.893892169       3.28612924E-02
   3.28612924E-02  0.222728014    
  0.222728014      0.528862417    
  0.528862417      0.465529978    
  0.465529978      0.130067825    
  0.130067825      0.529884398    
  0.529884398      0.858991027    
  0.858991027      0.358873069    
  0.358873069      0.960784793    
  0.960784793       5.30438423E-02
   5.30438423E-02  0.454155862    
  0.454155862      0.233365357    
  0.233365357      0.182519257    
  0.182519257      0.304316282    
  0.304316282      0.985745072    
  0.985745072      0.872235417    
  0.872235417      0.411218524    
  0.411218524      0.242998064    
  0.242998064      0.449919283    
  0.449919283       4.64843512E-02
   4.64843512E-02  0.103384674    
  0.103384674      0.985132933    
  0.985132933      0.207220793    
  0.207220793      0.237183988    
  0.237183988      0.411189497    
  0.411189497      0.526186585    
  0.526186585      0.826788127    
  0.826788127      0.153199434    
  0.153199434       9.53614712E-03
   9.53614712E-03  0.419998288    
  0.419998288      0.365365744    
  0.365365744      0.597910941    
  0.597910941      0.705126941    
  0.705126941       7.02509880E-02
   7.02509880E-02  0.642119586    
  0.642119586      0.578875422    
  0.578875422      0.786979377    
  0.786979377       2.10835338E-02
   2.10835338E-02  0.739924550    
  0.739924550      0.504951417    
  0.504951417      0.175387621    
  0.175387621      0.447147012    
  0.447147012      0.679705620    
  0.679705620      0.707816839    
  0.707816839      0.303593338    
  0.303593338      0.913005888    
  0.913005888      0.814130783    
  0.814130783      0.568578899    
  0.568578899      0.409478545    
  0.409478545      0.991686583    
  0.991686583      0.246573329    
  0.246573329      0.716769397    
  0.716769397      0.943392277    
  0.943392277      0.125757575    
  0.125757575      0.327917218    
  0.327917218      0.686365664    
  0.686365664      0.318728626    
  0.318728626      0.450438797    
  0.450438797      0.411626101    
  0.411626101      0.358144283    
  0.358144283      0.802380681    
  0.802380681      0.843723238    
  0.843723238       7.01233149E-02
   7.01233149E-02  0.649354994    
  0.649354994      0.124992669    
  0.124992669      0.929379702    
  0.929379702      0.610336483    
  0.610336483       2.64949799E-02
   2.64949799E-02   7.86028504E-02
   7.86028504E-02  0.619414091    
  0.619414091      0.982728660    
  0.982728660      0.176773190    
  0.176773190      0.505711257    
  0.505711257      0.543560684    
  0.543560684      0.579932094    
  0.579932094      0.116767406    
  0.116767406      0.238037825    
  0.238037825      0.109084129    
  0.109084129      0.651370525    
  0.651370525      0.475598931    
  0.475598931      0.658208430    
  0.658208430      0.353941202    
  0.353941202      0.634751558    
  0.634751558      0.455093920    
  0.455093920      0.529479384    
  0.529479384      0.240293086    
  0.240293086      0.446678400    
  0.446678400      0.618776381    
  0.618776381      0.278435707    
  0.278435707      0.481519222    
  0.481519222      0.792654097    
  0.792654097      0.441330135    
  0.441330135      0.291740000    
  0.291740000      0.357096314    
  0.357096314      0.460671306    
  0.460671306      0.687267661    
  0.687267661       4.41536307E-02
   4.41536307E-02  0.147946894    
  0.147946894       3.73429060E-03
   3.73429060E-03   5.25187254E-02
   5.25187254E-02  0.832028568    
  0.832028568      0.673058867    
  0.673058867      0.726643503    
  0.726643503      0.994874954    
  0.994874954      0.182781339    
  0.182781339      0.947394609    
  0.947394609      0.757204592    
  0.757204592      0.896713853    
  0.896713853      0.580251038    
  0.580251038      0.154191673    
  0.154191673      0.918567836    
  0.918567836      0.546869636    
  0.546869636      0.691694796    
  0.691694796       4.92048264E-03
   4.92048264E-03  0.816778302    
  0.816778302      0.581867456    
  0.581867456      0.591352940    
  0.591352940      0.405852079    
  0.405852079      0.392844796    
  0.392844796      0.573283970    
  0.573283970      0.490614772    
  0.490614772      0.371375382    
  0.371375382       3.82196307E-02
   3.82196307E-02  0.947923064    
  0.947923064      0.349872053    
  0.349872053      0.643774331    
  0.643774331       3.06280255E-02
   3.06280255E-02  0.111210465    
  0.111210465      0.360590219    
  0.360590219      0.877887785    
  0.877887785      0.577913582    
  0.577913582      0.263111413    
  0.263111413      0.481280625    
  0.481280625       5.78364730E-02
   5.78364730E-02  0.451904833    
  0.451904833      0.222087860    
  0.222087860      0.997120142    
  0.997120142      0.889668167    
  0.889668167      0.906966448    
  0.906966448      0.490092695    
  0.490092695       7.73080587E-02
   7.73080587E-02   7.32254982E-03
   7.32254982E-03  0.932509065    
  0.932509065       5.87707162E-02
   5.87707162E-02  0.723840892    
  0.723840892      0.561609030    
  0.561609030      0.337667286    
  0.337667286      0.700869977    
  0.700869977      0.121412277    
  0.121412277       7.25886226E-02
   7.25886226E-02  0.250516891    
  0.250516891      0.184754789    
  0.184754789      0.776787221    
  0.776787221      0.437003076    
  0.437003076      0.476019681    
  0.476019681      0.667837679    
  0.667837679      0.361652672    
  0.361652672      0.556265056    
  0.556265056      0.294342697    
  0.294342697      0.703067005    
  0.703067005      0.526624084    
  0.526624084      0.927672684    
  0.927672684      0.911902964    
  0.911902964       9.62326527E-02
   9.62326527E-02  0.119243920    
  0.119243920      0.256931305    
  0.256931305      0.317291439    
  0.317291439      0.806004047    
  0.806004047       6.29552007E-02
   6.29552007E-02  0.677604198    
  0.677604198      0.802544713    
  0.802544713      0.840233684    
  0.840233684      0.237848401    
  0.237848401      0.273856580    
  0.273856580      0.539764225    
  0.539764225      0.730395496    
  0.730395496      0.229206204    
  0.229206204      0.332982779    
  0.332982779      0.370725334    
  0.370725334      0.460321009    
  0.460321009       2.81386971E-02
   2.81386971E-02  0.858789325    
  0.858789325      0.162982523    
  0.162982523      0.291042805    
  0.291042805      0.570126176    
  0.570126176      0.530303419    
  0.530303419      0.467301071    
  0.467301071      0.561226070    
  0.561226070      0.375167727    
  0.375167727       5.81787229E-02
   5.81787229E-02  0.731722474    
  0.731722474      0.677713633    
  0.677713633      0.388875186    
  0.388875186      0.357940376    
  0.357940376      0.743448079    
  0.743448079      0.172202766    
  0.172202766       1.71747208E-02
   1.71747208E-02  0.344643354    
  0.344643354       8.92372727E-02
   8.92372727E-02  0.691756189    
  0.691756189      0.452337861    
  0.452337861      0.937252939    
  0.937252939      0.587782264    
  0.587782264      0.142194808    
  0.142194808      0.813853025    
  0.813853025      0.409127474    
  0.409127474      0.377871692    
  0.377871692      0.769424677    
  0.769424677      0.204262257    
  0.204262257      0.311389387    
  0.311389387      0.399120510    
  0.399120510      0.224600136    
  0.224600136      0.364009380    
  0.364009380      0.872685492    
  0.872685492      0.937187374    
  0.937187374      0.622243404    
  0.622243404      0.798779607    
  0.798779607      0.342133820    
  0.342133820      0.803726554    
  0.803726554      0.342925489    
  0.342925489       2.26147771E-02
   2.26147771E-02  0.250035465    
  0.250035465      0.601370871    
  0.601370871       2.08511353E-02
   2.08511353E-02  0.103557825    
  0.103557825       5.15699387E-03
   5.15699387E-03  0.315161049    
  0.315161049      0.950179338    
  0.950179338      0.957570374    
  0.957570374      0.561991096    
  0.561991096      0.493450522    
  0.493450522      0.563794255    
  0.563794255      0.400589287    
  0.400589287      0.689062357    
  0.689062357      0.852294445    
  0.852294445      0.649581671    
  0.649581671      0.319113255    
  0.319113255      0.833635926    
  0.833635926      0.676420331    
  0.676420331      0.422065794    
  0.422065794      0.329562068    
  0.329562068      0.377289355    
  0.377289355       5.92979193E-02
   5.92979193E-02   9.01883841E-03
   9.01883841E-03   2.27326751E-02
   2.27326751E-02  0.144384563    
  0.144384563      0.476994753    
  0.476994753       6.71220422E-02
   6.71220422E-02  0.325749457    
  0.325749457      0.182105005    
  0.182105005      0.415783942    
  0.415783942       7.37149715E-02
   7.37149715E-02  0.670459330    
  0.670459330      0.806936443    
  0.806936443      0.622862577    
  0.622862577      0.184548855    
  0.184548855      0.558416367    
  0.558416367      0.254810274    
  0.254810274      0.897891819    
  0.897891819      0.979557395    
  0.979557395      0.734402895    
  0.734402895      0.450427830    
  0.450427830      0.222538948    
  0.222538948      0.727778077    
  0.727778077      0.723649621    
  0.723649621      0.867574692    
  0.867574692      0.309745312    
  0.309745312      0.886224031    
  0.886224031      0.727219582    
  0.727219582      0.116234362    
  0.116234362      0.614705622    
  0.614705622      0.809704542    
  0.809704542      0.145986855    
  0.145986855      0.440842748    
  0.440842748      0.384016633    
  0.384016633      0.856583416    
  0.856583416      0.608417809    
  0.608417809      0.955202758    
  0.955202758      0.729417086    
  0.729417086       6.56569004E-03
   6.56569004E-03  0.931942999    
  0.931942999      0.246858239    
  0.246858239      0.515227675    
  0.515227675      0.353360593    
  0.353360593      0.276439071    
  0.276439071      0.131081283    
  0.131081283      0.681596756    
  0.681596756      0.148232758    
  0.148232758      0.674365222    
  0.674365222      0.920673370    
  0.920673370      0.217721105    
  0.217721105      0.992489755    
  0.992489755      0.617834032    
  0.617834032      0.943162739    
  0.943162739      0.581522524    
  0.581522524      0.485928833    
  0.485928833       4.85627055E-02
   4.85627055E-02  0.727471471    
  0.727471471      0.350049675    
  0.350049675      0.266638577    
  0.266638577       7.82461762E-02
   7.82461762E-02  0.761446774    
  0.761446774      0.514323235    
  0.514323235      0.143238902    
  0.143238902      0.896228433    
  0.896228433       4.04143333E-02
   4.04143333E-02  0.109301090    
  0.109301090       8.41385126E-03
   8.41385126E-03  0.697895646    
  0.697895646      0.165844202    
  0.165844202      0.394535244    
  0.394535244      0.897161782    
  0.897161782      0.285465181    
  0.285465181      0.957346261    
  0.957346261      0.993131518    
  0.993131518      0.568024576    
  0.568024576      0.952183962    
  0.952183962      0.776311219    
  0.776311219      0.678572476    
  0.678572476      0.162785769    
  0.162785769      0.721158385    
  0.721158385      0.279419661    
  0.279419661       9.68861580E-03
   9.68861580E-03  0.276327789    
  0.276327789      0.608070910    
  0.608070910      0.441629827    
  0.441629827      0.326599479    
  0.326599479      0.774261832    
  0.774261832      0.555338919    
  0.555338919      0.293188632    
  0.293188632      0.253565192    
  0.253565192      0.128736198    
  0.128736198      0.863482177    
  0.863482177      0.919109404    
  0.919109404       8.93757343E-02
   8.93757343E-02  0.738089979    
  0.738089979      0.204401731    
  0.204401731      0.907263935    
  0.907263935      0.624164939    
  0.624164939      0.992664516    
  0.992664516      0.693204284    
  0.693204284      0.680362105    
  0.680362105      0.306315184    
  0.306315184      0.260001361    
  0.260001361      0.799033046    
  0.799033046      0.975141406    
  0.975141406      0.504568517    
  0.504568517      0.612998068    
  0.612998068      0.132374585    
  0.132374585       2.70887017E-02
   2.70887017E-02  0.850294232    
  0.850294232      0.923686743    
  0.923686743      0.762289643    
  0.762289643      0.968623281    
  0.968623281      0.286443651    
  0.286443651       1.33411288E-02
   1.33411288E-02  0.824071884    
  0.824071884       3.24237347E-02
   3.24237347E-02  0.513474286    
  0.513474286      0.370937347    
  0.370937347       6.64758682E-03
   6.64758682E-03  0.664681494    
  0.664681494      0.312031209    
  0.312031209      0.642346621    
  0.642346621      0.970583081    
  0.970583081      0.423088670    
  0.423088670      0.123271585    
  0.123271585      0.928437352    
  0.928437352      0.611172259    
  0.611172259       3.07362080E-02
   3.07362080E-02  0.404554784    
  0.404554784       2.08081603E-02
   2.08081603E-02  0.603465676    
  0.603465676      0.736386836    
  0.736386836      0.265087545    
  0.265087545      0.632884502    
  0.632884502      0.881668389    
  0.881668389      0.170590162    
  0.170590162      0.886658847    
  0.886658847      0.848940551    
  0.848940551      0.654419065    
  0.654419065      0.983005285    
  0.983005285      0.387450218    
  0.387450218      0.688005209    
  0.688005209      0.387411594    
  0.387411594      0.669312477    
  0.669312477      0.756765842    
  0.756765842      0.367899120    
  0.367899120      0.137900114    
  0.137900114      0.471305013    
  0.471305013      0.500523269    
  0.500523269      0.812828958    
  0.812828958      0.395609915    
  0.395609915      0.190625608    
  0.190625608      0.314064384    
  0.314064384      0.471531153    
  0.471531153      0.558500588    
  0.558500588      0.833427668    
  0.833427668      0.646015823    
  0.646015823      0.628390431    
  0.628390431      0.477624893    
  0.477624893      0.906344235    
  0.906344235      0.938411236    
  0.938411236      0.218037307    
  0.218037307      0.254041851    
  0.254041851      0.754677653    
  0.754677653      0.940078676    
  0.940078676      0.710611463    
  0.710611463       1.96783543E-02
   1.96783543E-02  0.223419845    
  0.223419845      0.772465706    
  0.772465706      0.371588647    
  0.371588647      0.694943905    
  0.694943905      0.128589153    
  0.128589153      0.958280146    
  0.958280146      0.367362082    
  0.367362082      0.987119913    
  0.987119913      0.842949986    
  0.842949986      0.562085271    
  0.562085271      0.556191325    
  0.556191325      0.493766606    
  0.493766606      0.595027864    
  0.595027864      0.998062372    
  0.998062372      0.296203136    
  0.296203136      0.333653986    
  0.333653986      0.498320460    
  0.498320460      0.834875822    
  0.834875822      0.721967459    
  0.721967459      0.926336229    
  0.926336229      0.814417958    
  0.814417958      0.762703538    
  0.762703538      0.218202353    
  0.218202353      0.373860776    
  0.373860776      0.509083688    
  0.509083688      0.543514490    
  0.543514490      0.720303178    
  0.720303178      0.452092946    
  0.452092946      0.594608307    
  0.594608307      0.863990664    
  0.863990664      0.980349958    
  0.980349958      0.675364196    
  0.675364196      0.790514529    
  0.790514529      0.234261513    
  0.234261513      0.457557917    
  0.457557917      0.762948632    
  0.762948632      0.750399053    
  0.750399053      0.276509702    
  0.276509702      0.837892413    
  0.837892413      0.678589523    
  0.678589523      0.833869338    
  0.833869338      0.400455177    
  0.400455177       7.58890510E-02
   7.58890510E-02  0.572802007    
  0.572802007      0.839813292    
  0.839813292      0.342346251    
  0.342346251      0.943149686    
  0.943149686      0.409116209    
  0.409116209      0.372608006    
  0.372608006      0.581431150    
  0.581431150      0.906827688    
  0.906827688      0.485277891    
  0.485277891      0.366935611    
  0.366935611      0.455513120    
  0.455513120      0.349780500    
  0.349780500       5.39048314E-02
   5.39048314E-02  0.166879833    
  0.166879833      0.171898484    
  0.171898484      0.716927111    
  0.716927111      0.137871206    
  0.137871206      0.546842039    
  0.546842039      0.948267102    
  0.948267102      0.600908160    
  0.600908160      0.974735737    
  0.974735737      0.684720218    
  0.684720218      0.858024001    
  0.858024001      0.947069168    
  0.947069168      0.156612039    
  0.156612039      0.741636992    
  0.741636992      0.234846592    
  0.234846592       3.56532335E-02
   3.56532335E-02  0.602989018    
  0.602989018      0.722833753    
  0.722833753      0.917398453    
  0.917398453      0.796186328    
  0.796186328      0.224123776    
  0.224123776      0.333985209    
  0.333985209       8.91518593E-02
   8.91518593E-02  0.655773818    
  0.655773818      0.339373708    
  0.339373708      0.543848336    
  0.543848336      0.993264198    
  0.993264198      0.481304348    
  0.481304348      0.751659751    
  0.751659751      0.564379036    
  0.564379036      0.509512007    
  0.509512007      0.105539680    
  0.105539680      0.208454847    
  0.208454847      0.489936709    
  0.489936709       8.01351666E-02
   8.01351666E-02  0.432587564    
  0.432587564      0.266894460    
  0.266894460      0.575178266    
  0.575178266      0.474132776    
  0.474132776      0.548928082    
  0.548928082      0.356132627    
  0.356132627      0.477913797    
  0.477913797      0.111599863    
  0.111599863      0.294903696    
  0.294903696      0.859852970    
  0.859852970      0.925259173    
  0.925259173      0.166645646    
  0.166645646      0.263524294    
  0.263524294      0.542236805    
  0.542236805      0.455702066    
  0.455702066       6.59539104E-02
   6.59539104E-02  0.743292809    
  0.743292809      0.326864481    
  0.326864481       3.96389365E-02
   3.96389365E-02  0.529612064    
  0.529612064      0.380790710    
  0.380790710      0.160493493    
  0.160493493      0.333614469    
  0.333614469      0.140501082    
  0.140501082      0.985733211    
  0.985733211      0.817174375    
  0.817174375      0.197032809    
  0.197032809      0.383724451    
  0.383724451      0.807664633    
  0.807664633      0.439239323    
  0.439239323      0.403310835    
  0.403310835      0.323570073    
  0.323570073      0.826920390    
  0.826920390       4.62183356E-02
   4.62183356E-02  0.517993450    
  0.517993450      0.985117733    
  0.985117733       8.67164731E-02
   8.67164731E-02  0.917235553    
  0.917235553      0.243111014    
  0.243111014      0.189988315    
  0.189988315      0.351305902    
  0.351305902      0.600229323    
  0.600229323      0.433336139    
  0.433336139      0.178360939    
  0.178360939      0.378163040    
  0.378163040      0.657748640    
  0.657748640      0.974028409    
  0.974028409      0.406732261    
  0.406732261      0.557177067    
  0.557177067      0.673807085    
  0.673807085      0.788659394    
  0.788659394       6.17790818E-02
   6.17790818E-02  0.391337991    
  0.391337991      0.444765747    
  0.444765747       5.28943539E-03
   5.28943539E-03  0.914285600    
  0.914285600      0.603482127    
  0.603482127      0.646121562    
  0.646121562       7.32742548E-02
   7.32742548E-02  0.328502834    
  0.328502834      0.747012258    
  0.747012258      0.670915365    
  0.670915365      0.959890783    
  0.959890783      0.671614826    
  0.671614826      0.529381156    
  0.529381156      0.680110693    
  0.680110693      0.655642688    
  0.655642688      0.432233036    
  0.432233036      0.145799577    
  0.145799577      0.584666252    
  0.584666252       6.99775219E-02
   6.99775219E-02   8.03194642E-02
   8.03194642E-02  0.548042476    
  0.548042476      0.288856328    
  0.288856328      0.408907413    
  0.408907413      0.353231251    
  0.353231251      0.365007281    
  0.365007281      0.337367713    
  0.337367713      0.619115055    
  0.619115055      0.436346591    
  0.436346591      0.586607456    
  0.586607456      0.531483054    
  0.531483054      0.885606289    
  0.885606289       8.38310719E-02
   8.38310719E-02   3.96637321E-02
   3.96637321E-02  0.640864730    
  0.640864730      0.708560824    
  0.708560824      0.729659259    
  0.729659259      0.586444616    
  0.586444616      0.298235357    
  0.298235357      0.286580622    
  0.286580622      0.752081513    
  0.752081513      0.685488343    
  0.685488343       3.84879708E-02
   3.84879708E-02  0.810348034    
  0.810348034      0.797721267    
  0.797721267      0.345172167    
  0.345172167      0.982040882    
  0.982040882      0.188890696    
  0.188890696      0.446861804    
  0.446861804      0.922915280    
  0.922915280      0.640160501    
  0.640160501      0.356508553    
  0.356508553       8.94758701E-02
   8.94758701E-02  0.684153676    
  0.684153676      0.905058563    
  0.905058563      0.616839170    
  0.616839170      0.875270009    
  0.875270009      0.654954731    
  0.654954731       9.29606557E-02
   9.29606557E-02  0.502385259    
  0.502385259      0.613570333    
  0.613570333      0.547427475    
  0.547427475      0.390928149    
  0.390928149      0.300765038    
  0.300765038      0.480538189    
  0.480538189      0.532342017    
  0.532342017      0.578350604    
  0.578350604      0.608499825    
  0.608499825      0.140187681    
  0.140187681      0.834725320    
  0.834725320      0.633648992    
  0.633648992      0.464708030    
  0.464708030      0.573307693    
  0.573307693      0.118773639    
  0.118773639      0.809113801    
  0.809113801       8.85513425E-02
   8.85513425E-02  0.724353552    
  0.724353552      0.342792511    
  0.342792511      0.754840076    
  0.754840076      0.563949943    
  0.563949943      0.465202451    
  0.465202451      0.836432338    
  0.836432338      0.627068460    
  0.627068460       6.81349635E-02
   6.81349635E-02  0.388317943    
  0.388317943       3.29410434E-02
   3.29410434E-02  0.118890941    
  0.118890941      0.281428158    
  0.281428158      0.442982733    
  0.442982733      0.292597830    
  0.292597830      0.203136206    
  0.203136206      0.730396509    
  0.730396509      0.387377918    
  0.387377918       8.46877098E-02
   8.46877098E-02  0.750687063    
  0.750687063      0.191819549    
  0.191819549       1.78921819E-02
   1.78921819E-02  0.338120162    
  0.338120162      0.182900131    
  0.182900131      0.676357150    
  0.676357150      0.572095156    
  0.572095156      0.850601852    
  0.850601852      0.614762664    
  0.614762664      0.969708323    
  0.969708323      0.268852234    
  0.268852234      0.560202777    
  0.560202777       1.85614824E-02
   1.85614824E-02  0.503384411    
  0.503384411      0.428348482    
  0.428348482      0.865889549    
  0.865889549      0.575387537    
  0.575387537      0.694648802    
  0.694648802      0.889871597    
  0.889871597      0.574863851    
  0.574863851      0.917181373    
  0.917181373      0.516578197    
  0.516578197      0.398434639    
  0.398434639      0.298965752    
  0.298965752      0.839412391    
  0.839412391      0.349198639    
  0.349198639      0.422905624    
  0.422905624      0.834960341    
  0.834960341      0.436511695    
  0.436511695      0.706209719    
  0.706209719      0.558617890    
  0.558617890      0.667511702    
  0.667511702      0.818715751    
  0.818715751      0.254867554    
  0.254867554      0.722510695    
  0.722510695      0.225213110    
  0.225213110      0.714764178    
  0.714764178      0.918024480    
  0.918024480      0.196370721    
  0.196370721      0.347403467    
  0.347403467      0.575747073    
  0.575747073      0.237064242    
  0.237064242      0.945079923    
  0.945079923      0.408186257    
  0.408186257      0.865462899    
  0.865462899       8.29021335E-02
   8.29021335E-02  0.614660978    
  0.614660978      0.773110449    
  0.773110449      0.822785139    
  0.822785139      0.902006805    
  0.902006805      0.919890523    
  0.919890523      0.314263046    
  0.314263046       6.86829686E-02
   6.86829686E-02  0.458020568    
  0.458020568      0.968780696    
  0.968780696      0.635036588    
  0.635036588      0.331502616    
  0.331502616      0.273627162    
  0.273627162      0.204475224    
  0.204475224      0.346091509    
  0.346091509      0.182520986    
  0.182520986      0.262794197    
  0.262794197      0.366189599    
  0.366189599      0.914939225    
  0.914939225      0.706754088    
  0.706754088      0.748719335    
  0.748719335      0.357731462    
  0.357731462      0.665157557    
  0.665157557      0.214136899    
  0.214136899      0.649550617    
  0.649550617      0.477781892    
  0.477781892      0.997703791    
  0.997703791      0.722345531    
  0.722345531      0.837814569    
  0.837814569      0.910012662    
  0.910012662      0.781875789    
  0.781875789      0.320247233    
  0.320247233      0.475576580    
  0.475576580       3.35263014E-02
   3.35263014E-02  0.717807114    
  0.717807114      0.254772305    
  0.254772305      0.272458732    
  0.272458732      0.770710588    
  0.770710588      0.832958698    
  0.832958698      0.379822612    
  0.379822612      0.245338142    
  0.245338142      0.698639154    
  0.698639154       4.48404551E-02
   4.48404551E-02  0.792555273    
  0.792555273      0.283022285    
  0.283022285      0.425381601    
  0.425381601      0.405066192    
  0.405066192      0.672998071    
  0.672998071      0.184095740    
  0.184095740      0.636562109    
  0.636562109      0.120132267    
  0.120132267       8.57650638E-02
   8.57650638E-02  0.224530995    
  0.224530995      0.802453041    
  0.802453041      0.711914778    
  0.711914778      0.411215842    
  0.411215842      0.990144551    
  0.990144551      0.811570168    
  0.811570168       5.48070669E-03
   5.48070669E-03  0.426933169    
  0.426933169      0.672243297    
  0.672243297      0.309230030    
  0.309230030      0.826327622    
  0.826327622      0.658270836    
  0.658270836      0.489931762    
  0.489931762      0.434511602    
  0.434511602      0.566106617    
  0.566106617      0.965883017    
  0.965883017      0.590342581    
  0.590342581       9.21908021E-02
   9.21908021E-02  0.174736023    
  0.174736023      0.295406818    
  0.295406818      0.180439472    
  0.180439472      0.563865900    
  0.563865900      0.773697078    
  0.773697078      0.103586137    
  0.103586137      0.266094804    
  0.266094804      0.599731803    
  0.599731803       9.96726751E-03
   9.96726751E-03  0.248584509    
  0.248584509      0.643545926    
  0.643545926      0.618469000    
  0.618469000      0.805509984    
  0.805509984      0.795941710    
  0.795941710      0.834208727    
  0.834208727      0.711646140    
  0.711646140      0.918761373    
  0.918761373      0.111406982    
  0.111406982      0.932038665    
  0.932038665       2.11812258E-02
   2.11812258E-02  0.151281476    
  0.151281476      0.424379468    
  0.424379468       1.56751871E-02
   1.56751871E-02  0.309616446    
  0.309616446       6.23023510E-02
   6.23023510E-02  0.240819156    
  0.240819156      0.885581315    
  0.885581315      0.496543586    
  0.496543586      0.411404252    
  0.411404252      0.460056603    
  0.460056603      0.303870559    
  0.303870559      0.586537778    
  0.586537778      0.534584105    
  0.534584105      0.441355169    
  0.441355169      0.257318020    
  0.257318020      0.174850285    
  0.174850285      0.841116786    
  0.841116786      0.368557155    
  0.368557155      0.393064618    
  0.393064618      0.413238108    
  0.413238108      0.491419196    
  0.491419196      0.914748132    
  0.914748132      0.267132223    
  0.267132223      0.400909424    
  0.400909424      0.293914795    
  0.293914795      0.595037460    
  0.595037460      0.722005606    
  0.722005606       2.74307132E-02
   2.74307132E-02  0.256137669    
  0.256137669      0.789580107    
  0.789580107      0.789371192    
  0.789371192      0.796354055    
  0.796354055      0.479585350    
  0.479585350      0.847313166    
  0.847313166      0.346373379    
  0.346373379      0.169525921    
  0.169525921      0.741624475    
  0.741624475      0.368835866    
  0.368835866      0.771327198    
  0.771327198      0.602079690    
  0.602079690      0.640188813    
  0.640188813      0.273294508    
  0.273294508      0.137788534    
  0.137788534      0.436339557    
  0.436339557      0.452393234    
  0.452393234      0.575944006    
  0.575944006      0.386207640    
  0.386207640      0.831797481    
  0.831797481      0.410648108    
  0.410648108       8.40540528E-02
   8.40540528E-02  0.291254163    
  0.291254163       7.64272213E-02
   7.64272213E-02   3.37151289E-02
   3.37151289E-02  0.935731232    
  0.935731232      0.224352121    
  0.224352121      0.897396445    
  0.897396445       6.31052852E-02
   6.31052852E-02  0.344683170    
  0.344683170      0.866299272    
  0.866299272      0.696905732    
  0.696905732      0.545661747    
  0.545661747      0.621755004    
  0.621755004      0.100857735    
  0.100857735      0.222660899    
  0.222660899      0.528159797    
  0.528159797      0.698810518    
  0.698810518      0.963262558    
  0.963262558      0.709395647    
  0.709395647      0.899306595    
  0.899306595      0.313970029    
  0.313970029      0.174088418    
  0.174088418      0.457389593    
  0.457389593      0.478481889    
  0.478481889      0.448180616    
  0.448180616      0.534492731    
  0.534492731      0.962058663    
  0.962058663      0.317274332    
  0.317274332      0.879320979    
  0.879320979      0.864305377    
  0.864305377      0.465005279    
  0.465005279       6.57963157E-02
   6.57963157E-02  0.166818023    
  0.166818023      0.157224655    
  0.157224655      0.496781051    
  0.496781051      0.502844870    
  0.502844870      0.882212102    
  0.882212102      0.948561966    
  0.948561966      0.635722756    
  0.635722756      0.257126153    
  0.257126153      0.991760492    
  0.991760492      0.796341836    
  0.796341836      0.502284467    
  0.502284467      0.902360797    
  0.902360797      0.638991594    
  0.638991594      0.768996000    
  0.768996000      0.615020633    
  0.615020633      0.848816872    
  0.848816872      0.697110772    
  0.697110772      0.407697976    
  0.407697976      0.918315887    
  0.918315887      0.646586120    
  0.646586120      0.146832705    
  0.146832705      0.946839929    
  0.946839929      0.416273654    
  0.416273654      0.625618756    
  0.625618756      0.311480880    
  0.311480880       4.76608872E-02
   4.76608872E-02  0.135533333    
  0.135533333      0.884872675    
  0.884872675      0.333832145    
  0.333832145      0.291361868    
  0.291361868      0.318513393    
  0.318513393      0.628731370    
  0.628731370      0.482561707    
  0.482561707      0.798565149    
  0.798565149      0.617087603    
  0.617087603      0.129561305    
  0.129561305      0.322575808    
  0.322575808      0.210927129    
  0.210927129      0.178394139    
  0.178394139      0.638084590    
  0.638084590      0.495025992    
  0.495025992      0.652286172    
  0.652286172      0.371386528    
  0.371386528      0.288944125    
  0.288944125       8.08054805E-02
   8.08054805E-02  0.418157876    
  0.418157876      0.403244317    
  0.403244317      0.206412137    
  0.206412137      0.839278042    
  0.839278042      0.270700395    
  0.270700395      0.925582707    
  0.925582707      0.329367161    
  0.329367161      0.125164449    
  0.125164449      0.305391490    
  0.305391490      0.965079308    
  0.965079308      0.325486362    
  0.325486362      0.288731992    
  0.288731992      0.289861381    
  0.289861381      0.736213088    
  0.736213088      0.938815117    
  0.938815117      0.235509396    
  0.235509396      0.608649552    
  0.608649552      0.957955539    
  0.957955539      0.502945960    
  0.502945960      0.446773767    
  0.446773767      0.466852427    
  0.466852427      0.532660663    
  0.532660663      0.400847971    
  0.400847971      0.280886412    
  0.280886412      0.130626678    
  0.130626678      0.454691827    
  0.454691827      0.701741576    
  0.701741576      0.192449033    
  0.192449033       3.17867398E-02
   3.17867398E-02  0.173750579    
  0.173750579      0.652872384    
  0.652872384      0.619516850    
  0.619516850      0.226051927    
  0.226051927      0.226873159    
  0.226873159      0.159682691    
  0.159682691      0.737744331    
  0.737744331      0.628920376    
  0.628920376      0.882678151    
  0.882678151      0.935365617    
  0.935365617      0.227877676    
  0.227877676       6.56690598E-02
   6.56690598E-02  0.160539567    
  0.160539567       8.14424157E-02
   8.14424157E-02  0.667359293    
  0.667359293      0.485990822    
  0.485990822      0.313715935    
  0.313715935      0.742608607    
  0.742608607      0.580295682    
  0.580295682      0.831768036    
  0.831768036      0.931869447    
  0.931869447      0.777922928    
  0.777922928      0.926250577    
  0.926250577      0.115752816    
  0.115752816      0.210171342    
  0.210171342       8.72513056E-02
   8.72513056E-02  0.581698716    
  0.581698716      0.551775932    
  0.551775932      0.240208268    
  0.240208268      0.317345977    
  0.317345977      0.352894604    
  0.352894604      0.743400872    
  0.743400872      0.988408148    
  0.988408148      0.469267666    
  0.469267666      0.423576951    
  0.423576951      0.994626284    
  0.994626284       3.79776955E-02
   3.79776955E-02  0.812466323    
  0.812466323      0.258993626    
  0.258993626      0.381768167    
  0.381768167       8.76390338E-02
   8.76390338E-02  0.507532060    
  0.507532060      0.563008249    
  0.563008249      0.843895197    
  0.843895197      0.839430571    
  0.839430571      0.618914545    
  0.618914545      0.929163277    
  0.929163277       5.09231091E-02
   5.09231091E-02  0.435986519    
  0.435986519      0.941093683    
  0.941093683      0.389549077    
  0.389549077      0.409943700    
  0.409943700      0.519953549    
  0.519953549      0.622247577    
  0.622247577      0.791376889    
  0.791376889      0.809122324    
  0.809122324      0.208349705    
  0.208349705      0.287431359    
  0.287431359      0.647880554    
  0.647880554      0.754092336    
  0.754092336      0.893492401    
  0.893492401      0.638141155    
  0.638141155      0.841406882    
  0.841406882      0.641279876    
  0.641279876       9.71271396E-02
   9.71271396E-02  0.738225281    
  0.738225281      0.404420614    
  0.404420614      0.107324064    
  0.107324064      0.768015325    
  0.768015325      0.543583870    
  0.543583870      0.822865903    
  0.822865903      0.749123454    
  0.749123454      0.245214105    
  0.245214105      0.338661075    
  0.338661075       6.32025599E-02
   6.32025599E-02  0.278660834    
  0.278660834      0.749976754    
  0.749976754      0.940813363    
  0.940813363      0.413136005    
  0.413136005      0.141649902    
  0.141649902      0.338298082    
  0.338298082      0.664709628    
  0.664709628      0.851706266    
  0.851706266      0.656345785    
  0.656345785      0.549792290    
  0.549792290       6.10977411E-03
   6.10977411E-03  0.477875531    
  0.477875531      0.280041635    
  0.280041635      0.410169005    
  0.410169005      0.565600872    
  0.565600872      0.153913081    
  0.153913081      0.194822371    
  0.194822371      0.188841164    
  0.188841164      0.427471399    
  0.427471399       7.81766176E-02
   7.81766176E-02  0.401412785    
  0.401412785      0.844043136    
  0.844043136       8.55248570E-02
   8.55248570E-02  0.363884807    
  0.363884807      0.962925434    
  0.962925434      0.772413731    
  0.772413731       6.74359798E-02
   6.74359798E-02   6.40118718E-02
   6.40118718E-02  0.104502261    
  0.104502261      0.920426309    
  0.920426309       1.21864676E-02
   1.21864676E-02  0.359289527    
  0.359289527      0.802489460    
  0.802489460      0.114593148    
  0.114593148      0.463876605    
  0.463876605      0.650549471    
  0.650549471      0.109563231    
  0.109563231      0.955777884    
  0.955777884      0.311782062    
  0.311782062      0.998113573    
  0.998113573      0.411762297    
  0.411762297      0.186396599    
  0.186396599      0.133406699    
  0.133406699      0.518477738    
  0.518477738       9.78826880E-02
   9.78826880E-02  0.147639453    
  0.147639453      0.926031768    
  0.926031768      0.778427839    
  0.778427839      0.202810526    
  0.202810526      0.290904284    
  0.290904284       1.50862336E-02
   1.50862336E-02  0.153047442    
  0.153047442      0.766069412    
  0.766069412      0.259524405    
  0.259524405       7.15696812E-03
   7.15696812E-03  0.901103497    
  0.901103497      0.418445766    
  0.418445766      0.807933867    
  0.807933867      0.223671675    
  0.223671675      0.792338431    
  0.792338431      0.283603191    
  0.283603191      0.189456940    
  0.189456940      0.416819513    
  0.416819513      0.515499711    
  0.515499711      0.487174273    
  0.487174273      0.214913487    
  0.214913487      0.741476953    
  0.741476953       1.25732422E-02
   1.25732422E-02  0.726088524    
  0.726088524      0.181649566    
  0.181649566      0.156879425    
  0.156879425      0.679288507    
  0.679288507      0.847805679    
  0.847805679      0.220820308    
  0.220820308      0.196867764    
  0.196867764      0.325429559    
  0.325429559      0.752701223    
  0.752701223       4.65759039E-02
   4.65759039E-02  0.242197573    
  0.242197573      0.847651064    
  0.847651064      0.839609623    
  0.839609623      0.209796488    
  0.209796488      0.293637693    
  0.293637693      0.225360751    
  0.225360751      0.882507324    
  0.882507324      0.834957600    
  0.834957600      0.339911342    
  0.339911342      0.960489929    
  0.960489929      0.840049207    
  0.840049207      0.139880002    
  0.139880002      0.567729831    
  0.567729831      0.551437020    
  0.551437020      0.245005488    
  0.245005488      0.817343593    
  0.817343593      0.540179968    
  0.540179968      0.951227307    
  0.951227307      0.816613853    
  0.816613853      0.348834872    
  0.348834872      0.857401073    
  0.857401073      0.469632506    
  0.469632506      0.482758224    
  0.482758224      0.220162690    
  0.220162690      0.972337544    
  0.972337544      0.908290625    
  0.908290625      0.104967892    
  0.104967892      0.530063152    
  0.530063152      0.946368098    
  0.946368098      0.391794920    
  0.391794920      0.962110639    
  0.962110639      0.398261547    
  0.398261547       7.45209455E-02
   7.45209455E-02  0.503781378    
  0.503781378      0.818433166    
  0.818433166       9.39406753E-02
   9.39406753E-02   9.89851952E-02
   9.89851952E-02  0.271874785    
  0.271874785      0.906167150    
  0.906167150      0.647466242    
  0.647466242       1.10097528E-02
   1.10097528E-02   2.06539035E-02
   2.06539035E-02  0.318299830    
  0.318299830      0.828316748    
  0.828316748      0.960980058    
  0.960980058      0.804188073    
  0.804188073      0.776030123    
  0.776030123      0.227059364    
  0.227059364      0.169152796    
  0.169152796      0.166823328    
  0.166823328      0.851332963    
  0.851332963      0.730091333    
  0.730091333      0.337380528    
  0.337380528       5.34489155E-02
   5.34489155E-02  0.892525256    
  0.892525256      0.659331739    
  0.659331739      0.686087310    
  0.686087310      0.387264252    
  0.387264252      0.525607228    
  0.525607228      0.169875562    
  0.169875562      0.871237457    
  0.871237457      0.713224888    
  0.713224888      0.665784240    
  0.665784240      0.205045342    
  0.205045342      0.508215427    
  0.508215427      0.752916694    
  0.752916694      0.264498949    
  0.264498949      0.843612492    
  0.843612492      0.195129216    
  0.195129216      0.445155084    
  0.445155084      0.804944754    
  0.804944754       6.73341751E-02
   6.73341751E-02  0.639722109    
  0.639722109       1.15707517E-02
   1.15707517E-02   9.17558670E-02
   9.17558670E-02  0.999946058    
  0.999946058      0.525470734    
  0.525470734      0.624806702    
  0.624806702      0.914983034    
  0.914983034      0.358707607    
  0.358707607       2.44205594E-02
   2.44205594E-02  0.751605868    
  0.751605868      0.992062747    
  0.992062747      0.946286201    
  0.946286201      0.995063305    
  0.995063305      0.507372439    
  0.507372439      0.217204690    
  0.217204690      0.968943775    
  0.968943775      0.468756080    
  0.468756080      0.785721302    
  0.785721302      0.615263522    
  0.615263522      0.559705794    
  0.559705794      0.686017156    
  0.686017156      0.567288339    
  0.567288339      0.661822617    
  0.661822617      0.195830822    
  0.195830822      0.516593099    
  0.516593099      0.607625663    
  0.607625663      0.984602988    
  0.984602988       9.60187912E-02
   9.60187912E-02  0.731561720    
  0.731561720      0.627201557    
  0.627201557      0.889263511    
  0.889263511      0.856504977    
  0.856504977      0.482584357    
  0.482584357      0.945834875    
  0.945834875      0.277029812    
  0.277029812      0.816038609    
  0.816038609      0.985724330    
  0.985724330       9.13029909E-02
   9.13029909E-02  0.187018573    
  0.187018573      0.860365987    
  0.860365987       1.33752823E-04
   1.33752823E-04  0.699242413    
  0.699242413      0.979635179    
  0.979635179      0.300065994    
  0.300065994      0.835713983    
  0.835713983      0.348192632    
  0.348192632      0.399404585    
  0.399404585      0.918540716    
  0.918540716      0.202846646    
  0.202846646       5.35194874E-02
   5.35194874E-02  0.369320571    
  0.369320571      0.145481825    
  0.145481825      0.457747459    
  0.457747459      0.287445009    
  0.287445009      0.317734838    
  0.317734838      0.878584623    
  0.878584623      0.693147540    
  0.693147540      0.109369516    
  0.109369516      0.504021108    
  0.504021108       6.91664219E-03
   6.91664219E-03  0.200643480    
  0.200643480      0.869409323    
  0.869409323      0.278995335    
  0.278995335      0.153662503    
  0.153662503      0.124721050    
  0.124721050      0.418694377    
  0.418694377      0.148175955    
  0.148175955      0.663533032    
  0.663533032      0.989745736    
  0.989745736      0.883916914    
  0.883916914      0.815514863    
  0.815514863      0.295682192    
  0.295682192      0.927074373    
  0.927074373      0.482952356    
  0.482952356      0.434166610    
  0.434166610      0.918365180    
  0.918365180      0.158861935    
  0.158861935      0.426579654    
  0.426579654      0.219173253    
  0.219173253       5.18303514E-02
   5.18303514E-02  0.131437540    
  0.131437540      0.776620924    
  0.776620924      0.887238622    
  0.887238622       7.44060874E-02
   7.44060874E-02  0.209828079    
  0.209828079      0.715817392    
  0.715817392      0.624183714    
  0.624183714      0.500540376    
  0.500540376      0.814485848    
  0.814485848      0.613522351    
  0.613522351      0.583788455    
  0.583788455      0.889118731    
  0.889118731      0.711965621    
  0.711965621       6.01592660E-02
   6.01592660E-02  0.701249957    
  0.701249957      0.967941105    
  0.967941105      0.384861410    
  0.384861410      0.987451196    
  0.987451196      0.853613853    
  0.853613853       1.15507245E-02
   1.15507245E-02  0.620436430    
  0.620436430      0.625412762    
  0.625412762      0.301304102    
  0.301304102      0.941535354    
  0.941535354      0.437660336    
  0.437660336      0.233292401    
  0.233292401      0.426008940    
  0.426008940      0.719737291    
  0.719737291      0.358049095    
  0.358049095      0.437767923    
  0.437767923      0.702452898    
  0.702452898      0.315541327    
  0.315541327      0.705114722    
  0.705114722      0.318728387    
  0.318728387      0.774793744    
  0.774793744      0.142617285    
  0.142617285      0.625553310    
  0.625553310      0.352156699    
  0.352156699      0.504261196    
  0.504261196      0.930220187    
  0.930220187      0.966482878    
  0.966482878      0.616782904    
  0.616782904      0.590840280    
  0.590840280      0.937416434    
  0.937416434      0.938984156    
  0.938984156      0.181182802    
  0.181182802      0.505140066    
  0.505140066      0.775690436    
  0.775690436      0.924566865    
  0.924566865       5.93033433E-02
   5.93033433E-02  0.851064682    
  0.851064682      0.468123794    
  0.468123794      0.382349491    
  0.382349491       3.65142822E-02
   3.65142822E-02  0.850438297    
  0.850438297      0.834369302    
  0.834369302      0.198204279    
  0.198204279       2.23878622E-02
   2.23878622E-02  0.777945757    
  0.777945757      0.738787174    
  0.738787174      0.514578044    
  0.514578044      0.753170371    
  0.753170371      0.459732294    
  0.459732294      0.295811296    
  0.295811296      0.925236046    
  0.925236046      0.391471326    
  0.391471326      0.550576627    
  0.550576627      0.462805510    
  0.462805510      0.775452554    
  0.775452554      0.996419311    
  0.996419311      0.498144269    
  0.498144269      0.531350374    
  0.531350374      0.505927086    
  0.505927086      0.436257184    
  0.436257184      0.158922493    
  0.158922493      0.196899474    
  0.196899474      0.686920762    
  0.686920762      0.833381474    
  0.833381474      0.239017963    
  0.239017963      0.411522150    
  0.411522150      0.126284957    
  0.126284957      0.959098577    
  0.959098577      0.935987294    
  0.935987294      0.503585935    
  0.503585935      0.659019530    
  0.659019530      0.683082402    
  0.683082402       2.77891159E-02
   2.77891159E-02  0.738429606    
  0.738429606      0.230251789    
  0.230251789      0.271071553    
  0.271071553      0.397914112    
  0.397914112      0.227380514    
  0.227380514      0.918315291    
  0.918315291      0.867880285    
  0.867880285      0.374302447    
  0.374302447      0.121715665    
  0.121715665      0.622800350    
  0.622800350       6.43256307E-02
   6.43256307E-02  0.860996723    
  0.860996723      0.718357027    
  0.718357027      0.696882963    
  0.696882963      0.941009402    
  0.941009402      0.580734909    
  0.580734909      0.426153600    
  0.426153600       3.59175205E-02
   3.59175205E-02  0.858856440    
  0.858856440      0.634352922    
  0.634352922      0.227052748    
  0.227052748      0.356964588    
  0.356964588      0.535711706    
  0.535711706      0.185873926    
  0.185873926      0.901659906    
  0.901659906       6.17178679E-02
   6.17178679E-02  0.236728013    
  0.236728013       7.76355863E-02
   7.76355863E-02  0.775276840    
  0.775276840      0.462212145    
  0.462212145       4.87020016E-02
   4.87020016E-02  0.978305221    
  0.978305221      0.688342154    
  0.688342154       9.54924226E-02
   9.54924226E-02  0.901213586    
  0.901213586      0.375888407    
  0.375888407      0.743112445    
  0.743112445      0.366818368    
  0.366818368      0.986562610    
  0.986562610      0.611827672    
  0.611827672      0.124056220    
  0.124056220      0.332618952    
  0.332618952      0.852449894    
  0.852449894      0.249020100    
  0.249020100      0.340850890    
  0.340850890      0.856450081    
  0.856450081      0.316639423    
  0.316639423       7.42816925E-02
   7.42816925E-02  0.540590107    
  0.540590107      0.374543846    
  0.374543846      0.267871857    
  0.267871857       5.14557958E-02
   5.14557958E-02  0.638102889    
  0.638102889      0.377105951    
  0.377105951      0.683218181    
  0.683218181      0.998516798    
  0.998516798      0.593944013    
  0.593944013       7.36563206E-02
   7.36563206E-02   6.53557777E-02
   6.53557777E-02  0.188797593    
  0.188797593      0.442295790    
  0.442295790      0.600750983    
  0.600750983      0.977416039    
  0.977416039      0.122278690    
  0.122278690      0.398169875    
  0.398169875      0.956879675    
  0.956879675       2.20425129E-02
   2.20425129E-02  0.914766133    
  0.914766133      0.743366778    
  0.743366778      0.545193970    
  0.545193970      0.730970919    
  0.730970919      0.419824183    
  0.419824183       2.10215449E-02
   2.10215449E-02  0.315145373    
  0.315145373      0.345492542    
  0.345492542      0.642525554    
  0.642525554      0.161496043    
  0.161496043      0.721073508    
  0.721073508      0.373358071    
  0.373358071      0.632344723    
  0.632344723      0.724727809    
  0.724727809       7.80686736E-02
   7.80686736E-02  0.439469814    
  0.439469814      0.813776553    
  0.813776553      0.547780752    
  0.547780752      0.919545829    
  0.919545829      0.767516136    
  0.767516136      0.697153330    
  0.697153330      0.215749502    
  0.215749502      0.889769793    
  0.889769793      0.538348079    
  0.538348079      0.966835380    
  0.966835380      0.217557728    
  0.217557728      0.316737592    
  0.316737592      0.722945809    
  0.722945809      0.214482188    
  0.214482188      0.476834059    
  0.476834059      0.224970162    
  0.224970162      0.698336005    
  0.698336005      0.993396759    
  0.993396759      0.642264962    
  0.642264962      0.741164088    
  0.741164088      0.908899903    
  0.908899903      0.529508233    
  0.529508233      0.798649669    
  0.798649669      0.867898703    
  0.867898703      0.709532440    
  0.709532440      0.622268856    
  0.622268856      0.895634830    
  0.895634830       1.80256367E-02
   1.80256367E-02  0.872437656    
  0.872437656      0.819104075    
  0.819104075      0.334912360    
  0.334912360      0.228820264    
  0.228820264      0.644649029    
  0.644649029      0.954527676    
  0.954527676      0.309371948    
  0.309371948      0.797607541    
  0.797607541      0.913203061    
  0.913203061      0.492158473    
  0.492158473      0.486993551    
  0.486993551      0.694394469    
  0.694394469      0.363456488    
  0.363456488      0.902778149    
  0.902778149      0.103541255    
  0.103541255       2.43139267E-03
   2.43139267E-03  0.423289120    
  0.423289120      0.374943674    
  0.374943674      0.534485281    
  0.534485281      0.226482630    
  0.226482630      0.839066327    
  0.839066327      0.844771504    
  0.844771504      0.547989130    
  0.547989130      0.969062626    
  0.969062626      0.635658026    
  0.635658026       2.79718041E-02
   2.79718041E-02  0.578760982    
  0.578760982      0.665786922    
  0.665786922      0.562654734    
  0.562654734      0.988642514    
  0.988642514      0.427164733    
  0.427164733      0.516230524    
  0.516230524      0.636768043    
  0.636768043      0.541380048    
  0.541380048      0.572940886    
  0.572940886      0.843691051    
  0.843691051      0.128862858    
  0.128862858      0.872340143    
  0.872340143      0.429399133    
  0.429399133      0.850932240    
  0.850932240      0.521692693    
  0.521692693      0.993431807    
  0.993431807      0.805011749    
  0.805011749      0.201815486    
  0.201815486      0.268108308    
  0.268108308       3.59733105E-02
   3.59733105E-02  0.854473829    
  0.854473829      0.187892973    
  0.187892973      0.579234481    
  0.579234481      0.208627880    
  0.208627880      0.740098774    
  0.740098774      0.745811164    
  0.745811164      0.940148234    
  0.940148234      0.415848851    
  0.415848851      0.806621432    
  0.806621432      0.605292082    
  0.605292082      0.252731621    
  0.252731621       1.91932917E-03
   1.91932917E-03  0.243882060    
  0.243882060      0.996158123    
  0.996158123      0.550242901    
  0.550242901      0.234631836    
  0.234631836      0.936476111    
  0.936476111      0.995954514    
  0.995954514      0.780066133    
  0.780066133      0.125030994    
  0.125030994      0.137771368    
  0.137771368       5.85793257E-02
   5.85793257E-02  0.445963979    
  0.445963979      0.440212607    
  0.440212607      0.758283198    
  0.758283198      0.710099578    
  0.710099578      0.430446208    
  0.430446208      0.599349678    
  0.599349678      0.344311655    
  0.344311655      0.200680614    
  0.200680614      0.402213693    
  0.402213693      0.825902581    
  0.825902581      0.222308159    
  0.222308159      0.587857902    
  0.587857902      0.176546216    
  0.176546216      0.381094992    
  0.381094992      0.326562345    
  0.326562345       2.06830502E-02
   2.06830502E-02  0.421836197    
  0.421836197      0.342552483    
  0.342552483      0.868788421    
  0.868788421      0.670467496    
  0.670467496      0.297070146    
  0.297070146      0.171502829    
  0.171502829      0.595460057    
  0.595460057      0.620432258    
  0.620432258      0.260908902    
  0.260908902      0.929003358    
  0.929003358       9.32328105E-02
   9.32328105E-02  0.924090624    
  0.924090624      0.851243138    
  0.851243138      0.840864897    
  0.840864897      0.141164362    
  0.141164362      0.492337525    
  0.492337525      0.530895233    
  0.530895233      0.984493852    
  0.984493852      0.516953349    
  0.516953349      0.355951846    
  0.355951846      0.653375566    
  0.653375566      0.577860713    
  0.577860713      0.496319771    
  0.496319771      0.454862297    
  0.454862297      0.699503362    
  0.699503362       3.87504697E-02
   3.87504697E-02  0.298146904    
  0.298146904      0.915304422    
  0.915304422      0.771766782    
  0.771766782      0.632658064    
  0.632658064      0.289491653    
  0.289491653      0.692882478    
  0.692882478      0.311921299    
  0.311921299      0.811428487    
  0.811428487      0.119281948    
  0.119281948      0.539854169    
  0.539854169       7.39187002E-03
   7.39187002E-03  0.858986199    
  0.858986199      0.163825572    
  0.163825572      0.374856770    
  0.374856770      0.293659449    
  0.293659449      0.885806680    
  0.885806680      0.229932427    
  0.229932427      0.377720237    
  0.377720237      0.676654518    
  0.676654518      0.918251395    
  0.918251395       9.90871191E-02
   9.90871191E-02  0.703768134    
  0.703768134      0.609992564    
  0.609992564      0.391607523    
  0.391607523      0.960206926    
  0.960206926      0.265300393    
  0.265300393      0.417127371    
  0.417127371      0.535690844    
  0.535690844      0.736492157    
  0.736492157      0.808681309    
  0.808681309      0.853427708    
  0.853427708      0.136022329    
  0.136022329      0.747243524    
  0.747243524      0.207575202    
  0.207575202      0.414309621    
  0.414309621      0.805038810    
  0.805038810      0.772418499    
  0.772418499      0.997035563    
  0.997035563      0.624172151    
  0.624172151      0.922604561    
  0.922604561      0.773526430    
  0.773526430      0.985121012    
  0.985121012      0.335105419    
  0.335105419      0.909663141    
  0.909663141      0.631931603    
  0.631931603      0.616305351    
  0.616305351      0.375264227    
  0.375264227      0.518471897    
  0.518471897      0.974111140    
  0.974111140      0.490239918    
  0.490239918      0.358057737    
  0.358057737      0.384700596    
  0.384700596      0.570598662    
  0.570598662      0.900357544    
  0.900357544      0.295754433    
  0.295754433      0.249850273    
  0.249850273      0.174805284    
  0.174805284      0.913307786    
  0.913307786      0.668075562    
  0.668075562       8.40783715E-02
   8.40783715E-02  0.317185163    
  0.317185163      0.723537207    
  0.723537207      0.683762193    
  0.683762193      0.727192938    
  0.727192938      0.185969651    
  0.185969651      0.488173485    
  0.488173485      0.589923680    
  0.589923680      0.375217080    
  0.375217080      0.845255792    
  0.845255792      0.369077444    
  0.369077444      0.554852545    
  0.554852545      0.443387628    
  0.443387628      0.926836848    
  0.926836848      0.856465936    
  0.856465936      0.734501719    
  0.734501719      0.374665141    
  0.374665141      0.782297552    
  0.782297552      0.196027815    
  0.196027815      0.115454435    
  0.115454435      0.998067498    
  0.998067498      0.909652591    
  0.909652591      0.538643599    
  0.538643599      0.510047793    
  0.510047793      0.792497396    
  0.792497396       6.67190552E-03
   6.67190552E-03  0.975452423    
  0.975452423      0.664708734    
  0.664708734      0.955123007    
  0.955123007      0.862813532    
  0.862813532      0.214664757    
  0.214664757      0.329635501    
  0.329635501      0.388401568    
  0.388401568      0.569264174    
  0.569264174      0.958582640    
  0.958582640       6.44556880E-02
   6.44556880E-02   4.43085432E-02
   4.43085432E-02  0.154112339    
  0.154112339      0.684745789    
  0.684745789      0.122539878    
  0.122539878      0.342471182    
  0.342471182      0.844857335    
  0.844857335      0.642602742    
  0.642602742      0.477143884    
  0.477143884      0.520199358    
  0.520199358      0.247869611    
  0.247869611      0.815504372    
  0.815504372      0.740466177    
  0.740466177      0.672328651    
  0.672328651      0.859299242    
  0.859299242       4.23541665E-02
   4.23541665E-02  0.154777288    
  0.154777288      0.849674344    
  0.849674344      0.171619356    
  0.171619356      0.759355128    
  0.759355128      0.526347935    
  0.526347935      0.254926205    
  0.254926205      0.922675133    
  0.922675133       4.87232804E-02
   4.87232804E-02  0.915569484    
  0.915569484      0.717605948    
  0.717605948      0.766521990    
  0.766521990      0.964966416    
  0.964966416      0.535624683    
  0.535624683      0.346235335    
  0.346235335      0.702356756    
  0.702356756      0.548576176    
  0.548576176      0.994264901    
  0.994264901      0.425091803    
  0.425091803      0.590492189    
  0.590492189       8.85788798E-02
   8.85788798E-02  0.308942854    
  0.308942854      0.573634684    
  0.573634684      0.474011958    
  0.474011958       7.74878263E-03
   7.74878263E-03  0.201335311    
  0.201335311      0.890491843    
  0.890491843      0.505728900    
  0.505728900      0.267227411    
  0.267227411      0.773440778    
  0.773440778      0.839920282    
  0.839920282      0.930481732    
  0.930481732      0.724649727    
  0.724649727      0.922443569    
  0.922443569       8.85637403E-02
   8.85637403E-02   8.13018680E-02
   8.13018680E-02   9.77809429E-02
   9.77809429E-02  0.818051875    
  0.818051875      0.214180231    
  0.214180231      0.770058393    
  0.770058393      0.713554204    
  0.713554204       1.49703026E-03
   1.49703026E-03  0.643176854    
  0.643176854      0.711198211    
  0.711198211       5.63901663E-02
   5.63901663E-02  0.529759169    
  0.529759169      0.893940747    
  0.893940747      0.747994184    
  0.747994184      0.908334494    
  0.908334494      0.595170915    
  0.595170915      0.836929917    
  0.836929917       1.80268288E-02
   1.80268288E-02  0.342803538    
  0.342803538      0.298414886    
  0.298414886      0.981224537    
  0.981224537      0.295291781    
  0.295291781      0.892848015    
  0.892848015      0.712826371    
  0.712826371      0.188103735    
  0.188103735      0.611968458    
  0.611968458       2.64456272E-02
   2.64456272E-02  0.854880929    
  0.854880929      0.858812571    
  0.858812571      0.585158587    
  0.585158587      0.356897116    
  0.356897116      0.395059228    
  0.395059228      0.772519052    
  0.772519052      0.524113178    
  0.524113178      0.256959319    
  0.256959319      0.293021500    
  0.293021500      0.636954308    
  0.636954308      0.643235385    
  0.643235385      0.117496014    
  0.117496014      0.424269676    
  0.424269676      0.134275794    
  0.134275794      0.891951919    
  0.891951919      0.924007714    
  0.924007714      0.607749403    
  0.607749403      0.120869040    
  0.120869040      0.240498245    
  0.240498245      0.665289879    
  0.665289879      0.364429951    
  0.364429951      0.729995549    
  0.729995549      0.304780602    
  0.304780602       2.92439461E-02
   2.92439461E-02  0.660756707    
  0.660756707      0.274302006    
  0.274302006      0.247191131    
  0.247191131      0.501670122    
  0.501670122      0.407099128    
  0.407099128      0.685020566    
  0.685020566      0.657652378    
  0.657652378      0.824506462    
  0.824506462       6.39727712E-02
   6.39727712E-02   2.35990286E-02
   2.35990286E-02   8.36381316E-02
   8.36381316E-02  0.886244357    
  0.886244357      0.372698367    
  0.372698367      0.886567354    
  0.886567354      0.537870407    
  0.537870407      0.960390866    
  0.960390866      0.808653951    
  0.808653951      0.632738352    
  0.632738352      0.922434926    
  0.922434926      0.305427432    
  0.305427432      0.568169832    
  0.568169832      0.316395462    
  0.316395462      0.718299627    
  0.718299627      0.708925068    
  0.708925068      0.708422184    
  0.708422184      0.405698538    
  0.405698538      0.170521259    
  0.170521259      0.531462371    
  0.531462371      0.476306915    
  0.476306915      0.401413262    
  0.401413262      0.219096899    
  0.219096899      0.931770205    
  0.931770205      0.585218668    
  0.585218668      0.363381803    
  0.363381803      0.485544562    
  0.485544562      0.409664631    
  0.409664631      0.723866105    
  0.723866105      0.773669243    
  0.773669243      0.171516120    
  0.171516120      0.401472151    
  0.401472151      0.269609928    
  0.269609928      0.118362248    
  0.118362248      0.145460188    
  0.145460188       9.37781930E-02
   9.37781930E-02  0.106922328    
  0.106922328      0.210952461    
  0.210952461      0.384410501    
  0.384410501      0.902751684    
  0.902751684      0.235038280    
  0.235038280      0.222658634    
  0.222658634      0.228522182    
  0.228522182      0.271289706    
  0.271289706      0.857337952    
  0.857337952       7.71183372E-02
   7.71183372E-02  0.805442572    
  0.805442572      0.748207748    
  0.748207748      0.936956167    
  0.936956167      0.897391737    
  0.897391737      0.516746819    
  0.516746819      0.731102407    
  0.731102407      0.334475100    
  0.334475100      0.180117965    
  0.180117965      0.596860766    
  0.596860766      0.499875903    
  0.499875903      0.537581444    
  0.537581444      0.818087041    
  0.818087041      0.762514174    
  0.762514174      0.795211077    
  0.795211077      0.550139427    
  0.550139427      0.247943342    
  0.247943342      0.398409963    
  0.398409963      0.862796783    
  0.862796783      0.884352386    
  0.884352386      0.978631079    
  0.978631079      0.495741010    
  0.495741010      0.688553274    
  0.688553274      0.842537463    
  0.842537463      0.659447074    
  0.659447074      0.923661828    
  0.923661828       8.31794143E-02
   8.31794143E-02  0.396528184    
  0.396528184       3.01814675E-02
   3.01814675E-02  0.225829661    
  0.225829661      0.919620991    
  0.919620991      0.659000158    
  0.659000158      0.987106204    
  0.987106204      0.308963597    
  0.308963597      0.981290042    
  0.981290042      0.818207085    
  0.818207085      0.294345677    
  0.294345677      0.351304770    
  0.351304770      0.177000046    
  0.177000046      0.803206682    
  0.803206682      0.475738525    
  0.475738525       2.40874290E-03
   2.40874290E-03  0.176584125    
  0.176584125      0.158889890    
  0.158889890      0.389613509    
  0.389613509      0.433399558    
  0.433399558      0.664749563    
  0.664749563      0.272109807    
  0.272109807      0.664550066    
  0.664550066      0.210953355    
  0.210953355      0.822660029    
  0.822660029      0.625477612    
  0.625477612       6.63034916E-02
   6.63034916E-02  0.666796207    
  0.666796207      0.745665789    
  0.745665789      0.548089504    
  0.548089504       9.00943279E-02
   9.00943279E-02  0.415860713    
  0.415860713       9.04607773E-03
   9.04607773E-03  0.583828688    
  0.583828688      0.234915018    
  0.234915018      0.317362249    
  0.317362249      0.410421312    
  0.410421312      0.824124873    
  0.824124873       6.83676600E-02
   6.83676600E-02  0.870202661    
  0.870202661      0.553879619    
  0.553879619      0.944769979    
  0.944769979       5.94593287E-02
   5.94593287E-02  0.876503587    
  0.876503587      0.264354229    
  0.264354229      0.238290727    
  0.238290727      0.102884591    
  0.102884591      0.289338350    
  0.289338350      0.496843040    
  0.496843040      0.617239535    
  0.617239535      0.825974643    
  0.825974643      0.265732825    
  0.265732825      0.636097491    
  0.636097491      0.958392978    
  0.958392978      0.304801047    
  0.304801047      0.812886059    
  0.812886059      0.212643802    
  0.212643802      0.958864689    
  0.958864689       2.12260485E-02
   2.12260485E-02  0.999854445    
  0.999854445      0.621719003    
  0.621719003      0.196318507    
  0.196318507      0.248360813    
  0.248360813      0.901707411    
  0.901707411      0.908662021    
  0.908662021       2.34853029E-02
   2.34853029E-02  0.633573771    
  0.633573771      0.642571807    
  0.642571807      0.793027401    
  0.793027401      0.401469111    
  0.401469111      0.966545820    
  0.966545820      0.187191188    
  0.187191188      0.359982431    
  0.359982431      0.466474473    
  0.466474473      0.695524871    
  0.695524871      0.585656226    
  0.585656226      0.221223772    
  0.221223772      0.992411375    
  0.992411375      0.709264159    
  0.709264159      0.415083051    
  0.415083051       4.07352448E-02
   4.07352448E-02  0.880855918    
  0.880855918      0.892429352    
  0.892429352      0.661065280    
  0.661065280      0.962417364    
  0.962417364      0.644094765    
  0.644094765      0.507338583    
  0.507338583      0.351817906    
  0.351817906      0.967872143    
  0.967872143      0.203440487    
  0.203440487      0.242809415    
  0.242809415      0.781308174    
  0.781308174      0.790578067    
  0.790578067      0.857716858    
  0.857716858      0.858418524    
  0.858418524      0.442957222    
  0.442957222      0.170461655    
  0.170461655       7.96490908E-02
   7.96490908E-02  0.626297891    
  0.626297891      0.510514379    
  0.510514379      0.367325664    
  0.367325664      0.238439977    
  0.238439977      0.714163303    
  0.714163303      0.630578637    
  0.630578637      0.313599050    
  0.313599050      0.980983913    
  0.980983913      0.481965244    
  0.481965244      0.682448447    
  0.682448447      0.881360352    
  0.881360352      0.252695382    
  0.252695382      0.976265430    
  0.976265430      0.972510457    
  0.972510457      0.200941086    
  0.200941086      0.744220555    
  0.744220555      0.691543758    
  0.691543758      0.324379504    
  0.324379504      0.920052409    
  0.920052409      0.786490500    
  0.786490500       6.50014877E-02
   6.50014877E-02   9.29961205E-02
   9.29961205E-02   1.51574016E-02
   1.51574016E-02   9.15184617E-02
   9.15184617E-02  0.160465658    
  0.160465658      0.139480174    
  0.139480174      0.601302326    
  0.601302326      0.353323340    
  0.353323340      0.260229111    
  0.260229111      0.270167828    
  0.270167828      0.202834249    
  0.202834249      0.537221789    
  0.537221789      0.717184603    
  0.717184603      0.484387100    
  0.484387100      0.181627452    
  0.181627452      0.833810210    
  0.833810210      0.223177373    
  0.223177373      0.266951442    
  0.266951442       1.81714296E-02
   1.81714296E-02  0.473810077    
  0.473810077       8.50101113E-02
   8.50101113E-02  0.343366563    
  0.343366563       5.86164594E-02
   5.86164594E-02  0.223677635    
  0.223677635      0.824569881    
  0.824569881      0.478379369    
  0.478379369      0.955927730    
  0.955927730      0.100030780    
  0.100030780      0.578679860    
  0.578679860      0.278908014    
  0.278908014      0.133218408    
  0.133218408      0.604697049    
  0.604697049      0.440799236    
  0.440799236      0.449770391    
  0.449770391      0.492164075    
  0.492164075      0.159920037    
  0.159920037      0.355721593    
  0.355721593      0.159013450    
  0.159013450      0.576252997    
  0.576252997      0.186101615    
  0.186101615      0.785543263    
  0.785543263       1.38273835E-02
   1.38273835E-02  0.184367895    
  0.184367895      0.685760140    
  0.685760140      0.175773919    
  0.175773919      0.579062939    
  0.579062939      0.976060569    
  0.976060569      0.793667376    
  0.793667376      0.612975419    
  0.612975419      0.789458394    
  0.789458394      0.687769711    
  0.687769711      0.764527440    
  0.764527440      0.421757877    
  0.421757877      0.271318376    
  0.271318376      0.472426951    
  0.472426951      0.745032847    
  0.745032847      0.196425974    
  0.196425974      0.629930198    
  0.629930198      0.456921995    
  0.456921995       4.95875478E-02
   4.95875478E-02  0.938111901    
  0.938111901      0.816517949    
  0.816517949      0.864103913    
  0.864103913      0.938052416    
  0.938052416      0.596505702    
  0.596505702      0.537079334    
  0.537079334      0.198433459    
  0.198433459      0.127780974    
  0.127780974      0.301988065    
  0.301988065      0.654896557    
  0.654896557      0.356761038    
  0.356761038      0.837992132    
  0.837992132      0.186369002    
  0.186369002       9.27830338E-02
   9.27830338E-02  0.590788007    
  0.590788007      0.164713502    
  0.164713502      0.674689591    
  0.674689591      0.751890838    
  0.751890838      0.172964394    
  0.172964394      0.187631667    
  0.187631667      0.909299970    
  0.909299970      0.351397812    
  0.351397812      0.890792847    
  0.890792847      0.814102173    
  0.814102173      0.678353667    
  0.678353667      0.817948043    
  0.817948043      0.548080325    
  0.548080325      0.374443114    
  0.374443114       4.35798764E-02
   4.35798764E-02  0.294893026    
  0.294893026      0.669755638    
  0.669755638      0.289591312    
  0.289591312      0.986896873    
  0.986896873      0.180768311    
  0.180768311      0.137883842    
  0.137883842      0.976686418    
  0.976686418       6.45713210E-02
   6.45713210E-02  0.953678191    
  0.953678191      0.108291209    
  0.108291209      0.257987142    
  0.257987142      0.945804119    
  0.945804119      0.280675828    
  0.280675828      0.989598811    
  0.989598811      0.355671823    
  0.355671823      0.156591356    
  0.156591356      0.432478070    
  0.432478070      0.678631783    
  0.678631783      0.890111327    
  0.890111327      0.357325971    
  0.357325971       6.53765798E-02
   6.53765798E-02  0.787174165    
  0.787174165      0.190672040    
  0.190672040      0.918864012    
  0.918864012       9.81587768E-02
   9.81587768E-02   9.75481272E-02
   9.75481272E-02  0.787975192    
  0.787975192      0.266410887    
  0.266410887      0.683899105    
  0.683899105      0.336102724    
  0.336102724      0.236597538    
  0.236597538      0.320979655    
  0.320979655      0.158275783    
  0.158275783      0.790457189    
  0.790457189      0.601394415    
  0.601394415      0.435959458    
  0.435959458       7.01212883E-03
   7.01212883E-03  0.295974374    
  0.295974374      0.789887488    
  0.789887488      0.335288823    
  0.335288823       6.63536787E-03
   6.63536787E-03  0.928340912    
  0.928340912      0.388294756    
  0.388294756      0.337510288    
  0.337510288      0.294415355    
  0.294415355      0.983615458    
  0.983615458      0.139170170    
  0.139170170       9.77807641E-02
   9.77807641E-02  0.273570538    
  0.273570538      0.388930440    
  0.388930440      0.648630738    
  0.648630738      0.349143565    
  0.349143565      0.164078236    
  0.164078236      0.455345392    
  0.455345392      0.312972426    
  0.312972426      0.277917802    
  0.277917802      0.672964096    
  0.672964096      0.416498780    
  0.416498780      0.419713557    
  0.419713557      0.182702720    
  0.182702720      0.527448893    
  0.527448893      0.234646142    
  0.234646142       4.96038198E-02
   4.96038198E-02  0.250207305    
  0.250207305      0.487439632    
  0.487439632      0.300847471    
  0.300847471      0.171724677    
  0.171724677      0.509985983    
  0.509985983      0.953461409    
  0.953461409      0.390974522    
  0.390974522       8.64043832E-02
   8.64043832E-02  0.902661443    
  0.902661443      0.320768654    
  0.320768654      0.151630819    
  0.151630819      0.609619439    
  0.609619439      0.956045389    
  0.956045389      0.308684051    
  0.308684051      0.686144054    
  0.686144054      0.526909530    
  0.526909530      0.689552903    
  0.689552903      0.516291082    
  0.516291082      0.588672340    
  0.588672340      0.941978157    
  0.941978157      0.170597315    
  0.170597315      0.404953301    
  0.404953301       8.79171491E-02
   8.79171491E-02  0.909273684    
  0.909273684      0.269603908    
  0.269603908      0.768519878    
  0.768519878      0.580810308    
  0.580810308       8.34509730E-02
   8.34509730E-02  0.335432053    
  0.335432053      0.171588361    
  0.171588361      0.538916707    
  0.538916707      0.765556574    
  0.765556574      0.895260692    
  0.895260692      0.815378487    
  0.815378487      0.545571327    
  0.545571327      0.645985901    
  0.645985901      0.188430488    
  0.188430488      0.675556540    
  0.675556540      0.771815717    
  0.771815717      0.854259849    
  0.854259849      0.936810791    
  0.936810791      0.985426009    
  0.985426009      0.572435200    
  0.572435200      0.333845556    
  0.333845556      0.677455902    
  0.677455902      0.874583602    
  0.874583602      0.470322728    
  0.470322728      0.338274419    
  0.338274419      0.434108973    
  0.434108973      0.205238938    
  0.205238938      0.545722723    
  0.545722723      0.244705260    
  0.244705260      0.922827542    
  0.922827542      0.901213646    
  0.901213646      0.817618132    
  0.817618132      0.120455623    
  0.120455623      0.945300579    
  0.945300579      0.279932916    
  0.279932916       2.51737237E-02
   2.51737237E-02  0.294677317    
  0.294677317      0.554214895    
  0.554214895      0.303105950    
  0.303105950      0.571515381    
  0.571515381      0.182242990    
  0.182242990      0.815078914    
  0.815078914      0.384887576    
  0.384887576      0.976446569    
  0.976446569      0.971465707    
  0.971465707      0.140688777    
  0.140688777      0.303446412    
  0.303446412      0.357933223    
  0.357933223       9.56350565E-02
   9.56350565E-02  0.438597620    
  0.438597620      0.818549395    
  0.818549395      0.960998058    
  0.960998058      0.435635388    
  0.435635388      0.271560907    
  0.271560907      0.528432071    
  0.528432071      0.643935442    
  0.643935442      0.626461029    
  0.626461029      0.524298489    
  0.524298489      0.397234380    
  0.397234380      0.376742244    
  0.376742244      0.626446486    
  0.626446486      0.858056009    
  0.858056009      0.373989701    
  0.373989701      0.717901766    
  0.717901766       9.21576023E-02
   9.21576023E-02  0.213629901    
  0.213629901      0.908911049    
  0.908911049      0.815180719    
  0.815180719      0.775451362    
  0.775451362      0.564996064    
  0.564996064      0.234826207    
  0.234826207      0.290124297    
  0.290124297      0.562560678    
  0.562560678      0.886901379    
  0.886901379       8.56776237E-02
   8.56776237E-02   8.31317902E-02
   8.31317902E-02  0.126664162    
  0.126664162      0.299722791    
  0.299722791      0.588572323    
  0.588572323      0.820162833    
  0.820162833      0.937436640    
  0.937436640       5.13483882E-02
   5.13483882E-02  0.119069636    
  0.119069636      0.640728116    
  0.640728116       4.23095822E-02
   4.23095822E-02   5.86498976E-02
   5.86498976E-02   1.12015605E-02
   1.12015605E-02  0.964712441    
  0.964712441      0.116677642    
  0.116677642      0.939909518    
  0.939909518      0.125531018    
  0.125531018      0.353116214    
  0.353116214       1.70570016E-02
   1.70570016E-02  0.440779209    
  0.440779209      0.349031389    
  0.349031389      0.685839415    
  0.685839415      0.779872179    
  0.779872179      0.135843754    
  0.135843754      0.783989608    
  0.783989608      0.298859417    
  0.298859417      0.860617638    
  0.860617638      0.584727228    
  0.584727228      0.412043929    
  0.412043929      0.812431633    
  0.812431633      0.569827139    
  0.569827139      0.527518272    
  0.527518272      0.704626143    
  0.704626143      0.100442469    
  0.100442469      0.933687925    
  0.933687925      0.539711833    
  0.539711833      0.644319057    
  0.644319057      0.550746739    
  0.550746739      0.515140414    
  0.515140414       9.75093246E-02
   9.75093246E-02   3.44510078E-02
   3.44510078E-02  0.768996358    
  0.768996358      0.675538599    
  0.675538599      0.209410071    
  0.209410071      0.484820962    
  0.484820962      0.995224118    
  0.995224118      0.649448693    
  0.649448693      0.959007502    
  0.959007502      0.894950271    
  0.894950271      0.727128029    
  0.727128029      0.135049403    
  0.135049403      0.981351376    
  0.981351376      0.415820837    
  0.415820837      0.914560556    
  0.914560556      0.500622511    
  0.500622511      0.905690789    
  0.905690789      0.956979513    
  0.956979513      0.603126884    
  0.603126884      0.316360831    
  0.316360831       6.75023794E-02
   6.75023794E-02  0.625398040    
  0.625398040      0.633448482    
  0.633448482      0.774903476    
  0.774903476      0.860977173    
  0.860977173      0.129597783    
  0.129597783      0.948472917    
  0.948472917      0.708278716    
  0.708278716      0.512509465    
  0.512509465      0.264781833    
  0.264781833      0.619250298    
  0.619250298      0.461666942    
  0.461666942      0.569364429    
  0.569364429      0.612400293    
  0.612400293      0.535644591    
  0.535644591       4.11749482E-02
   4.11749482E-02  0.614185333    
  0.614185333      0.528198719    
  0.528198719      0.693028986    
  0.693028986      0.292184711    
  0.292184711       6.49166703E-02
   6.49166703E-02  0.872022033    
  0.872022033      0.974970222    
  0.974970222      0.110017598    
  0.110017598      0.385770977    
  0.385770977      0.579643488    
  0.579643488      0.370697439    
  0.370697439      0.767911077    
  0.767911077      0.384135246    
  0.384135246      0.312589228    
  0.312589228      0.354986846    
  0.354986846      0.523107708    
  0.523107708      0.248356819    
  0.248356819      0.453588784    
  0.453588784      0.737985849    
  0.737985849      0.301967859    
  0.301967859      0.959088087    
  0.959088087      0.116339982    
  0.116339982      0.274117053    
  0.274117053      0.578035533    
  0.578035533      0.240316451    
  0.240316451      0.938919961    
  0.938919961      0.230862737    
  0.230862737      0.638714731    
  0.638714731      0.889711738    
  0.889711738      0.756597102    
  0.756597102       1.75386071E-02
   1.75386071E-02  0.747604728    
  0.747604728      0.885320783    
  0.885320783       6.54216409E-02
   6.54216409E-02  0.523373604    
  0.523373604      0.613644838    
  0.613644838      0.338463426    
  0.338463426      0.567994893    
  0.567994893      0.138206661    
  0.138206661      0.962794065    
  0.962794065      0.555424929    
  0.555424929      0.255784512    
  0.255784512      0.340153158    
  0.340153158      0.708429158    
  0.708429158       1.49453282E-02
   1.49453282E-02  0.927813292    
  0.927813292      0.412990987    
  0.412990987      0.353567243    
  0.353567243       7.60113001E-02
   7.60113001E-02  0.870687902    
  0.870687902      0.864271164    
  0.864271164      0.574260890    
  0.574260890      0.246289551    
  0.246289551      0.338715136    
  0.338715136      0.769467413    
  0.769467413      0.833251297    
  0.833251297      0.312849581    
  0.312849581      0.150514543    
  0.150514543       7.82765150E-02
   7.82765150E-02  0.379725158    
  0.379725158      0.986209631    
  0.986209631      0.442238033    
  0.442238033      0.215152144    
  0.215152144      0.490988433    
  0.490988433      0.826184452    
  0.826184452      0.108776867    
  0.108776867      0.546490073    
  0.546490073       3.28633785E-02
   3.28633785E-02  0.284806907    
  0.284806907      0.899603784    
  0.899603784      0.707463682    
  0.707463682      0.475049138    
  0.475049138      0.914626896    
  0.914626896      0.946495831    
  0.946495831      0.134556472    
  0.134556472      0.802838564    
  0.802838564      0.413605392    
  0.413605392      0.628485978    
  0.628485978      0.924934685    
  0.924934685      0.216599166    
  0.216599166      0.719345093    
  0.719345093       5.37765026E-02
   5.37765026E-02  0.195106864    
  0.195106864      0.408242226    
  0.408242226      0.962585509    
  0.962585509      0.901633024    
  0.901633024      0.763716340    
  0.763716340      0.376152992    
  0.376152992       9.91985798E-02
   9.91985798E-02  0.402706981    
  0.402706981      0.755076051    
  0.755076051      0.843678653    
  0.843678653      0.971766949    
  0.971766949       3.81301045E-02
   3.81301045E-02  0.182311952    
  0.182311952      0.173255503    
  0.173255503      0.300286710    
  0.300286710      0.306536436    
  0.306536436      0.779549479    
  0.779549479      0.445815027    
  0.445815027      0.193585217    
  0.193585217      0.724118173    
  0.724118173       7.32217431E-02
   7.32217431E-02  0.315068960    
  0.315068960       4.16845083E-02
   4.16845083E-02  0.708063066    
  0.708063066      0.242243230    
  0.242243230      0.317139924    
  0.317139924      0.266250730    
  0.266250730      0.763695478    
  0.763695478      0.470266521    
  0.470266521      0.658757627    
  0.658757627      0.292068183    
  0.292068183      0.467150569    
  0.467150569      0.482699096    
  0.482699096      0.832128823    
  0.832128823      0.850263774    
  0.850263774      0.556152821    
  0.556152821      0.744641244    
  0.744641244       7.84042478E-02
   7.84042478E-02  0.908885181    
  0.908885181      0.500337303    
  0.500337303      0.426674008    
  0.426674008      0.212237835    
  0.212237835      0.951040208    
  0.951040208      0.127112448    
  0.127112448      0.706701279    
  0.706701279      0.272985637    
  0.272985637      0.579994857    
  0.579994857       5.30767441E-03
   5.30767441E-03  0.456005573    
  0.456005573      0.943702519    
  0.943702519      0.277523458    
  0.277523458      0.987275302    
  0.987275302      0.215499818    
  0.215499818      0.396154106    
  0.396154106      0.765489399    
  0.765489399      0.963587344    
  0.963587344      0.501171589    
  0.501171589      0.443001032    
  0.443001032      0.445514739    
  0.445514739      0.242193341    
  0.242193341      0.229367375    
  0.229367375      0.260504723    
  0.260504723       5.67180514E-02
   5.67180514E-02   3.10161710E-02
   3.10161710E-02  0.229177892    
  0.229177892      0.492035329    
  0.492035329      0.324863791    
  0.324863791      0.555602610    
  0.555602610      0.314114392    
  0.314114392      0.477421761    
  0.477421761      0.625448406    
  0.625448406      0.510014296    
  0.510014296      0.598859191    
  0.598859191      0.932391167    
  0.932391167      0.973559558    
  0.973559558      0.640420914    
  0.640420914      0.826400399    
  0.826400399      0.573768079    
  0.573768079      0.276349604    
  0.276349604      0.238057435    
  0.238057435      0.469787657    
  0.469787657       9.15387869E-02
   9.15387869E-02  0.466996729    
  0.466996729      0.647116244    
  0.647116244      0.620966852    
  0.620966852      0.687247038    
  0.687247038      0.366209388    
  0.366209388      0.506589532    
  0.506589532      0.520597935    
  0.520597935      0.215433657    
  0.215433657       2.22125053E-02
   2.22125053E-02  0.902767777    
  0.902767777      0.725529492    
  0.725529492      0.816600502    
  0.816600502      0.224407792    
  0.224407792      0.857983291    
  0.857983291      0.300036013    
  0.300036013      0.203652501    
  0.203652501       7.82352686E-02
   7.82352686E-02  0.875946641    
  0.875946641      0.794398844    
  0.794398844      0.458516181    
  0.458516181      0.236629725    
  0.236629725      0.149382412    
  0.149382412      0.294538140    
  0.294538140      0.975533307    
  0.975533307      0.618322551    
  0.618322551      0.840762317    
  0.840762317       9.27109718E-02
   9.27109718E-02  0.708220541    
  0.708220541      0.220727324    
  0.220727324      0.694729209    
  0.694729209      0.657823265    
  0.657823265      0.784636855    
  0.784636855      0.248629451    
  0.248629451      0.929380357    
  0.929380357      0.495660841    
  0.495660841      0.140207887    
  0.140207887      0.410914719    
  0.410914719       8.76230001E-03
   8.76230001E-03  0.447508335    
  0.447508335      0.687013090    
  0.687013090      0.921089768    
  0.921089768       4.69153523E-02
   4.69153523E-02  0.119385242    
  0.119385242      0.126795590    
  0.126795590      0.958493710    
  0.958493710      0.690497875    
  0.690497875      0.938469231    
  0.938469231       4.27622795E-02
   4.27622795E-02  0.793571293    
  0.793571293      0.744142652    
  0.744142652      0.326937258    
  0.326937258      0.155790091    
  0.155790091      0.454884648    
  0.454884648      0.146491289    
  0.146491289      0.843886614    
  0.843886614      0.994375944    
  0.994375944      0.566577137    
  0.566577137      0.860608697    
  0.860608697      0.581904411    
  0.581904411      0.599393785    
  0.599393785      0.227771580    
  0.227771580      0.755071104    
  0.755071104      0.146092176    
  0.146092176      0.619498551    
  0.619498551      0.744121015    
  0.744121015       9.97537374E-03
   9.97537374E-03  0.463130832    
  0.463130832      0.679048121    
  0.679048121      0.300487816    
  0.300487816      0.493805110    
  0.493805110       3.02516222E-02
   3.02516222E-02  0.242205322    
  0.242205322      0.873906016    
  0.873906016      0.686837375    
  0.686837375      0.667812943    
  0.667812943      0.576326609    
  0.576326609      0.893088639    
  0.893088639      0.793832481    
  0.793832481       7.70467520E-02
   7.70467520E-02  0.261418760    
  0.261418760      0.803254306    
  0.803254306      0.452830076    
  0.452830076      0.353139699    
  0.353139699      0.401465476    
  0.401465476      0.499444485    
  0.499444485      0.631065905    
  0.631065905       3.24833393E-02
   3.24833393E-02  0.384806871    
  0.384806871      0.704396248    
  0.704396248      0.208695650    
  0.208695650      0.447022557    
  0.447022557      0.101312518    
  0.101312518      0.902880490    
  0.902880490      0.833062351    
  0.833062351      0.768680871    
  0.768680871      0.809957564    
  0.809957564      0.731350064    
  0.731350064      0.112036407    
  0.112036407      0.495173693    
  0.495173693      0.139213979    
  0.139213979      0.156573474    
  0.156573474      0.986975431    
  0.986975431      0.168229580    
  0.168229580      0.280507922    
  0.280507922      0.594384372    
  0.594384372      0.280077696    
  0.280077696      0.238654971    
  0.238654971      0.856030703    
  0.856030703      0.337571084    
  0.337571084      0.346982121    
  0.346982121      0.414750934    
  0.414750934      0.961731791    
  0.961731791      0.284572542    
  0.284572542      0.346219420    
  0.346219420      0.854928136    
  0.854928136      0.208336711    
  0.208336711       5.87780476E-02
   5.87780476E-02  0.578959286    
  0.578959286      0.527918220    
  0.527918220      0.778253198    
  0.778253198      0.912847161    
  0.912847161      0.766841412    
  0.766841412      0.762272954    
  0.762272954      0.818180561    
  0.818180561      0.590092003    
  0.590092003       5.08494377E-02
   5.08494377E-02  0.267116308    
  0.267116308       2.40308642E-02
   2.40308642E-02   6.60770535E-02
   6.60770535E-02  0.434851170    
  0.434851170      0.246356130    
  0.246356130      0.431605816    
  0.431605816      0.165888965    
  0.165888965      0.688294590    
  0.688294590      0.244698882    
  0.244698882      0.671129823    
  0.671129823      0.970618308    
  0.970618308      0.189252615    
  0.189252615       3.37998271E-02
   3.37998271E-02  0.551355898    
  0.551355898      0.810661972    
  0.810661972      0.842150390    
  0.842150390      0.661652386    
  0.661652386       4.69820499E-02
   4.69820499E-02  0.151923239    
  0.151923239      0.153467238    
  0.153467238      0.171891034    
  0.171891034      0.206614256    
  0.206614256      0.191582978    
  0.191582978      0.830415487    
  0.830415487      0.341311455    
  0.341311455      0.333927214    
  0.333927214      0.657853961    
  0.657853961      0.455851912    
  0.455851912      0.999058902    
  0.999058902      0.569349289    
  0.569349289      0.787110627    
  0.787110627      0.717451096    
  0.717451096       3.10432911E-02
   3.10432911E-02  0.650759935    
  0.650759935      0.891622484    
  0.891622484      0.366336048    
  0.366336048      0.417516828    
  0.417516828      0.205983520    
  0.205983520      0.664387405    
  0.664387405      0.113282025    
  0.113282025       5.00440598E-04
   5.00440598E-04  0.430125892    
  0.430125892      0.948696434    
  0.948696434       4.74406481E-02
   4.74406481E-02  0.853755057    
  0.853755057      0.700784087    
  0.700784087      0.212583661    
  0.212583661      0.800183594    
  0.800183594      0.408969581    
  0.408969581      0.101882041    
  0.101882041      0.576961994    
  0.576961994      0.953580499    
  0.953580499       7.79259205E-03
   7.79259205E-03  0.720133066    
  0.720133066      0.586433530    
  0.586433530      0.491915882    
  0.491915882      0.441875756    
  0.441875756      0.496247590    
  0.496247590      0.771276832    
  0.771276832      0.795913994    
  0.795913994      0.618021011    
  0.618021011      0.605079830    
  0.605079830      0.504966199    
  0.504966199      0.280999660    
  0.280999660      0.863279521    
  0.863279521      0.376409113    
  0.376409113       4.06876802E-02
   4.06876802E-02  0.825556338    
  0.825556338      0.459546924    
  0.459546924      0.256925941    
  0.256925941      0.520161450    
  0.520161450      0.103369594    
  0.103369594      0.725938082    
  0.725938082       1.49751306E-02
   1.49751306E-02  0.257667303    
  0.257667303      0.345524073    
  0.345524073      0.365258753    
  0.365258753      0.852985203    
  0.852985203      0.612882137    
  0.612882137      0.925780118    
  0.925780118       8.46273899E-02
   8.46273899E-02  0.253429055    
  0.253429055       9.32452083E-02
   9.32452083E-02  0.165845335    
  0.165845335      0.342819571    
  0.342819571      0.739270151    
  0.739270151      0.281615913    
  0.281615913      0.913255155    
  0.913255155      0.347631156    
  0.347631156      0.380673587    
  0.380673587       3.35601568E-02
   3.35601568E-02  0.827494144    
  0.827494144      0.567674279    
  0.567674279      0.687021375    
  0.687021375      0.200836122    
  0.200836122      0.151442647    
  0.151442647      0.296774566    
  0.296774566      0.963770270    
  0.963770270      0.771966100    
  0.771966100      0.513432443    
  0.513432443      0.689751148    
  0.689751148      0.769174695    
  0.769174695      0.133348405    
  0.133348405      0.706038833    
  0.706038833      0.839504957    
  0.839504957       3.18664312E-03
   3.18664312E-03  0.109742343    
  0.109742343      0.142918050    
  0.142918050      0.850614905    
  0.850614905      0.110470831    
  0.110470831      0.657367766    
  0.657367766       9.81150866E-02
   9.81150866E-02  0.671248436    
  0.671248436      0.864551246    
  0.864551246      0.649420381    
  0.649420381      0.113584876    
  0.113584876      0.240210593    
  0.240210593      0.181133211    
  0.181133211      0.352313459    
  0.352313459      0.503441036    
  0.503441036       8.49926472E-02
   8.49926472E-02  0.789031446    
  0.789031446      0.152934551    
  0.152934551      0.445423484    
  0.445423484      0.974091351    
  0.974091351      0.199415922    
  0.199415922      0.153027654    
  0.153027654      0.109573364    
  0.109573364      0.546457529    
  0.546457529      0.140422523    
  0.140422523      0.400518417    
  0.400518417       9.04114246E-02
   9.04114246E-02   3.93757820E-02
   3.93757820E-02  0.649038374    
  0.649038374      0.200769544    
  0.200769544       1.64086223E-02
   1.64086223E-02  0.172836602    
  0.172836602      0.927546382    
  0.927546382      0.345533848    
  0.345533848      0.670336306    
  0.670336306      0.688658059    
  0.688658059      0.597531140    
  0.597531140      0.259460568    
  0.259460568      0.599318802    
  0.599318802      0.925762296    
  0.925762296      0.676030993    
  0.676030993      0.702723205    
  0.702723205       4.13499475E-02
   4.13499475E-02  0.277507544    
  0.277507544      0.339403689    
  0.339403689       1.92351341E-02
   1.92351341E-02   9.23687816E-02
   9.23687816E-02  0.646667421    
  0.646667421      0.333184838    
  0.333184838      0.597516298    
  0.597516298       7.30546117E-02
   7.30546117E-02  0.676242709    
  0.676242709      0.511010051    
  0.511010051      0.769700944    
  0.769700944      0.545382440    
  0.545382440      0.407242954    
  0.407242954      0.794923365    
  0.794923365      0.608299792    
  0.608299792      0.921773911    
  0.921773911      0.294031680    
  0.294031680      0.486327469    
  0.486327469      0.890072107    
  0.890072107      0.930082142    
  0.930082142      0.904408336    
  0.904408336      0.598200977    
  0.598200977      0.609093904    
  0.609093904      0.345205426    
  0.345205426      0.327459753    
  0.327459753      0.534827471    
  0.534827471      0.357803702    
  0.357803702       7.49037266E-02
   7.49037266E-02  0.289930522    
  0.289930522      0.765502632    
  0.765502632       4.38356996E-02
   4.38356996E-02  0.570015490    
  0.570015490      0.371948540    
  0.371948540      0.684551120    
  0.684551120      0.677069366    
  0.677069366      0.206728578    
  0.206728578      0.461701930    
  0.461701930      0.285419226    
  0.285419226      0.487719297    
  0.487719297       1.13753080E-02
   1.13753080E-02  0.105006516    
  0.105006516      0.923889637    
  0.923889637      0.774932742    
  0.774932742      0.869755387    
  0.869755387      0.402722299    
  0.402722299      0.265199363    
  0.265199363      0.593202770    
  0.593202770      0.734542608    
  0.734542608      0.242858350    
  0.242858350      0.283012450    
  0.283012450      0.489691734    
  0.489691734      0.456577420    
  0.456577420      0.775594652    
  0.775594652      0.127117217    
  0.127117217      0.448160589    
  0.448160589      0.148141503    
  0.148141503       9.63789225E-02
   9.63789225E-02  0.296644807    
  0.296644807      0.145466566    
  0.145466566      0.241792440    
  0.241792440      0.840617776    
  0.840617776       8.21132660E-02
   8.21132660E-02  0.559634447    
  0.559634447      0.419659972    
  0.419659972      0.267059326    
  0.267059326      0.392929435    
  0.392929435      0.262026012    
  0.262026012      0.339116275    
  0.339116275      0.643982530    
  0.643982530      0.338964283    
  0.338964283      0.167566836    
  0.167566836      0.850513935    
  0.850513935      0.684324563    
  0.684324563      0.125406563    
  0.125406563      0.876025081    
  0.876025081      0.610606015    
  0.610606015      0.229203343    
  0.229203343      0.697021723    
  0.697021723      0.367622435    
  0.367622435      0.531294227    
  0.531294227      0.876193523    
  0.876193523      0.709489942    
  0.709489942      0.342213452    
  0.342213452      0.581741869    
  0.581741869      0.560006857    
  0.560006857      0.571258307    
  0.571258307      0.114120424    
  0.114120424      0.478994131    
  0.478994131      0.263960958    
  0.263960958      0.130238533    
  0.130238533      0.758114100    
  0.758114100      0.127606988    
  0.127606988      0.391048193    
  0.391048193      0.712663174    
  0.712663174      0.700414181    
  0.700414181       8.22733045E-02
   8.22733045E-02  0.684464574    
  0.684464574      0.334561884    
  0.334561884       9.41783786E-02
   9.41783786E-02  0.689244211    
  0.689244211       8.42402577E-02
   8.42402577E-02  0.226207912    
  0.226207912      0.895070195    
  0.895070195      0.604948103    
  0.604948103      0.657712400    
  0.657712400       1.50992274E-02
   1.50992274E-02  0.800621927    
  0.800621927      0.502585471    
  0.502585471      0.657073081    
  0.657073081      0.587779284    
  0.587779284      0.995738208    
  0.995738208      0.503127635    
  0.503127635      0.169468403    
  0.169468403      0.881315887    
  0.881315887      0.374810874    
  0.374810874      0.201133370    
  0.201133370       3.33539844E-02
   3.33539844E-02  0.947447240    
  0.947447240      0.141335368    
  0.141335368      0.732498765    
  0.732498765       8.98769498E-02
   8.98769498E-02   7.49665499E-03
   7.49665499E-03  0.942853034    
  0.942853034      0.779396594    
  0.779396594      0.929496229    
  0.929496229      0.474559367    
  0.474559367       1.98230147E-02
   1.98230147E-02  0.296113908    
  0.296113908      0.553805828    
  0.553805828      0.215999007    
  0.215999007      0.366440177    
  0.366440177      0.389699757    
  0.389699757      0.415308833    
  0.415308833      0.371319473    
  0.371319473      0.510602415    
  0.510602415       1.86882019E-02
   1.86882019E-02  0.250079751    
  0.250079751      0.397556543    
  0.397556543      0.220687747    
  0.220687747      0.434337556    
  0.434337556      0.394986808    
  0.394986808      0.707362652    
  0.707362652      0.993243873    
  0.993243873      0.824198604    
  0.824198604      0.244458795    
  0.244458795      0.356668293    
  0.356668293      0.357952774    
  0.357952774       8.69065523E-02
   8.69065523E-02  0.440347373    
  0.440347373       6.90199137E-02
   6.90199137E-02  0.399137974    
  0.399137974       3.04929614E-02
   3.04929614E-02  0.868677914    
  0.868677914       9.55795646E-02
   9.55795646E-02  0.439594626    
  0.439594626      0.582476020    
  0.582476020      0.511898875    
  0.511898875      0.772805810    
  0.772805810      0.871770978    
  0.871770978      0.450356066    
  0.450356066      0.689807177    
  0.689807177      0.737847507    
  0.737847507      0.994792759    
  0.994792759      0.598531425    
  0.598531425      0.930578887    
  0.930578887      0.434102535    
  0.434102535      0.193830788    
  0.193830788      0.930475712    
  0.930475712      0.405798435    
  0.405798435      0.462473214    
  0.462473214      0.144111037    
  0.144111037      0.417072654    
  0.417072654      0.240894556    
  0.240894556      0.149367929    
  0.149367929      0.667134941    
  0.667134941      0.918953836    
  0.918953836      0.630176663    
  0.630176663       5.63450456E-02
   5.63450456E-02  0.983752966    
  0.983752966      0.952668190    
  0.952668190      0.613720238    
  0.613720238      0.285299361    
  0.285299361      0.148211122    
  0.148211122      0.373992682    
  0.373992682       6.41793013E-02
   6.41793013E-02  0.896367311    
  0.896367311      0.222576082    
  0.222576082      0.916633189    
  0.916633189      0.484950900    
  0.484950900      0.799344778    
  0.799344778      0.885499418    
  0.885499418      0.422302365    
  0.422302365      0.994830430    
  0.994830430      0.568979621    
  0.568979621      0.734776556    
  0.734776556      0.606165171    
  0.606165171      0.885756135    
  0.885756135      0.619640887    
  0.619640887      0.137474000    
  0.137474000      0.492728889    
  0.492728889      0.404269218    
  0.404269218      0.687791705    
  0.687791705      0.595350087    
  0.595350087      0.319431543    
  0.319431543      0.554463446    
  0.554463446      0.526244462    
  0.526244462      0.533370256    
  0.533370256      0.959480822    
  0.959480822      0.947975874    
  0.947975874      0.876783907    
  0.876783907      0.525997519    
  0.525997519      0.507468939    
  0.507468939      0.670561314    
  0.670561314      0.503901660    
  0.503901660      0.355250061    
  0.355250061      0.779370129    
  0.779370129      0.384144366    
  0.384144366      0.750606060    
  0.750606060      0.147924602    
  0.147924602      0.451258481    
  0.451258481      0.840784609    
  0.840784609      0.295304537    
  0.295304537      0.898504794    
  0.898504794      0.123261988    
  0.123261988      0.678077221    
  0.678077221      0.699923277    
  0.699923277      0.230269849    
  0.230269849      0.809994817    
  0.809994817      0.541699708    
  0.541699708      0.596659124    
  0.596659124      0.828328133    
  0.828328133      0.916600168    
  0.916600168      0.473489165    
  0.473489165      0.501911342    
  0.501911342      0.915389657    
  0.915389657      0.351359427    
  0.351359427       1.47696733E-02
   1.47696733E-02  0.346884608    
  0.346884608      0.985847414    
  0.985847414      0.187117875    
  0.187117875      0.852900147    
  0.852900147      0.158117056    
  0.158117056      0.941434443    
  0.941434443       3.20012569E-02
   3.20012569E-02  0.893833399    
  0.893833399      0.698783994    
  0.698783994      0.238238454    
  0.238238454      0.579649687    
  0.579649687      0.750978351    
  0.750978351      0.222228885    
  0.222228885      0.401411593    
  0.401411593      0.989394546    
  0.989394546      0.912968278    
  0.912968278      0.583535373    
  0.583535373      0.529602170    
  0.529602170      0.271532357    
  0.271532357      0.335287213    
  0.335287213      0.701253951    
  0.701253951      0.293144703    
  0.293144703      0.869569242    
  0.869569242      0.663143873    
  0.663143873       8.35312605E-02
   8.35312605E-02  0.966753781    
  0.966753781       8.46812725E-02
   8.46812725E-02  0.185079753    
  0.185079753      0.537170529    
  0.537170529      0.443539143    
  0.443539143      0.223978460    
  0.223978460      0.331423759    
  0.331423759      0.205251873    
  0.205251873      0.559933484    
  0.559933484      0.664455175    
  0.664455175      0.819245934    
  0.819245934      0.379363954    
  0.379363954      0.803948402    
  0.803948402      0.818375349    
  0.818375349      0.178978324    
  0.178978324      0.385831296    
  0.385831296      0.883756399    
  0.883756399      0.761775911    
  0.761775911      0.950570881    
  0.950570881      0.532257259    
  0.532257259      0.115377009    
  0.115377009       4.17855382E-02
   4.17855382E-02  0.798580348    
  0.798580348      0.935941815    
  0.935941815      0.926270604    
  0.926270604      0.252122641    
  0.252122641      0.525726020    
  0.525726020      0.972331643    
  0.972331643      0.960376203    
  0.960376203      0.506022155    
  0.506022155      0.755088151    
  0.755088151      0.761637330    
  0.761637330       5.59937954E-03
   5.59937954E-03   2.95939445E-02
   2.95939445E-02  0.442263603    
  0.442263603      0.946312904    
  0.946312904      0.611039221    
  0.611039221       8.00300837E-02
   8.00300837E-02  0.915812850    
  0.915812850      0.576229334    
  0.576229334      0.494243026    
  0.494243026      0.586709023    
  0.586709023      0.806608379    
  0.806608379      0.819759846    
  0.819759846      0.197363615    
  0.197363615      0.781413615    
  0.781413615      0.680868328    
  0.680868328      0.640117466    
  0.640117466      0.576218903    
  0.576218903      0.928128541    
  0.928128541      0.366032422    
  0.366032422       9.60829854E-02
   9.60829854E-02  0.541140139    
  0.541140139       7.53368735E-02
   7.53368735E-02  0.278042257    
  0.278042257      0.917094886    
  0.917094886      0.163741231    
  0.163741231      0.695409536    
  0.695409536      0.969508648    
  0.969508648      0.467219651    
  0.467219651      0.348186016    
  0.348186016      0.706614017    
  0.706614017      0.267429054    
  0.267429054      0.829024255    
  0.829024255       2.60784030E-02
   2.60784030E-02  0.876136363    
  0.876136363      0.202426195    
  0.202426195      0.232275605    
  0.232275605       3.79248857E-02
   3.79248857E-02   8.85561705E-02
   8.85561705E-02  0.519884467    
  0.519884467      0.135557532    
  0.135557532      0.235236764    
  0.235236764      0.187159717    
  0.187159717      0.762505114    
  0.762505114      0.998790085    
  0.998790085      0.409808993    
  0.409808993      0.137716174    
  0.137716174      0.567085743    
  0.567085743      0.747855484    
  0.747855484       8.18163753E-02
   8.18163753E-02  0.726087272    
  0.726087272      0.331426442    
  0.331426442      0.963905156    
  0.963905156       9.61814523E-02
   9.61814523E-02  0.736967564    
  0.736967564      0.202923834    
  0.202923834      0.693085313    
  0.693085313      0.474798143    
  0.474798143      0.484681547    
  0.484681547      0.660638928    
  0.660638928      0.963341296    
  0.963341296      0.286149979    
  0.286149979      0.926987469    
  0.926987469      0.498680472    
  0.498680472      0.151816308    
  0.151816308      0.298120677    
  0.298120677      0.758925796    
  0.758925796      0.278367281    
  0.278367281      0.932921708    
  0.932921708      0.363931894    
  0.363931894      0.835882545    
  0.835882545      0.993401527    
  0.993401527      0.326818228    
  0.326818228      0.487330437    
  0.487330437      0.900205076    
  0.900205076      0.201630116    
  0.201630116      0.965412915    
  0.965412915      0.154850185    
  0.154850185      0.559282243    
  0.559282243      0.257499933    
  0.257499933      0.137048066    
  0.137048066      0.913470447    
  0.913470447      0.922060549    
  0.922060549      0.649126410    
  0.649126410      0.445362031    
  0.445362031       4.71233130E-02
   4.71233130E-02   8.24316740E-02
   8.24316740E-02  0.847903192    
  0.847903192      0.518095255    
  0.518095255      0.588463485    
  0.588463485      0.997035801    
  0.997035801      0.563360274    
  0.563360274      0.278921902    
  0.278921902      0.608483493    
  0.608483493      0.198938429    
  0.198938429      0.737631917    
  0.737631917      0.160036266    
  0.160036266      0.438519895    
  0.438519895       6.17684126E-02
   6.17684126E-02   8.07026625E-02
   8.07026625E-02  0.689205825    
  0.689205825      0.281136811    
  0.281136811      0.351911128    
  0.351911128      0.241698980    
  0.241698980      0.690483510    
  0.690483510      0.554365814    
  0.554365814      0.329652011    
  0.329652011       3.81523371E-02
   3.81523371E-02  0.625759959    
  0.625759959      0.595241666    
  0.595241666      0.149086952    
  0.149086952      0.631395936    
  0.631395936      0.553112209    
  0.553112209      0.190412879    
  0.190412879      0.164963365    
  0.164963365      0.909338355    
  0.909338355      0.263685465    
  0.263685465      0.197290003    
  0.197290003      0.546862423    
  0.546862423      0.463021815    
  0.463021815      0.968180358    
  0.968180358      0.690095007    
  0.690095007       9.53162313E-02
   9.53162313E-02  0.340303302    
  0.340303302      0.330983579    
  0.330983579      0.707088947    
  0.707088947      0.939411998    
  0.939411998      0.128702581    
  0.128702581      0.269114017    
  0.269114017      0.914983928    
  0.914983928      0.241182327    
  0.241182327      0.433766544    
  0.433766544      0.261131883    
  0.261131883      0.928389966    
  0.928389966       9.26629901E-02
   9.26629901E-02  0.139961362    
  0.139961362      0.129977405    
  0.129977405      0.490337431    
  0.490337431      0.892386317    
  0.892386317      0.470993638    
  0.470993638       1.15422010E-02
   1.15422010E-02  0.597016692    
  0.597016692      0.618118823    
  0.618118823      0.260248780    
  0.260248780      0.617090464    
  0.617090464      0.494360745    
  0.494360745      0.980141759    
  0.980141759      0.178700566    
  0.178700566      0.113498807    
  0.113498807      0.594561160    
  0.594561160      0.682668626    
  0.682668626      0.827663720    
  0.827663720      0.917423248    
  0.917423248       8.88711214E-02
   8.88711214E-02   8.29989314E-02
   8.29989314E-02   7.59483576E-02
   7.59483576E-02  0.346955717    
  0.346955717      0.156249583    
  0.156249583      0.978694797    
  0.978694797      0.116672933    
  0.116672933       7.15262890E-02
   7.15262890E-02  0.403602004    
  0.403602004      0.127549529    
  0.127549529       4.11755443E-02
   4.11755443E-02  0.727303684    
  0.727303684       3.91597152E-02
   3.91597152E-02  0.168226182    
  0.168226182      0.837570906    
  0.837570906      0.602943599    
  0.602943599      0.870069265    
  0.870069265      0.803904533    
  0.803904533      0.537293732    
  0.537293732      0.311207652    
  0.311207652      0.198948264    
  0.198948264      0.148160100    
  0.148160100      0.940319836    
  0.940319836      0.807219148    
  0.807219148       4.59909439E-02
   4.59909439E-02  0.316713870    
  0.316713870       4.46460247E-02
   4.46460247E-02  0.675589561    
  0.675589561       6.65104389E-03
   6.65104389E-03  0.183180630    
  0.183180630      0.172604501    
  0.172604501      0.353552878    
  0.353552878      0.597361624    
  0.597361624      0.250664115    
  0.250664115      0.487351179    
  0.487351179      0.344100058    
  0.344100058      0.778438270    
  0.778438270      0.509161234    
  0.509161234      0.340813756    
  0.340813756      0.892574787    
  0.892574787      0.796927750    
  0.796927750      0.936782718    
  0.936782718      0.221370459    
  0.221370459      0.853792787    
  0.853792787      0.453850389    
  0.453850389      0.539061666    
  0.539061666      0.423534870    
  0.423534870      0.397686183    
  0.397686183      0.876135945    
  0.876135945      0.187320650    
  0.187320650      0.874032140    
  0.874032140      0.175358832    
  0.175358832      0.967487514    
  0.967487514      0.848079681    
  0.848079681      0.267645717    
  0.267645717      0.121167362    
  0.121167362      0.614519417    
  0.614519417      0.247510135    
  0.247510135      0.618689477    
  0.618689477      0.598529875    
  0.598529875      0.257590711    
  0.257590711      0.157247305    
  0.157247305      0.391549945    
  0.391549945      0.202127397    
  0.202127397      0.912715256    
  0.912715256      0.813258410    
  0.813258410      0.258616984    
  0.258616984      0.344747603    
  0.344747603      0.413026392    
  0.413026392      0.500123680    
  0.500123680      0.596215725    
  0.596215725      0.571178913    
  0.571178913      0.397546172    
  0.397546172      0.939427555    
  0.939427555      0.796069205    
  0.796069205      0.803998709    
  0.803998709      0.624668181    
  0.624668181      0.393618584    
  0.393618584      0.964720428    
  0.964720428      0.984367073    
  0.984367073      0.534696281    
  0.534696281      0.183753192    
  0.183753192      0.329673231    
  0.329673231      0.212416172    
  0.212416172      0.229524016    
  0.229524016      0.360852599    
  0.360852599      0.136085808    
  0.136085808      0.694476485    
  0.694476485      0.219530404    
  0.219530404      0.701528966    
  0.701528966       4.78330851E-02
   4.78330851E-02  0.853301466    
  0.853301466      0.755752444    
  0.755752444      0.556881249    
  0.556881249      0.225864530    
  0.225864530      0.582658887    
  0.582658887      0.848601103    
  0.848601103       9.60469246E-03
   9.60469246E-03  0.143706560    
  0.143706560      0.434166312    
  0.434166312      0.897112608    
  0.897112608      0.457682014    
  0.457682014      0.650704622    
  0.650704622      0.402357996    
  0.402357996      0.260047197    
  0.260047197      0.453829944    
  0.453829944      0.362578511    
  0.362578511      0.527737677    
  0.527737677      0.192970991    
  0.192970991      0.857864082    
  0.857864082      0.938289225    
  0.938289225      0.706644654    
  0.706644654      0.738020957    
  0.738020957       7.12994933E-02
   7.12994933E-02  0.490590870    
  0.490590870      0.698574781    
  0.698574781      0.688346565    
  0.688346565      0.131808996    
  0.131808996      0.100011945    
  0.100011945       3.88962030E-03
   3.88962030E-03  0.946086884    
  0.946086884      0.656890512    
  0.656890512      0.430245161    
  0.430245161      0.984055459    
  0.984055459      0.423109651    
  0.423109651      0.936454535    
  0.936454535      0.743955851    
  0.743955851      0.565801263    
  0.565801263      0.182086945    
  0.182086945      0.651711762    
  0.651711762      0.206264079    
  0.206264079      0.526332736    
  0.526332736      0.740424633    
  0.740424633      0.809783638    
  0.809783638      0.871161282    
  0.871161282      0.139657319    
  0.139657319       7.63826966E-02
   7.63826966E-02  0.575280249    
  0.575280249      0.956032693    
  0.956032693      0.438764393    
  0.438764393      0.566201568    
  0.566201568      0.851201832    
  0.851201832      0.510416448    
  0.510416448      0.949012518    
  0.949012518      0.839964449    
  0.839964449       5.79684973E-02
   5.79684973E-02  0.381027102    
  0.381027102      0.467291296    
  0.467291296      0.252241671    
  0.252241671       6.01091385E-02
   6.01091385E-02  0.346416533    
  0.346416533      0.588879049    
  0.588879049      0.908918917    
  0.908918917       6.09398484E-02
   6.09398484E-02   1.77303553E-02
   1.77303553E-02  0.660851777    
  0.660851777      0.278951406    
  0.278951406      0.103156686    
  0.103156686      0.204075158    
  0.204075158      0.127283990    
  0.127283990      0.828206658    
  0.828206658      0.571109116    
  0.571109116      0.565938830    
  0.565938830      0.451392770    
  0.451392770      0.528597116    
  0.528597116      0.600367785    
  0.600367785      0.817469418    
  0.817469418      0.987943411    
  0.987943411      0.189830363    
  0.189830363      0.742825568    
  0.742825568      0.980241358    
  0.980241358      0.774783373    
  0.774783373      0.667358100    
  0.667358100      0.191083252    
  0.191083252       1.71755552E-02
   1.71755552E-02  0.476754725    
  0.476754725      0.900957406    
  0.900957406      0.821629524    
  0.821629524      0.408905506    
  0.408905506      0.433606505    
  0.433606505      0.141849220    
  0.141849220      0.371527493    
  0.371527493      0.614982426    
  0.614982426      0.378999352    
  0.378999352      0.271067977    
  0.271067977       2.50227451E-02
   2.50227451E-02  0.309817076    
  0.309817076       6.91853762E-02
   6.91853762E-02  0.633755744    
  0.633755744      0.769967794    
  0.769967794      0.964192629    
  0.964192629      0.125819325    
  0.125819325      0.581187546    
  0.581187546      0.143489897    
  0.143489897      0.193497479    
  0.193497479      0.630150616    
  0.630150616       2.31432915E-02
   2.31432915E-02  0.518497884    
  0.518497884      0.348328412    
  0.348328412      0.583672225    
  0.583672225      0.115992367    
  0.115992367      0.805625796    
  0.805625796      0.851767600    
  0.851767600      0.321479082    
  0.321479082      0.565446854    
  0.565446854      0.782043219    
  0.782043219      0.167154551    
  0.167154551      0.729413271    
  0.729413271      0.392066240    
  0.392066240      0.936142087    
  0.936142087      0.913126826    
  0.913126826      0.103401899    
  0.103401899      0.213458180    
  0.213458180      0.208530664    
  0.208530664      0.659839451    
  0.659839451      0.884089172    
  0.884089172      0.375113010    
  0.375113010      0.620187879    
  0.620187879      0.867572367    
  0.867572367       2.93356180E-02
   2.93356180E-02  0.794025779    
  0.794025779      0.961896658    
  0.961896658      0.340982497    
  0.340982497      0.178624272    
  0.178624272       4.42768335E-02
   4.42768335E-02  0.136222601    
  0.136222601       2.80546546E-02
   2.80546546E-02  0.841402352    
  0.841402352      0.939237475    
  0.939237475      0.909369290    
  0.909369290      0.759537458    
  0.759537458       5.79648614E-02
   5.79648614E-02  0.116693616    
  0.116693616      0.410684824    
  0.410684824      0.782706916    
  0.782706916      0.570360601    
  0.570360601      0.776324987    
  0.776324987      0.170668721    
  0.170668721      0.165065289    
  0.165065289      0.974126458    
  0.974126458      0.495131910    
  0.495131910      0.919370830    
  0.919370830      0.952854991    
  0.952854991      0.952979445    
  0.952979445      0.668017447    
  0.668017447      0.581033945    
  0.581033945       4.47571278E-03
   4.47571278E-03  0.240173995    
  0.240173995      0.725900352    
  0.725900352      0.871986449    
  0.871986449      0.159978390    
  0.159978390       4.95403409E-02
   4.95403409E-02  0.467301130    
  0.467301130      0.643510461    
  0.643510461      0.456253707    
  0.456253707      0.875099003    
  0.875099003      0.565473676    
  0.565473676      0.946092248    
  0.946092248      0.903254926    
  0.903254926      0.856373250    
  0.856373250      0.123276234    
  0.123276234      0.703558743    
  0.703558743      0.453685224    
  0.453685224       1.69114470E-02
   1.69114470E-02  0.940268278    
  0.940268278      0.267803371    
  0.267803371      0.542952597    
  0.542952597      0.275833786    
  0.275833786      0.877407432    
  0.877407432      0.355010331    
  0.355010331      0.622164309    
  0.622164309       8.31463933E-02
   8.31463933E-02  0.474307835    
  0.474307835      0.852783442    
  0.852783442      0.363036036    
  0.363036036      0.126953065    
  0.126953065      0.673270524    
  0.673270524      0.166776359    
  0.166776359      0.120713949    
  0.120713949      0.104409993    
  0.104409993      0.708039105    
  0.708039105      0.277365804    
  0.277365804      0.979206741    
  0.979206741      0.273368895    
  0.273368895      0.657922804    
  0.657922804      0.221615970    
  0.221615970      0.106822312    
  0.106822312      0.357195854    
  0.357195854       2.79483795E-02
   2.79483795E-02  0.816123605    
  0.816123605      0.359455705    
  0.359455705      0.831258953    
  0.831258953      0.806152523    
  0.806152523      0.779503524    
  0.779503524      0.673530877    
  0.673530877      0.840759575    
  0.840759575       8.44095349E-02
   8.44095349E-02   7.64942169E-03
   7.64942169E-03  0.954992115    
  0.954992115      0.849689722    
  0.849689722      0.821797550    
  0.821797550      0.961858094    
  0.961858094      0.287937880    
  0.287937880      0.585864663    
  0.585864663      0.298192143    
  0.298192143      0.649019539    
  0.649019539      0.396533608    
  0.396533608      0.578888834    
  0.578888834       4.07299995E-02
   4.07299995E-02  0.130745113    
  0.130745113      0.668066263    
  0.668066263      0.593563676    
  0.593563676      0.540949225    
  0.540949225      0.601138413    
  0.601138413      0.173873305    
  0.173873305       8.12589526E-02
   8.12589526E-02  0.787802398    
  0.787802398      0.343544900    
  0.343544900      0.428483844    
  0.428483844      0.907699108    
  0.907699108      0.383674979    
  0.383674979      0.932720721    
  0.932720721      0.915792525    
  0.915792525      0.823013425    
  0.823013425      0.285400093    
  0.285400093      0.334669590    
  0.334669590      0.596072555    
  0.596072555      0.382575154    
  0.382575154       1.59117579E-02
   1.59117579E-02  0.810247600    
  0.810247600      0.428683817    
  0.428683817      0.276588440    
  0.276588440      0.334737241    
  0.334737241      0.185288131    
  0.185288131      0.852443457    
  0.852443457      0.230961800    
  0.230961800       7.98360705E-02
   7.98360705E-02  0.436112165    
  0.436112165      0.194884956    
  0.194884956      0.570511878    
  0.570511878      0.181310177    
  0.181310177      0.187159956    
  0.187159956      0.147958040    
  0.147958040      0.715759099    
  0.715759099      0.169317007    
  0.169317007      0.894722641    
  0.894722641      0.563000262    
  0.563000262      0.727624714    
  0.727624714      0.570174396    
  0.570174396      0.611353934    
  0.611353934      0.376721680    
  0.376721680      0.986415267    
  0.986415267      0.143451810    
  0.143451810      0.898319185    
  0.898319185      0.309497535    
  0.309497535      0.897224545    
  0.897224545      0.306643128    
  0.306643128      0.902276576    
  0.902276576      0.541748941    
  0.541748941      0.478894293    
  0.478894293      0.527891994    
  0.527891994      0.837283969    
  0.837283969      0.725858212    
  0.725858212       9.33419466E-02
   9.33419466E-02  0.279040277    
  0.279040277      0.397745728    
  0.397745728       5.61217666E-02
   5.61217666E-02  0.886632085    
  0.886632085      0.128477573    
  0.128477573      0.330175936    
  0.330175936      0.664142549    
  0.664142549      0.313679278    
  0.313679278       3.95509005E-02
   3.95509005E-02   4.23419476E-03
   4.23419476E-03   8.22162628E-03
   8.22162628E-03  0.886696458    
  0.886696458      0.831082940    
  0.831082940       3.10295820E-03
   3.10295820E-03  0.612997711    
  0.612997711      0.428965092    
  0.428965092      0.745003521    
  0.745003521      0.374092937    
  0.374092937      0.145214498    
  0.145214498      0.822260141    
  0.822260141      0.839215100    
  0.839215100       6.03929758E-02
   6.03929758E-02  0.810586929    
  0.810586929      0.907228529    
  0.907228529      0.597060561    
  0.597060561      0.983825684    
  0.983825684      0.578370154    
  0.578370154      0.964262962    
  0.964262962      0.469708025    
  0.469708025      0.419983506    
  0.419983506      0.947675645    
  0.947675645      0.223289490    
  0.223289490      0.288825512    
  0.288825512      0.320081174    
  0.320081174      0.323907971    
  0.323907971       1.30102038E-02
   1.30102038E-02  0.575816333    
  0.575816333      0.987243116    
  0.987243116      0.799267530    
  0.799267530      0.402388811    
  0.402388811      0.190762997    
  0.190762997      0.256018281    
  0.256018281      0.156268120    
  0.156268120      0.431468368    
  0.431468368      0.279285014    
  0.279285014      0.757906020    
  0.757906020      0.996205628    
  0.996205628      0.507314980    
  0.507314980      0.265467942    
  0.265467942      0.157225847    
  0.157225847       5.80874681E-02
   5.80874681E-02  0.148835659    
  0.148835659       1.42039657E-02
   1.42039657E-02  0.416194499    
  0.416194499      0.735738754    
  0.735738754      0.995401800    
  0.995401800      0.859418511    
  0.859418511      0.201745808    
  0.201745808      0.746602654    
  0.746602654      0.669738889    
  0.669738889      0.774206996    
  0.774206996      0.832794487    
  0.832794487      0.284259439    
  0.284259439      0.623932004    
  0.623932004      0.517335773    
  0.517335773      0.187116683    
  0.187116683      0.788455307    
  0.788455307      0.963974953    
  0.963974953      0.501611054    
  0.501611054      0.153311431    
  0.153311431       4.89022732E-02
   4.89022732E-02  0.172320187    
  0.172320187      0.960748792    
  0.960748792      0.244574428    
  0.244574428      0.771442413    
  0.771442413      0.568477213    
  0.568477213      0.891054630    
  0.891054630      0.818687677    
  0.818687677      0.418429255    
  0.418429255      0.871689439    
  0.871689439      0.139817119    
  0.139817119      0.298662543    
  0.298662543      0.454193473    
  0.454193473      0.434542477    
  0.434542477      0.319067001    
  0.319067001      0.565077901    
  0.565077901      0.597055912    
  0.597055912      0.741186678    
  0.741186678      0.162020504    
  0.162020504      0.666122675    
  0.666122675       8.65678787E-02
   8.65678787E-02  0.900634050    
  0.900634050      0.347077072    
  0.347077072      0.292556703    
  0.292556703      0.396950364    
  0.396950364      0.999255776    
  0.999255776      0.456049323    
  0.456049323      0.610705078    
  0.610705078      0.822899520    
  0.822899520      0.991551042    
  0.991551042      0.735678792    
  0.735678792      0.668836713    
  0.668836713      0.156081319    
  0.156081319      0.543492734    
  0.543492734      0.475011706    
  0.475011706      0.293237567    
  0.293237567      0.979096293    
  0.979096293      0.297850430    
  0.297850430      0.707752764    
  0.707752764      0.867155075    
  0.867155075      0.689829946    
  0.689829946      0.656859457    
  0.656859457      0.879055142    
  0.879055142      0.423454881    
  0.423454881      0.429141402    
  0.429141402      0.485333622    
  0.485333622      0.216249526    
  0.216249526      0.494539618    
  0.494539618      0.420434654    
  0.420434654      0.189973533    
  0.189973533      0.613958597    
  0.613958597      0.180471539    
  0.180471539       5.31096458E-02
   5.31096458E-02  0.335674405    
  0.335674405       8.95808935E-02
   8.95808935E-02  0.610411465    
  0.610411465      0.998370290    
  0.998370290      0.637489974    
  0.637489974      0.738823354    
  0.738823354      0.811125875    
  0.811125875      0.104158878    
  0.104158878      0.762931824    
  0.762931824      0.471247911    
  0.471247911      0.841239393    
  0.841239393      0.334105611    
  0.334105611      0.939059198    
  0.939059198      0.675249815    
  0.675249815      0.933288693    
  0.933288693      0.768975317    
  0.768975317       2.07050443E-02
   2.07050443E-02  0.539492130    
  0.539492130      0.629341841    
  0.629341841      0.553811252    
  0.553811252      0.593587041    
  0.593587041      0.377873003    
  0.377873003      0.897611797    
  0.897611797       2.88467407E-02
   2.88467407E-02  0.951253593    
  0.951253593      0.129735470    
  0.129735470      0.636414528    
  0.636414528      0.134245992    
  0.134245992      0.902096272    
  0.902096272      0.922984958    
  0.922984958      0.249442518    
  0.249442518      0.750915289    
  0.750915289      0.535604894    
  0.535604894      0.164107144    
  0.164107144      0.358273566    
  0.358273566      0.206197202    
  0.206197202      0.905689836    
  0.905689836      0.773491681    
  0.773491681      0.701454937    
  0.701454937      0.859213293    
  0.859213293      0.619796813    
  0.619796813      0.442151845    
  0.442151845       8.88526440E-04
   8.88526440E-04  0.597104311    
  0.597104311      0.992098808    
  0.992098808      0.808718622    
  0.808718622      0.279428601    
  0.279428601      0.577404201    
  0.577404201      0.118687987    
  0.118687987      0.505313516    
  0.505313516      0.696408689    
  0.696408689      0.729428947    
  0.729428947      0.421590209    
  0.421590209      0.883505285    
  0.883505285      0.628995836    
  0.628995836      0.553034306    
  0.553034306      0.405213833    
  0.405213833      0.367766380    
  0.367766380      0.919669807    
  0.919669807      0.417964995    
  0.417964995      0.813823402    
  0.813823402      0.859094739    
  0.859094739      0.201854527    
  0.201854527      0.113694012    
  0.113694012      0.616855085    
  0.616855085      0.759111881    
  0.759111881      0.356704295    
  0.356704295      0.471189141    
  0.471189141      0.347811401    
  0.347811401      0.757116079    
  0.757116079      0.956679642    
  0.956679642      0.825220108    
  0.825220108      0.216197670    
  0.216197670      0.754708767    
  0.754708767      0.518370986    
  0.518370986      0.428229928    
  0.428229928      0.372953475    
  0.372953475      0.788745105    
  0.788745105      0.842387617    
  0.842387617      0.439329982    
  0.439329982      0.397850335    
  0.397850335      0.462972403    
  0.462972403      0.570241570    
  0.570241570      0.531922460    
  0.531922460      0.191838741    
  0.191838741      0.142184436    
  0.142184436      0.955342948    
  0.955342948      0.273729444    
  0.273729444      0.418536782    
  0.418536782       1.69208646E-02
   1.69208646E-02  0.969063401    
  0.969063401      0.792156935    
  0.792156935      0.413323045    
  0.413323045      0.167669773    
  0.167669773      0.893415630    
  0.893415630      0.243731141    
  0.243731141      0.756047547    
  0.756047547      0.730759501    
  0.730759501      0.867576718    
  0.867576718      0.196266413    
  0.196266413      0.857337892    
  0.857337892      0.242769778    
  0.242769778      0.350891650    
  0.350891650      0.319605589    
  0.319605589       6.43525720E-02
   6.43525720E-02  0.134418786    
  0.134418786      0.367463470    
  0.367463470      0.849107683    
  0.849107683      0.289328098    
  0.289328098      0.943117797    
  0.943117797      0.567883193    
  0.567883193       4.05568480E-02
   4.05568480E-02  0.418082297    
  0.418082297       2.88392305E-02
   2.88392305E-02  0.262220442    
  0.262220442      0.483383954    
  0.483383954      0.343664050    
  0.343664050      0.212044656    
  0.212044656      0.107919872    
  0.107919872      0.782482445    
  0.782482445      0.310076773    
  0.310076773      0.700607300    
  0.700607300      0.794956207    
  0.794956207      0.216633499    
  0.216633499      0.934397101    
  0.934397101      0.463033676    
  0.463033676      0.862460315    
  0.862460315      0.108584821    
  0.108584821      0.254234433    
  0.254234433      0.721601486    
  0.721601486      0.319242835    
  0.319242835       3.90508175E-02
   3.90508175E-02  0.772544861    
  0.772544861      0.849189341    
  0.849189341      0.713509679    
  0.713509679       5.72757125E-02
   5.72757125E-02  0.722020388    
  0.722020388      0.380237341    
  0.380237341      0.504285812    
  0.504285812       9.62432623E-02
   9.62432623E-02  0.706369698    
  0.706369698      0.311195254    
  0.311195254      0.727950692    
  0.727950692      0.733995378    
  0.733995378      0.353805661    
  0.353805661      0.286390424    
  0.286390424      0.807934940    
  0.807934940      0.856438935    
  0.856438935       7.19447136E-02
   7.19447136E-02   4.03138399E-02
   4.03138399E-02  0.579156578    
  0.579156578      0.453058064    
  0.453058064      0.765351117    
  0.765351117      0.740766704    
  0.740766704      0.571133435    
  0.571133435      0.170836091    
  0.170836091       7.41438866E-02
   7.41438866E-02  0.394170046    
  0.394170046      0.703500092    
  0.703500092       3.47141623E-02
   3.47141623E-02  0.499321640    
  0.499321640      0.292898357    
  0.292898357      0.328840375    
  0.328840375      0.623333871    
  0.623333871      0.603798091    
  0.603798091      0.516856372    
  0.516856372       2.76780128E-03
   2.76780128E-03   3.96750569E-02
   3.96750569E-02  0.474114597    
  0.474114597      0.330969155    
  0.330969155      0.799598038    
  0.799598038      0.557060003    
  0.557060003      0.222477376    
  0.222477376      0.283938348    
  0.283938348      0.529842317    
  0.529842317      0.375305295    
  0.375305295      0.826228023    
  0.826228023      0.290003955    
  0.290003955      0.980580091    
  0.980580091      0.376277268    
  0.376277268      0.481557786    
  0.481557786      0.229115903    
  0.229115903      0.354692638    
  0.354692638      0.772163332    
  0.772163332      0.887997508    
  0.887997508      0.333190918    
  0.333190918       4.11810279E-02
   4.11810279E-02  0.175907016    
  0.175907016      0.108779132    
  0.108779132      0.300890684    
  0.300890684      0.367222369    
  0.367222369      0.977368593    
  0.977368593      0.525605142    
  0.525605142      0.448942602    
  0.448942602      0.388573289    
  0.388573289      0.724021614    
  0.724021614       1.11773014E-02
   1.11773014E-02  0.986378670    
  0.986378670      0.781198859    
  0.781198859      0.168172479    
  0.168172479      0.351257920    
  0.351257920      0.398980021    
  0.398980021      0.607054532    
  0.607054532      0.482743561    
  0.482743561      0.671633601    
  0.671633601      0.145318270    
  0.145318270      0.408509612    
  0.408509612      0.772805631    
  0.772805631       7.99995065E-02
   7.99995065E-02  0.335101724    
  0.335101724      0.627726316    
  0.627726316      0.416518807    
  0.416518807      0.943232298    
  0.943232298       5.77802658E-02
   5.77802658E-02  0.718869984    
  0.718869984      0.302037418    
  0.302037418      0.465369940    
  0.465369940      0.863355458    
  0.863355458      0.539131641    
  0.539131641       9.29675698E-02
   9.29675698E-02  0.208250344    
  0.208250344      0.784207284    
  0.784207284      0.713327944    
  0.713327944      0.737073839    
  0.737073839      0.981684864    
  0.981684864      0.382704318    
  0.382704318      0.310283661    
  0.310283661      0.502662838    
  0.502662838      0.101456583    
  0.101456583      0.846141756    
  0.846141756      0.534142077    
  0.534142077      0.699722707    
  0.699722707      0.244051933    
  0.244051933      0.590307534    
  0.590307534      0.489595592    
  0.489595592      0.361355543    
  0.361355543      0.744453371    
  0.744453371      0.579990625    
  0.579990625      0.489633799    
  0.489633799      0.183010280    
  0.183010280      0.735058010    
  0.735058010      0.373009026    
  0.373009026      0.665774643    
  0.665774643      0.944763064    
  0.944763064      0.832024157    
  0.832024157      0.420767665    
  0.420767665      0.946204543    
  0.946204543      0.686842501    
  0.686842501      0.499688566    
  0.499688566      0.910609663    
  0.910609663      0.426097155    
  0.426097155      0.308104396    
  0.308104396      0.831487715    
  0.831487715      0.167375207    
  0.167375207      0.330133379    
  0.330133379       3.53034735E-02
   3.53034735E-02  0.471278965    
  0.471278965      0.971482337    
  0.971482337      0.697450817    
  0.697450817      0.216412783    
  0.216412783      0.982888520    
  0.982888520      0.580924451    
  0.580924451      0.746776938    
  0.746776938      0.532867551    
  0.532867551      0.902844787    
  0.902844787      0.526030242    
  0.526030242      0.742949605    
  0.742949605      0.884496868    
  0.884496868      0.640600502    
  0.640600502      0.441325307    
  0.441325307      0.590177953    
  0.590177953      0.954303861    
  0.954303861      0.590197921    
  0.590197921      0.984296620    
  0.984296620      0.746122122    
  0.746122122      0.856200337    
  0.856200337       1.11334324E-02
   1.11334324E-02  0.375814736    
  0.375814736      0.175071180    
  0.175071180      0.983252883    
  0.983252883      0.169092834    
  0.169092834      0.611493349    
  0.611493349      0.518998206    
  0.518998206      0.368479371    
  0.368479371      0.151448488    
  0.151448488      0.675102651    
  0.675102651      0.805007160    
  0.805007160      0.700663447    
  0.700663447      0.829970658    
  0.829970658      0.485672772    
  0.485672772      0.504583180    
  0.504583180      0.967121243    
  0.967121243      0.406314373    
  0.406314373      0.760715008    
  0.760715008      0.168990433    
  0.168990433      0.481325984    
  0.481325984      0.845528185    
  0.845528185      0.731620431    
  0.731620431      0.274712443    
  0.274712443      0.346055567    
  0.346055567      0.706667483    
  0.706667483      0.736387849    
  0.736387849      0.638475239    
  0.638475239      0.224322617    
  0.224322617      0.958103120    
  0.958103120      0.838441551    
  0.838441551      0.323618054    
  0.323618054      0.919538498    
  0.919538498      0.319222271    
  0.319222271      0.489159048    
  0.489159048      0.262338579    
  0.262338579      0.468407512    
  0.468407512      0.727032959    
  0.727032959      0.876331210    
  0.876331210      0.725732028    
  0.725732028      0.271411836    
  0.271411836      0.418757439    
  0.418757439      0.679745376    
  0.679745376      0.323256612    
  0.323256612      0.787948966    
  0.787948966      0.848619044    
  0.848619044      0.382973850    
  0.382973850      0.762445629    
  0.762445629      0.369427383    
  0.369427383      0.736050904    
  0.736050904      0.968694389    
  0.968694389      0.334920883    
  0.334920883      0.232357264    
  0.232357264      0.381398976    
  0.381398976      0.780160785    
  0.780160785      0.557380140    
  0.557380140      0.592265129    
  0.592265129      0.498535097    
  0.498535097      0.188447058    
  0.188447058      0.621514678    
  0.621514678      0.149998963    
  0.149998963       3.65086794E-02
   3.65086794E-02  0.958159924    
  0.958159924      0.198767722    
  0.198767722      0.343617678    
  0.343617678      0.337229013    
  0.337229013      0.167184412    
  0.167184412       6.93672895E-02
   6.93672895E-02  0.546664596    
  0.546664596      0.365184069    
  0.365184069      0.978947163    
  0.978947163      0.248180687    
  0.248180687      0.692201972    
  0.692201972      0.369983375    
  0.369983375      0.745557010    
  0.745557010      0.252699673    
  0.252699673       7.15219378E-02
   7.15219378E-02  0.496123970    
  0.496123970      0.875127435    
  0.875127435      0.831903040    
  0.831903040      0.965769112    
  0.965769112      0.378555894    
  0.378555894      0.798687398    
  0.798687398      0.116682351    
  0.116682351      0.752360523    
  0.752360523      0.325176775    
  0.325176775      0.519362748    
  0.519362748      0.360747874    
  0.360747874      0.836840570    
  0.836840570      0.271477044    
  0.271477044      0.614490569    
  0.614490569      0.775291026    
  0.775291026      0.192806780    
  0.192806780      0.292268515    
  0.292268515      0.576646268    
  0.576646268      0.667430818    
  0.667430818      0.872807860    
  0.872807860      0.513990402    
  0.513990402      0.350292087    
  0.350292087      0.125778317    
  0.125778317      0.766389132    
  0.766389132      0.143225908    
  0.143225908      0.214884579    
  0.214884579      0.843501329    
  0.843501329      0.856131494    
  0.856131494      0.545288563    
  0.545288563      0.845304966    
  0.845304966      0.305152774    
  0.305152774      0.922560275    
  0.922560275      0.654951990    
  0.654951990      0.392973959    
  0.392973959      0.555026650    
  0.555026650       1.33088827E-02
   1.33088827E-02  0.362375021    
  0.362375021      0.379411638    
  0.379411638      0.927112460    
  0.927112460       3.63562107E-02
   3.63562107E-02  0.614370525    
  0.614370525      0.655641377    
  0.655641377      0.565705597    
  0.565705597      0.839466870    
  0.839466870      0.305782855    
  0.305782855      0.166576147    
  0.166576147       4.73091006E-02
   4.73091006E-02  0.619137347    
  0.619137347      0.228406250    
  0.228406250      0.231709898    
  0.231709898       2.87032127E-02
   2.87032127E-02  0.337942123    
  0.337942123      0.752212167    
  0.752212167      0.621161640    
  0.621161640      0.566875041    
  0.566875041      0.774120510    
  0.774120510      0.941430211    
  0.941430211      0.595162332    
  0.595162332      0.252223551    
  0.252223551      0.616663754    
  0.616663754      0.626036167    
  0.626036167      0.702081442    
  0.702081442      0.674121380    
  0.674121380      0.142751276    
  0.142751276      0.390488565    
  0.390488565      0.739001989    
  0.739001989      0.515710771    
  0.515710771      0.752458513    
  0.752458513      0.436813653    
  0.436813653      0.996317327    
  0.996317327      0.534463108    
  0.534463108      0.186133802    
  0.186133802      0.644162893    
  0.644162893      0.814183176    
  0.814183176      0.966683626    
  0.966683626      0.982784033    
  0.982784033       3.44870687E-02
   3.44870687E-02  0.917140961    
  0.917140961      0.919648707    
  0.919648707      0.900621355    
  0.900621355      0.543318748    
  0.543318748      0.724200547    
  0.724200547      0.287543595    
  0.287543595      0.337236583    
  0.337236583      0.844751060    
  0.844751060      0.409471452    
  0.409471452      0.181892633    
  0.181892633      0.511380732    
  0.511380732      0.933269143    
  0.933269143      0.931234896    
  0.931234896      0.752634227    
  0.752634227      0.918337643    
  0.918337643      0.658952236    
  0.658952236      0.650581419    
  0.650581419       6.97898865E-02
   6.97898865E-02  0.135626733    
  0.135626733      0.454980016    
  0.454980016      0.100590587    
  0.100590587      0.737337887    
  0.737337887      0.566124797    
  0.566124797      0.637481570    
  0.637481570      0.285522819    
  0.285522819      0.312287569    
  0.312287569      0.316356063    
  0.316356063       6.02355003E-02
   6.02355003E-02  0.879193306    
  0.879193306      0.516226768    
  0.516226768      0.293615580    
  0.293615580      0.976786137    
  0.976786137      0.277719736    
  0.277719736      0.826094687    
  0.826094687      0.981027067    
  0.981027067      0.884675682    
  0.884675682      0.949464917    
  0.949464917      0.351244688    
  0.351244688      0.712923706    
  0.712923706       9.85113978E-02
   9.85113978E-02  0.225998819    
  0.225998819       3.96591425E-03
   3.96591425E-03  0.237104595    
  0.237104595      0.233973324    
  0.233973324      0.477099836    
  0.477099836      0.955404222    
  0.955404222      0.692053199    
  0.692053199      0.112794220    
  0.112794220      0.377217174    
  0.377217174      0.935108125    
  0.935108125      0.410331726    
  0.410331726      0.502679586    
  0.502679586      0.489629447    
  0.489629447      0.399010539    
  0.399010539      0.366482556    
  0.366482556      0.595101655    
  0.595101655      0.565568566    
  0.565568566       9.02289152E-03
   9.02289152E-03  0.177086353    
  0.177086353      0.795357704    
  0.795357704      0.293770790    
  0.293770790      0.248789668    
  0.248789668      0.951910496    
  0.951910496      0.284985065    
  0.284985065      0.146687090    
  0.146687090      0.963584304    
  0.963584304      0.674802005    
  0.674802005      0.684436858    
  0.684436858      0.128171325    
  0.128171325      0.133657813    
  0.133657813      0.860466540    
  0.860466540      0.882773161    
  0.882773161      0.590820372    
  0.590820372      0.446703196    
  0.446703196      0.708894968    
  0.708894968       8.52305889E-02
   8.52305889E-02  0.472391486    
  0.472391486      0.127193809    
  0.127193809      0.106885374    
  0.106885374      0.924072862    
  0.924072862      0.338422775    
  0.338422775      0.315436184    
  0.315436184      0.403871715    
  0.403871715      0.363740504    
  0.363740504      0.549916744    
  0.549916744      0.836241663    
  0.836241663      0.256061554    
  0.256061554      0.294740856    
  0.294740856      0.285763919    
  0.285763919      0.644506931    
  0.644506931      0.205398440    
  0.205398440      0.236725986    
  0.236725986      0.514449358    
  0.514449358      0.785659790    
  0.785659790      0.601748765    
  0.601748765       9.57466960E-02
   9.57466960E-02  0.165964186    
  0.165964186      0.332686841    
  0.332686841      0.703050554    
  0.703050554      0.594784200    
  0.594784200      0.511996686    
  0.511996686      0.976699769    
  0.976699769       5.96213937E-02
   5.96213937E-02  0.620414793    
  0.620414793      0.285281420    
  0.285281420      0.380183935    
  0.380183935      0.363631964    
  0.363631964      0.855080426    
  0.855080426      0.646775424    
  0.646775424      0.367671549    
  0.367671549      0.106811225    
  0.106811225      0.979822278    
  0.979822278      0.360091448    
  0.360091448      0.358933687    
  0.358933687      0.749416769    
  0.749416769      0.466007113    
  0.466007113      0.206861854    
  0.206861854      0.956025124    
  0.956025124      0.365460396    
  0.365460396      0.845946431    
  0.845946431      0.239725769    
  0.239725769       2.71458030E-02
   2.71458030E-02  0.910303891    
  0.910303891      0.900263667    
  0.900263667      0.429110944    
  0.429110944      0.891669989    
  0.891669989      0.662296176    
  0.662296176      0.411888301    
  0.411888301      0.419712424    
  0.419712424      0.824390709    
  0.824390709       1.38381720E-02
   1.38381720E-02  0.805074215    
  0.805074215      0.695905924    
  0.695905924      0.954686224    
  0.954686224      0.499398947    
  0.499398947      0.347136259    
  0.347136259      0.875756979    
  0.875756979      0.142559409    
  0.142559409      0.459261298    
  0.459261298      0.938133478    
  0.938133478      0.407414436    
  0.407414436      0.322479665    
  0.322479665      0.272990465    
  0.272990465      0.300896943    
  0.300896943      0.722247422    
  0.722247422      0.213623822    
  0.213623822      0.934323907    
  0.934323907      0.574794650    
  0.574794650      0.268796861    
  0.268796861      0.234458387    
  0.234458387       3.54981422E-02
   3.54981422E-02  0.895458281    
  0.895458281      0.693550885    
  0.693550885      0.818812072    
  0.818812072      0.432547510    
  0.432547510      0.793884873    
  0.793884873      0.633802533    
  0.633802533      0.579654098    
  0.579654098      0.353845417    
  0.353845417      0.744423091    
  0.744423091      0.190150559    
  0.190150559      0.408133209    
  0.408133209      0.961187601    
  0.961187601       7.38339424E-02
   7.38339424E-02  0.695180357    
  0.695180357      0.391681135    
  0.391681135      0.264390588    
  0.264390588       4.64597940E-02
   4.64597940E-02   8.29736590E-02
   8.29736590E-02   8.83018970E-03
   8.83018970E-03  0.930355012    
  0.930355012      0.211246848    
  0.211246848      0.119764507    
  0.119764507      0.879171669    
  0.879171669      0.417797863    
  0.417797863       7.22228885E-02
   7.22228885E-02  0.385173678    
  0.385173678      0.637346566    
  0.637346566      0.458417058    
  0.458417058      0.499256849    
  0.499256849      0.170983732    
  0.170983732      0.917172372    
  0.917172372      0.139780045    
  0.139780045      0.481855929    
  0.481855929      0.958344102    
  0.958344102      0.527497768    
  0.527497768      0.337871730    
  0.337871730       4.23951745E-02
   4.23951745E-02  0.381507754    
  0.381507754      0.818027735    
  0.818027735      0.721832871    
  0.721832871      0.794344127    
  0.794344127      0.894032896    
  0.894032896       8.59892964E-02
   8.59892964E-02  0.226441443    
  0.226441443      0.837649703    
  0.837649703      0.719410717    
  0.719410717      0.785045266    
  0.785045266      0.128320932    
  0.128320932      0.156444669    
  0.156444669      0.390084088    
  0.390084088      0.391286552    
  0.391286552      0.373638749    
  0.373638749      0.949559867    
  0.949559867      0.290571392    
  0.290571392      0.407143950    
  0.407143950      0.563140869    
  0.563140869      0.617625296    
  0.617625296       2.54204869E-02
   2.54204869E-02  0.926188588    
  0.926188588      0.206009388    
  0.206009388      0.398032606    
  0.398032606      0.989383399    
  0.989383399       2.95148492E-02
   2.95148492E-02  0.791605711    
  0.791605711      0.136469007    
  0.136469007      0.483902037    
  0.483902037       8.02504420E-02
   8.02504420E-02   7.88332224E-02
   7.88332224E-02  0.853142858    
  0.853142858      0.791820586    
  0.791820586      0.190822065    
  0.190822065      0.933071077    
  0.933071077      0.343566775    
  0.343566775      0.947620273    
  0.947620273      0.307917476    
  0.307917476      0.913907707    
  0.913907707      0.389921546    
  0.389921546      0.871235967    
  0.871235967      0.679458916    
  0.679458916      0.251025915    
  0.251025915      0.485529840    
  0.485529840      0.214074075    
  0.214074075      0.771773279    
  0.771773279      0.393188000    
  0.393188000      0.766980708    
  0.766980708      0.186647475    
  0.186647475      0.649834335    
  0.649834335      0.990494251    
  0.990494251      0.919994473    
  0.919994473      0.123873711    
  0.123873711      0.810633421    
  0.810633421      0.515380800    
  0.515380800      0.722007453    
  0.722007453      0.574291468    
  0.574291468      0.707631290    
  0.707631290      0.462878346    
  0.462878346      0.215365767    
  0.215365767      0.869965792    
  0.869965792      0.941383958    
  0.941383958      0.275780201    
  0.275780201      0.490081370    
  0.490081370      0.801572144    
  0.801572144      0.490896344    
  0.490896344      0.497207940    
  0.497207940      0.398009598    
  0.398009598      0.597033024    
  0.597033024      0.989200294    
  0.989200294      0.353295207    
  0.353295207      0.733881772    
  0.733881772      0.756409943    
  0.756409943      0.856012762    
  0.856012762      0.629450440    
  0.629450440      0.799129009    
  0.799129009      0.760318220    
  0.760318220       7.25978017E-02
   7.25978017E-02  0.100392044    
  0.100392044       3.13246250E-02
   3.13246250E-02  0.943150103    
  0.943150103      0.930690110    
  0.930690110       2.16790438E-02
   2.16790438E-02  0.341110408    
  0.341110408      0.831332684    
  0.831332684      0.978540480    
  0.978540480       2.74090767E-02
   2.74090767E-02  0.959347129    
  0.959347129      0.419838428    
  0.419838428      0.360805392    
  0.360805392       1.72647238E-02
   1.72647238E-02  0.284457326    
  0.284457326      0.496614158    
  0.496614158      0.636385679    
  0.636385679      0.372172117    
  0.372172117      0.413468301    
  0.413468301      0.483918190    
  0.483918190      0.846008956    
  0.846008956      0.103497326    
  0.103497326      0.861553848    
  0.861553848      0.688932180    
  0.688932180      0.870577574    
  0.870577574      0.213508964    
  0.213508964      0.712653220    
  0.712653220      0.749448240    
  0.749448240      0.198935807    
  0.198935807      0.467857599    
  0.467857599      0.775694549    
  0.775694549      0.444945931    
  0.444945931      0.674629927    
  0.674629927      0.612911999    
  0.612911999      0.249712288    
  0.249712288       5.83174229E-02
   5.83174229E-02  0.551956952    
  0.551956952      0.162758827    
  0.162758827      0.199645340    
  0.199645340      0.760426879    
  0.760426879      0.436248064    
  0.436248064      0.424647272    
  0.424647272      0.409869075    
  0.409869075      0.114847004    
  0.114847004      0.322299004    
  0.322299004      0.955273688    
  0.955273688      0.650031447    
  0.650031447      0.790527701    
  0.790527701      0.340340793    
  0.340340793      0.756672144    
  0.756672144      0.384617150    
  0.384617150      0.937356591    
  0.937356591      0.695627391    
  0.695627391      0.457354248    
  0.457354248      0.590494335    
  0.590494335      0.798817337    
  0.798817337      0.949583828    
  0.949583828      0.274124980    
  0.274124980      0.290953100    
  0.290953100      0.750172436    
  0.750172436      0.388697922    
  0.388697922      0.998098373    
  0.998098373      0.191502750    
  0.191502750       8.41431022E-02
   8.41431022E-02  0.337483943    
  0.337483943       3.90628576E-02
   3.90628576E-02  0.907786191    
  0.907786191      0.664551735    
  0.664551735      0.575709999    
  0.575709999      0.697170496    
  0.697170496      0.995404124    
  0.995404124      0.106431663    
  0.106431663      0.672832668    
  0.672832668      0.639772713    
  0.639772713      0.197266817    
  0.197266817      0.316968322    
  0.316968322      0.998785555    
  0.998785555       2.13908553E-02
   2.13908553E-02  0.990624726    
  0.990624726      0.915804029    
  0.915804029       3.34054232E-02
   3.34054232E-02  0.842402220    
  0.842402220      0.362008572    
  0.362008572      0.215310693    
  0.215310693      0.369962990    
  0.369962990      0.339356720    
  0.339356720      0.497587681    
  0.497587681      0.217129469    
  0.217129469      0.874477506    
  0.874477506      0.505354881    
  0.505354881      0.261900127    
  0.261900127      0.436043024    
  0.436043024      0.552199244    
  0.552199244      0.487912178    
  0.487912178      0.647338510    
  0.647338510      0.995853424    
  0.995853424      0.996180773    
  0.996180773      0.579214692    
  0.579214692      0.694619000    
  0.694619000      0.298931718    
  0.298931718      0.634152114    
  0.634152114      0.343262136    
  0.343262136      0.247564971    
  0.247564971      0.954382420    
  0.954382420      0.168883383    
  0.168883383      0.551851392    
  0.551851392       3.38767171E-02
   3.38767171E-02   6.73422813E-02
   6.73422813E-02  0.820095897    
  0.820095897      0.190073252    
  0.190073252      0.860037267    
  0.860037267      0.994662225    
  0.994662225       9.69755650E-03
   9.69755650E-03  0.779574215    
  0.779574215      0.332349837    
  0.332349837      0.630822659    
  0.630822659      0.275670767    
  0.275670767      0.973542631    
  0.973542631       3.84653211E-02
   3.84653211E-02  0.349982142    
  0.349982142      0.928586483    
  0.928586483      0.391418993    
  0.391418993       2.24885941E-02
   2.24885941E-02  0.530343235    
  0.530343235      0.225827396    
  0.225827396      0.306349516    
  0.306349516      0.738912225    
  0.738912225      0.504740834    
  0.504740834      0.308122098    
  0.308122098       7.04604387E-03
   7.04604387E-03  0.110532522    
  0.110532522      0.647702694    
  0.647702694      0.129161894    
  0.129161894      0.182175875    
  0.182175875       7.59295225E-02
   7.59295225E-02   5.50059676E-02
   5.50059676E-02   1.88190341E-02
   1.88190341E-02  0.450614154    
  0.450614154      0.236117125    
  0.236117125      0.459738493    
  0.459738493       6.13517761E-02
   6.13517761E-02  0.300301194    
  0.300301194      0.533596337    
  0.533596337      0.172713280    
  0.172713280      0.578480661    
  0.578480661      0.207454801    
  0.207454801      0.389199317    
  0.389199317      0.479945242    
  0.479945242      0.795393109    
  0.795393109      0.579358041    
  0.579358041      0.847162426    
  0.847162426      0.641394973    
  0.641394973       2.63625383E-02
   2.63625383E-02  0.702330768    
  0.702330768       7.33245611E-02
   7.33245611E-02  0.989684880    
  0.989684880      0.306505859    
  0.306505859      0.270849645    
  0.270849645      0.412366271    
  0.412366271      0.387295067    
  0.387295067      0.384328306    
  0.384328306      0.323378265    
  0.323378265      0.152181745    
  0.152181745      0.970622361    
  0.970622361      0.586792111    
  0.586792111       7.88213611E-02
   7.88213611E-02  0.240380228    
  0.240380228      0.565049291    
  0.565049291      0.957250476    
  0.957250476       8.02063942E-02
   8.02063942E-02  0.871778727    
  0.871778727      0.518755376    
  0.518755376      0.729653358    
  0.729653358      0.650335729    
  0.650335729      0.573346555    
  0.573346555      0.213476241    
  0.213476241      0.285869837    
  0.285869837      0.243628860    
  0.243628860      0.945336223    
  0.945336223      0.121741951    
  0.121741951      0.708175719    
  0.708175719      0.564728737    
  0.564728737      0.397168636    
  0.397168636      0.434109390    
  0.434109390      0.948005676    
  0.948005676      0.461633146    
  0.461633146      0.117147923    
  0.117147923       6.04301095E-02
   6.04301095E-02  0.984469891    
  0.984469891      0.160189033    
  0.160189033      0.842112839    
  0.842112839      0.600391030    
  0.600391030      0.363245785    
  0.363245785      0.523451090    
  0.523451090      0.549428105    
  0.549428105      0.672917545    
  0.672917545      0.333067119    
  0.333067119       7.25032687E-02
   7.25032687E-02  0.376112044    
  0.376112044      0.675612330    
  0.675612330       3.39546800E-02
   3.39546800E-02  0.198777616    
  0.198777616      0.692109168    
  0.692109168      0.844273508    
  0.844273508      0.142256260    
  0.142256260      0.831423700    
  0.831423700      0.903468966    
  0.903468966      0.224626780    
  0.224626780      0.709912837    
  0.709912837      0.497414470    
  0.497414470      0.967471719    
  0.967471719      0.937950492    
  0.937950492      0.520084620    
  0.520084620      0.524952888    
  0.524952888      0.492833197    
  0.492833197      0.377784073    
  0.377784073      0.370880187    
  0.370880187      0.293424487    
  0.293424487      0.555777431    
  0.555777431      0.831622839    
  0.831622839      0.708346844    
  0.708346844      0.320201337    
  0.320201337      0.253236830    
  0.253236830      0.548864484    
  0.548864484      0.816893816    
  0.816893816       1.62224770E-02
   1.62224770E-02  0.490653992    
  0.490653992       3.84438634E-02
   3.84438634E-02  0.138014913    
  0.138014913      0.256972849    
  0.256972849      0.957547545    
  0.957547545      0.810090184    
  0.810090184      0.856117070    
  0.856117070       4.86572981E-02
   4.86572981E-02  0.741460741    
  0.741460741      0.482066333    
  0.482066333      0.184044003    
  0.184044003      0.466251254    
  0.466251254      0.435461581    
  0.435461581      0.729771852    
  0.729771852      0.837450981    
  0.837450981      0.967026412    
  0.967026412       5.51027060E-03
   5.51027060E-03  0.168666959    
  0.168666959       8.26799870E-02
   8.26799870E-02  0.655060470    
  0.655060470      0.262018859    
  0.262018859       7.51572251E-02
   7.51572251E-02  0.575816035    
  0.575816035      0.875967562    
  0.875967562      0.601927161    
  0.601927161      0.311173916    
  0.311173916      0.870777309    
  0.870777309      0.494019687    
  0.494019687      0.569333434    
  0.569333434      0.521462679    
  0.521462679       4.06890512E-02
   4.06890512E-02  0.520069361    
  0.520069361      0.601179719    
  0.601179719      0.351008534    
  0.351008534       9.23457146E-02
   9.23457146E-02   6.63383603E-02
   6.63383603E-02  0.540377200    
  0.540377200      0.306104481    
  0.306104481      0.655454934    
  0.655454934      0.212548435    
  0.212548435      0.924312174    
  0.924312174      0.557971179    
  0.557971179      0.806498110    
  0.806498110      0.910854936    
  0.910854936      0.756678581    
  0.756678581      0.140756488    
  0.140756488      0.655455172    
  0.655455172      0.328189671    
  0.328189671      0.293658853    
  0.293658853      0.705379605    
  0.705379605      0.914098203    
  0.914098203      0.878380120    
  0.878380120      0.914595425    
  0.914595425      0.876511455    
  0.876511455      0.221067548    
  0.221067548       4.65883017E-02
   4.65883017E-02  0.447011054    
  0.447011054      0.357753932    
  0.357753932      0.653620720    
  0.653620720      0.584336638    
  0.584336638      0.484636664    
  0.484636664      0.151457250    
  0.151457250      0.909058213    
  0.909058213      0.912599385    
  0.912599385      0.822467029    
  0.822467029      0.248060882    
  0.248060882      0.782136381    
  0.782136381      0.599835336    
  0.599835336      0.206811607    
  0.206811607      0.898111343    
  0.898111343      0.613050461    
  0.613050461      0.808481276    
  0.808481276       8.14696550E-02
   8.14696550E-02  0.923950374    
  0.923950374      0.926526725    
  0.926526725      0.342299700    
  0.342299700      0.472107470    
  0.472107470      0.953987300    
  0.953987300      0.507498682    
  0.507498682      0.576487005    
  0.576487005      0.571985006    
  0.571985006      0.863497615    
  0.863497615       9.34156179E-02
   9.34156179E-02  0.115740478    
  0.115740478      0.162825227    
  0.162825227      0.876618981    
  0.876618981      0.308222234    
  0.308222234      0.613613665    
  0.613613665      0.591843784    
  0.591843784      0.231680751    
  0.231680751      0.894806087    
  0.894806087      0.706687212    
  0.706687212      0.169596791    
  0.169596791      0.668294728    
  0.668294728      0.999753773    
  0.999753773      0.257299840    
  0.257299840      0.896209776    
  0.896209776      0.966033816    
  0.966033816      0.847709417    
  0.847709417       7.30758905E-02
   7.30758905E-02  0.342897177    
  0.342897177      0.930250287    
  0.930250287       6.63281083E-02
   6.63281083E-02  0.396343946    
  0.396343946      0.304546177    
  0.304546177       7.58004785E-02
   7.58004785E-02  0.922034562    
  0.922034562      0.196237206    
  0.196237206      0.606155932    
  0.606155932      0.450019360    
  0.450019360      0.282048106    
  0.282048106      0.505840600    
  0.505840600      0.743106067    
  0.743106067      0.961040080    
  0.961040080      0.316427708    
  0.316427708      0.733485758    
  0.733485758      0.595784962    
  0.595784962      0.724559128    
  0.724559128      0.878500640    
  0.878500640      0.638923705    
  0.638923705      0.772141695    
  0.772141695      0.996480405    
  0.996480405      0.216341674    
  0.216341674      0.124519110    
  0.124519110      0.633401215    
  0.633401215      0.339838922    
  0.339838922      0.448132992    
  0.448132992      0.768880129    
  0.768880129      0.869930267    
  0.869930267       3.83903384E-02
   3.83903384E-02   3.50690484E-02
   3.50690484E-02  0.558931410    
  0.558931410      0.173808157    
  0.173808157      0.363465786    
  0.363465786      0.676531494    
  0.676531494      0.859497786    
  0.859497786      0.708882630    
  0.708882630      0.718485296    
  0.718485296      0.775214374    
  0.775214374      0.582403421    
  0.582403421      0.947611392    
  0.947611392      0.308327973    
  0.308327973      0.906534553    
  0.906534553      0.425790250    
  0.425790250      0.343079150    
  0.343079150      0.316719949    
  0.316719949      0.781774759    
  0.781774759      0.434650600    
  0.434650600      0.969765007    
  0.969765007      0.137692273    
  0.137692273      0.134490252    
  0.134490252      0.210090995    
  0.210090995      0.427823782    
  0.427823782      0.338500261    
  0.338500261      0.887739062    
  0.887739062      0.653683066    
  0.653683066      0.983007789    
  0.983007789      0.299297333    
  0.299297333      0.255554974    
  0.255554974      0.447186530    
  0.447186530      0.766121924    
  0.766121924      0.252695501    
  0.252695501      0.278621554    
  0.278621554      0.544182301    
  0.544182301      0.295382917    
  0.295382917      0.328151226    
  0.328151226      0.520648599    
  0.520648599      0.667528987    
  0.667528987      0.102879524    
  0.102879524      0.394699812    
  0.394699812      0.599811375    
  0.599811375      0.351036310    
  0.351036310      0.783197105    
  0.783197105      0.241476178    
  0.241476178      0.385617971    
  0.385617971      0.352459729    
  0.352459729      0.277303457    
  0.277303457      0.575173259    
  0.575173259      0.895515382    
  0.895515382      0.940286934    
  0.940286934      0.892807662    
  0.892807662      0.930092692    
  0.930092692      0.520746648    
  0.520746648      0.935907185    
  0.935907185      0.412485003    
  0.412485003      0.378633976    
  0.378633976      0.223356068    
  0.223356068      0.465219021    
  0.465219021      0.313405335    
  0.313405335      0.654263914    
  0.654263914       5.75274229E-03
   5.75274229E-03  0.709787965    
  0.709787965       2.51072645E-02
   2.51072645E-02  0.347090065    
  0.347090065      0.883978486    
  0.883978486      0.544527650    
  0.544527650      0.727243125    
  0.727243125      0.168740213    
  0.168740213      0.272778034    
  0.272778034      0.180748463    
  0.180748463      0.639991462    
  0.639991462      0.900186300    
  0.900186300      0.599809408    
  0.599809408      0.646700919    
  0.646700919      0.383018851    
  0.383018851      0.658909202    
  0.658909202      0.913182199    
  0.913182199      0.223014593    
  0.223014593      0.143407285    
  0.143407285      0.166413724    
  0.166413724      0.511109114    
  0.511109114      0.663500547    
  0.663500547      0.669254899    
  0.669254899      0.572373152    
  0.572373152      0.611520052    
  0.611520052      0.223626316    
  0.223626316      0.791529834    
  0.791529834      0.214423954    
  0.214423954      0.482903540    
  0.482903540      0.794820011    
  0.794820011      0.929898858    
  0.929898858      0.461905420    
  0.461905420      0.374082923    
  0.374082923      0.529487789    
  0.529487789      0.157069206    
  0.157069206      0.203436494    
  0.203436494      0.305022001    
  0.305022001      0.674964905    
  0.674964905      0.853007257    
  0.853007257      0.786732733    
  0.786732733      0.350132585    
  0.350132585      0.718914747    
  0.718914747      0.752507567    
  0.752507567      0.176689565    
  0.176689565      0.223717451    
  0.223717451      0.153466582    
  0.153466582      0.602687299    
  0.602687299      0.195751429    
  0.195751429      0.751668394    
  0.751668394      0.807905018    
  0.807905018      0.899591267    
  0.899591267      0.106551528    
  0.106551528      0.262576699    
  0.262576699      0.166997254    
  0.166997254       7.57011175E-02
   7.57011175E-02  0.308243752    
  0.308243752      0.187038839    
  0.187038839      0.673753917    
  0.673753917      0.411710739    
  0.411710739      0.180675387    
  0.180675387       7.32648373E-03
   7.32648373E-03  0.216121137    
  0.216121137      0.775517464    
  0.775517464      0.825561047    
  0.825561047      0.898187101    
  0.898187101      0.741652369    
  0.741652369      0.349889576    
  0.349889576      0.257225573    
  0.257225573      0.443359077    
  0.443359077      0.981439590    
  0.981439590       3.24032307E-02
   3.24032307E-02  0.840717614    
  0.840717614      0.225389540    
  0.225389540      0.952363133    
  0.952363133      0.937251329    
  0.937251329      0.516328096    
  0.516328096      0.100063443    
  0.100063443      0.494558215    
  0.494558215      0.592003405    
  0.592003405      0.698575795    
  0.698575795      0.638632178    
  0.638632178      0.607138395    
  0.607138395      0.568151653    
  0.568151653      0.302488267    
  0.302488267      0.868078649    
  0.868078649       7.29697943E-02
   7.29697943E-02  0.389697254    
  0.389697254      0.822784543    
  0.822784543      0.290960431    
  0.290960431       9.16154981E-02
   9.16154981E-02  0.574820697    
  0.574820697      0.777032912    
  0.777032912      0.790170789    
  0.790170789       8.49598646E-03
   8.49598646E-03  0.266719460    
  0.266719460      0.282039404    
  0.282039404       1.30238533E-02
   1.30238533E-02  0.506053627    
  0.506053627      0.163428426    
  0.163428426      0.964932084    
  0.964932084      0.776453614    
  0.776453614      0.347249985    
  0.347249985      0.264959395    
  0.264959395       6.54076934E-02
   6.54076934E-02  0.460450649    
  0.460450649      0.386715174    
  0.386715174      0.712244689    
  0.712244689      0.606217742    
  0.606217742      0.998796523    
  0.998796523      0.484070241    
  0.484070241      0.713870585    
  0.713870585      0.559583664    
  0.559583664      0.695190430    
  0.695190430      0.802956045    
  0.802956045      0.588547349    
  0.588547349       2.13367939E-02
   2.13367939E-02  0.721396983    
  0.721396983      0.501462936    
  0.501462936      0.630756557    
  0.630756557      0.450856566    
  0.450856566      0.542234719    
  0.542234719       6.21697903E-02
   6.21697903E-02  0.857327104    
  0.857327104      0.888230860    
  0.888230860      0.299787939    
  0.299787939      0.198652387    
  0.198652387       6.28918409E-03
   6.28918409E-03  0.774132311    
  0.774132311      0.109792054    
  0.109792054      0.768388748    
  0.768388748      0.139209330    
  0.139209330      0.458549440    
  0.458549440      0.314412236    
  0.314412236      0.327580988    
  0.327580988      0.468435645    
  0.468435645      0.911026716    
  0.911026716      0.166696727    
  0.166696727      0.161376834    
  0.161376834      0.778844476    
  0.778844476      0.995020509    
  0.995020509      0.549912930    
  0.549912930      0.340978503    
  0.340978503      0.124000728    
  0.124000728       9.88960862E-02
   9.88960862E-02  0.886035442    
  0.886035442      0.248136699    
  0.248136699       5.43304682E-02
   5.43304682E-02  0.552216172    
  0.552216172      0.189623058    
  0.189623058      0.497513056    
  0.497513056      0.156473339    
  0.156473339      0.876525939    
  0.876525939      0.812269628    
  0.812269628      0.928815305    
  0.928815305      0.870643616    
  0.870643616       7.20434785E-02
   7.20434785E-02   7.32282400E-02
   7.32282400E-02  0.882925808    
  0.882925808      0.390265405    
  0.390265405      0.468364298    
  0.468364298      0.860057712    
  0.860057712      0.147052169    
  0.147052169      0.306979895    
  0.306979895      0.465983748    
  0.465983748      0.426156759    
  0.426156759      0.515783131    
  0.515783131      0.867729843    
  0.867729843      0.518047631    
  0.518047631      0.995748222    
  0.995748222      0.174307704    
  0.174307704      0.590824962    
  0.590824962      0.770212889    
  0.770212889      0.871768892    
  0.871768892      0.159372628    
  0.159372628      0.647806823    
  0.647806823      0.449085414    
  0.449085414       3.91768813E-02
   3.91768813E-02  0.506634057    
  0.506634057      0.942532122    
  0.942532122      0.115800917    
  0.115800917       5.63073754E-02
   5.63073754E-02  0.419298351    
  0.419298351      0.624542296    
  0.624542296      0.176365614    
  0.176365614      0.953191221    
  0.953191221      0.112599552    
  0.112599552      0.380792201    
  0.380792201      0.856296003    
  0.856296003      0.423242152    
  0.423242152      0.706038177    
  0.706038177      0.364370525    
  0.364370525       9.80804563E-02
   9.80804563E-02  0.717716515    
  0.717716515      0.687788904    
  0.687788904      0.497542799    
  0.497542799      0.477966070    
  0.477966070       9.58324075E-02
   9.58324075E-02  0.311503530    
  0.311503530      0.493964612    
  0.493964612      0.615196228    
  0.615196228       8.15500021E-02
   8.15500021E-02  0.810758293    
  0.810758293      0.530241072    
  0.530241072      0.933759928    
  0.933759928      0.270628273    
  0.270628273      0.775099933    
  0.775099933      0.918640256    
  0.918640256       2.02330351E-02
   2.02330351E-02  0.603592813    
  0.603592813      0.776405632    
  0.776405632      0.130463779    
  0.130463779      0.884003043    
  0.884003043      0.642637789    
  0.642637789       9.54970121E-02
   9.54970121E-02  0.675870299    
  0.675870299      0.177117229    
  0.177117229      0.102106392    
  0.102106392      0.350749433    
  0.350749433      0.123398185    
  0.123398185      0.959654272    
  0.959654272      0.518622577    
  0.518622577      0.355060041    
  0.355060041       1.33993626E-02
   1.33993626E-02  0.480946302    
  0.480946302      0.228679657    
  0.228679657       1.91331506E-02
   1.91331506E-02  0.422223151    
  0.422223151      0.332824528    
  0.332824528      0.447695911    
  0.447695911      0.628320336    
  0.628320336       8.94370675E-02
   8.94370675E-02  0.755798221    
  0.755798221      0.660507143    
  0.660507143      0.660675168    
  0.660675168      0.428634822    
  0.428634822      0.925415218    
  0.925415218      0.814839780    
  0.814839780      0.750098348    
  0.750098348      0.324604273    
  0.324604273      0.104182661    
  0.104182661      0.722245872    
  0.722245872      0.330064535    
  0.330064535      0.275326371    
  0.275326371      0.638667583    
  0.638667583      0.569460034    
  0.569460034      0.485435963    
  0.485435963      0.481013358    
  0.481013358      0.516688943    
  0.516688943      0.987598717    
  0.987598717      0.950048387    
  0.950048387      0.192272067    
  0.192272067      0.602001011    
  0.602001011      0.732461154    
  0.732461154      0.863562942    
  0.863562942      0.795670688    
  0.795670688      0.284756184    
  0.284756184      0.431658387    
  0.431658387      0.643925607    
  0.643925607      0.161459684    
  0.161459684      0.968482316    
  0.968482316      0.359736264    
  0.359736264      0.721025288    
  0.721025288      0.661093891    
  0.661093891      0.126129627    
  0.126129627      0.606891513    
  0.606891513      0.811755657    
  0.811755657      0.262062669    
  0.262062669      0.348797143    
  0.348797143      0.198384345    
  0.198384345      0.715902627    
  0.715902627      0.296653032    
  0.296653032      0.993558407    
  0.993558407      0.724154055    
  0.724154055      0.574322164    
  0.574322164      0.819237351    
  0.819237351      0.178513288    
  0.178513288      0.136426151    
  0.136426151      0.496772289    
  0.496772289      0.880799115    
  0.880799115      0.328693926    
  0.328693926      0.335403919    
  0.335403919      0.664955080    
  0.664955080      0.233077466    
  0.233077466      0.913579643    
  0.913579643       5.42413592E-02
   5.42413592E-02  0.211314917    
  0.211314917      0.402361333    
  0.402361333      0.896148086    
  0.896148086      0.487075925    
  0.487075925      0.988387465    
  0.988387465      0.281427145    
  0.281427145      0.521960080    
  0.521960080      0.743469059    
  0.743469059      0.679207563    
  0.679207563      0.239568949    
  0.239568949      0.294074774    
  0.294074774      0.115426838    
  0.115426838      0.863971770    
  0.863971770      0.935486555    
  0.935486555      0.377238989    
  0.377238989      0.434589684    
  0.434589684      0.732458949    
  0.732458949      0.679600596    
  0.679600596      0.448842585    
  0.448842585      0.864662051    
  0.864662051      0.236943364    
  0.236943364      0.126383901    
  0.126383901      0.767512083    
  0.767512083      0.831892610    
  0.831892610      0.917527914    
  0.917527914       1.07003450E-02
   1.07003450E-02  0.429397225    
  0.429397225      0.190448940    
  0.190448940      0.125557721    
  0.125557721      0.378571570    
  0.378571570      0.227867126    
  0.227867126      0.888861775    
  0.888861775      0.155535817    
  0.155535817      0.166442692    
  0.166442692      0.898543715    
  0.898543715      0.358596027    
  0.358596027      0.685235679    
  0.685235679      0.549101353    
  0.549101353       8.63867998E-02
   8.63867998E-02  0.586599648    
  0.586599648      0.329517126    
  0.329517126      0.648589611    
  0.648589611      0.918514848    
  0.918514848      0.127980828    
  0.127980828      0.468303561    
  0.468303561      0.122792482    
  0.122792482      0.638910234    
  0.638910234      0.147709072    
  0.147709072      0.615407825    
  0.615407825      0.574089766    
  0.574089766      0.302676797    
  0.302676797      0.988070488    
  0.988070488      0.966172934    
  0.966172934      0.309842467    
  0.309842467      0.845647991    
  0.845647991      0.829784870    
  0.829784870      0.885573745    
  0.885573745      0.117298484    
  0.117298484      0.915836990    
  0.915836990       4.91878986E-02
   4.91878986E-02  0.102130473    
  0.102130473      0.913079798    
  0.913079798      0.464399934    
  0.464399934      0.922761202    
  0.922761202      0.347338021    
  0.347338021       1.34353042E-02
   1.34353042E-02  0.977570474    
  0.977570474      0.146164417    
  0.146164417      0.603954375    
  0.603954375      0.190076113    
  0.190076113      0.778251886    
  0.778251886       2.89180875E-02
   2.89180875E-02  0.597746968    
  0.597746968      0.217546821    
  0.217546821      0.150359750    
  0.150359750      0.526304245    
  0.526304245      0.250934601    
  0.250934601      0.740032494    
  0.740032494      0.333248496    
  0.333248496      0.692485213    
  0.692485213      0.935394824    
  0.935394824      0.211320281    
  0.211320281      0.343954682    
  0.343954682      0.352269292    
  0.352269292       4.30427790E-02
   4.30427790E-02  0.565884650    
  0.565884650      0.568379998    
  0.568379998      0.775366902    
  0.775366902      0.366589010    
  0.366589010      0.486550093    
  0.486550093      0.684848845    
  0.684848845      0.387666166    
  0.387666166      0.297194123    
  0.297194123      0.907852173    
  0.907852173      0.640923262    
  0.640923262      0.624843776    
  0.624843776      0.521500528    
  0.521500528      0.101607561    
  0.101607561      0.949914575    
  0.949914575       4.14388180E-02
   4.14388180E-02  0.737224281    
  0.737224281       5.63309789E-02
   5.63309789E-02  0.514036655    
  0.514036655      0.290075600    
  0.290075600      0.522548199    
  0.522548199      0.397864938    
  0.397864938      0.549636364    
  0.549636364      0.157672882    
  0.157672882      0.730674565    
  0.730674565      0.470422745    
  0.470422745      0.426901400    
  0.426901400      0.376966715    
  0.376966715      0.486572683    
  0.486572683      0.219350159    
  0.219350159      0.949131787    
  0.949131787      0.388158262    
  0.388158262      0.357081532    
  0.357081532      0.114421666    
  0.114421666      0.779603839    
  0.779603839      0.393343091    
  0.393343091      0.659652114    
  0.659652114      0.535904765    
  0.535904765      0.464859009    
  0.464859009      0.898742139    
  0.898742139       1.05302334E-02
   1.05302334E-02  0.508853257    
  0.508853257      0.317634642    
  0.317634642      0.488443911    
  0.488443911      0.610246420    
  0.610246420      0.234324872    
  0.234324872      0.252407014    
  0.252407014      0.693400681    
  0.693400681      0.464871168    
  0.464871168      0.704759181    
  0.704759181      0.859989047    
  0.859989047      0.264848769    
  0.264848769      0.700802863    
  0.700802863      0.796495199    
  0.796495199      0.434188604    
  0.434188604      0.457622468    
  0.457622468       1.01527572E-02
   1.01527572E-02  0.450863540    
  0.450863540      0.103051722    
  0.103051722      0.324509919    
  0.324509919      0.988131225    
  0.988131225      0.417549908    
  0.417549908      0.727204323    
  0.727204323      0.364072442    
  0.364072442      0.908932328    
  0.908932328      0.277141154    
  0.277141154      0.446725488    
  0.446725488      0.606880665    
  0.606880665      0.156361580    
  0.156361580      0.919963717    
  0.919963717      0.719664037    
  0.719664037      0.170539558    
  0.170539558      0.839921057    
  0.839921057      0.268750608    
  0.268750608      0.699490249    
  0.699490249      0.709351420    
  0.709351420       7.87857175E-02
   7.87857175E-02  0.789903224    
  0.789903224      0.276347220    
  0.276347220      0.268952608    
  0.268952608      0.947083056    
  0.947083056      0.155423045    
  0.155423045      0.444042981    
  0.444042981      0.240996301    
  0.240996301      0.473894894    
  0.473894894      0.781800568    
  0.781800568      0.752183795    
  0.752183795      0.756727636    
  0.756727636      0.198808074    
  0.198808074       8.16863775E-03
   8.16863775E-03  0.318527579    
  0.318527579      0.886130095    
  0.886130095      0.468668699    
  0.468668699      0.520696104    
  0.520696104      0.911398649    
  0.911398649      0.686048031    
  0.686048031      0.332955897    
  0.332955897      0.312112510    
  0.312112510       8.44997764E-02
   8.44997764E-02  0.718303561    
  0.718303561      0.841395497    
  0.841395497      0.385153830    
  0.385153830      0.312310815    
  0.312310815       4.95441556E-02
   4.95441556E-02  0.163124502    
  0.163124502      0.670026481    
